seed,step,repeat,instance_id,input_sha256,protocol_sha256,source_sha256,conic_run_id,conic_physical_ok,conic_complete_ok,conic_status,conic_timeout,conic_root_status,conic_actual_root_source,conic_factor_iterations,conic_clarabel_iterations_known,conic_factor_fallback,conic_T_physical_return,conic_T_complete_return,conic_T_total,conic_objective_interval_width,conic_recovery_attempted,conic_recovery_success,conic_projected_collision_status,conic_exact_minimum_clearance,conic_workspace_result,conic_derivative_result,conic_T_build,conic_T_root,conic_T_projection,conic_T_recovery,conic_T_physical_cert,conic_T_objective_cert,conic_recovery_amplitude,conic_recovery_direction,conic_exact_objective_interval,conic_trajectory_energy_exact,factor_run_id,factor_physical_ok,factor_complete_ok,factor_status,factor_timeout,factor_root_status,factor_actual_root_source,factor_factor_iterations,factor_clarabel_iterations_known,factor_factor_fallback,factor_T_physical_return,factor_T_complete_return,factor_T_total,factor_objective_interval_width,factor_recovery_attempted,factor_recovery_success,factor_projected_collision_status,factor_exact_minimum_clearance,factor_workspace_result,factor_derivative_result,factor_T_build,factor_T_root,factor_T_projection,factor_T_recovery,factor_T_physical_cert,factor_T_objective_cert,factor_recovery_amplitude,factor_recovery_direction,factor_exact_objective_interval,factor_trajectory_energy_exact,delta_physical_ms,delta_complete_ms
31000,0,0,31000_0,6963e6d1eada8b8d46b833ab8cf67ae633db0733cbf5503750270170b521b54d,fdd937a50ec8c4a28c62f2b1ec78ba15e46c7a39d0a01c699522bffc62cd1f36,39c75ee513e4a6561ba26d5df93519b85af6c42334b4156a9f8301ebc5e3b0b2,A_r0_s31000_t0_conic,True,True,COMPLETE_SUCCESS,False,optimal,conic,0,28,False,95.94874999311287,134.20049999695038,134.20316699921386,3.5937123558598338e-06,False,False,NO_NEGATIVE_WITNESS_FOUND,141399/9007199254740992,True,True,34.815332997823134,52.33312500058673,0.32266600464936346,2.772542000457179,5.153042002348229,37.704458001826424,"[""0"",""1""]","{""axis"":null,""sign"":null}","{""lower"":[""2384231500935200489201140305509955088716762924792684758198321915823437196945257099622256261666494844255286296869940876907910315824049433554576668349046776653661384836909051192992704275325433547933565838634303180285669361658107287248333803132419741836523204445621298267042167811628918897719225895402798420360083473700127"",""147323063086283003506605519939228685837557420069036508468523445413128637522897397238419351397017778128589321390202021881240210221782043382344881928948551962407434211202873620655089297854383595782011341551613206126367480685214112322046325447110458297589994463578861203156153871787550292797795876763234786734868539637760""],""ok"":true,""upper"":[""323374048170813095742164445225941885451424641421"",""19981467697883438334816003572292931909358452736""]}","[""7227973225761850770649367881237868481611"",""446620606583731733295679172254195777536""]",A_r0_s31000_t0_factor,True,True,COMPLETE_SUCCESS,False,optimal,conic,0,28,True,93.85170799941989,127.68595800298499,127.69058300182223,3.5937123558598338e-06,False,False,NO_NEGATIVE_WITNESS_FOUND,141399/9007199254740992,True,True,32.84250000433531,52.35204199561849,0.32091700268210843,2.586458002042491,5.114041996421292,33.14916700037429,"[""0"",""1""]","{""axis"":null,""sign"":null}","{""lower"":[""2384231500935200489201140305509955088716762924792684758198321915823437196945257099622256261666494844255286296869940876907910315824049433554576668349046776653661384836909051192992704275325433547933565838634303180285669361658107287248333803132419741836523204445621298267042167811628918897719225895402798420360083473700127"",""147323063086283003506605519939228685837557420069036508468523445413128637522897397238419351397017778128589321390202021881240210221782043382344881928948551962407434211202873620655089297854383595782011341551613206126367480685214112322046325447110458297589994463578861203156153871787550292797795876763234786734868539637760""],""ok"":true,""upper"":[""323374048170813095742164445225941885451424641421"",""19981467697883438334816003572292931909358452736""]}","[""7227973225761850770649367881237868481611"",""446620606583731733295679172254195777536""]",-2.097041993692983,-6.514541993965395
31000,0,1,31000_0,6963e6d1eada8b8d46b833ab8cf67ae633db0733cbf5503750270170b521b54d,fdd937a50ec8c4a28c62f2b1ec78ba15e46c7a39d0a01c699522bffc62cd1f36,39c75ee513e4a6561ba26d5df93519b85af6c42334b4156a9f8301ebc5e3b0b2,A_r1_s31000_t0_conic,True,True,COMPLETE_SUCCESS,False,optimal,conic,0,28,False,93.45570800360292,128.0963330063969,128.1000830058474,3.5937123558598338e-06,False,False,NO_NEGATIVE_WITNESS_FOUND,141399/9007199254740992,True,True,33.60216700093588,51.09558399999514,0.30816700018476695,2.9205000028014183,4.976290998456534,33.8331249949988,"[""0"",""1""]","{""axis"":null,""sign"":null}","{""lower"":[""2384231500935200489201140305509955088716762924792684758198321915823437196945257099622256261666494844255286296869940876907910315824049433554576668349046776653661384836909051192992704275325433547933565838634303180285669361658107287248333803132419741836523204445621298267042167811628918897719225895402798420360083473700127"",""147323063086283003506605519939228685837557420069036508468523445413128637522897397238419351397017778128589321390202021881240210221782043382344881928948551962407434211202873620655089297854383595782011341551613206126367480685214112322046325447110458297589994463578861203156153871787550292797795876763234786734868539637760""],""ok"":true,""upper"":[""323374048170813095742164445225941885451424641421"",""19981467697883438334816003572292931909358452736""]}","[""7227973225761850770649367881237868481611"",""446620606583731733295679172254195777536""]",A_r1_s31000_t0_factor,True,True,COMPLETE_SUCCESS,False,optimal,conic,0,28,True,95.31554199929815,130.56158399558626,130.5637920013396,3.5937123558598338e-06,False,False,NO_NEGATIVE_WITNESS_FOUND,141399/9007199254740992,True,True,32.84449999773642,53.507667005760595,0.3158750041620806,2.736165995884221,5.174541998712812,34.60025000094902,"[""0"",""1""]","{""axis"":null,""sign"":null}","{""lower"":[""2384231500935200489201140305509955088716762924792684758198321915823437196945257099622256261666494844255286296869940876907910315824049433554576668349046776653661384836909051192992704275325433547933565838634303180285669361658107287248333803132419741836523204445621298267042167811628918897719225895402798420360083473700127"",""147323063086283003506605519939228685837557420069036508468523445413128637522897397238419351397017778128589321390202021881240210221782043382344881928948551962407434211202873620655089297854383595782011341551613206126367480685214112322046325447110458297589994463578861203156153871787550292797795876763234786734868539637760""],""ok"":true,""upper"":[""323374048170813095742164445225941885451424641421"",""19981467697883438334816003572292931909358452736""]}","[""7227973225761850770649367881237868481611"",""446620606583731733295679172254195777536""]",1.859833995695226,2.4652509891893715
31000,1,0,31000_1,ad1d8259b38d47d89d142860292e1437aa9b62fd27b5da179124bdd74a297ffe,fdd937a50ec8c4a28c62f2b1ec78ba15e46c7a39d0a01c699522bffc62cd1f36,39c75ee513e4a6561ba26d5df93519b85af6c42334b4156a9f8301ebc5e3b0b2,A_r0_s31000_t1_conic,True,True,COMPLETE_SUCCESS,False,optimal,conic,0,30,False,93.02179200312821,126.67787499958649,126.68045800091932,7.3905847661453915e-06,True,True,COLLISION_WITNESSED,420701153367/9007199254740992,True,True,0.0687080028001219,25.93929100112291,0.28333299997029826,62.94033300218871,3.0427089950535446,32.958124997094274,"[""1132327292462172068864270140053"",""1987810128824303230127521660928""]","{""axis"":1,""sign"":-1}","{""lower"":[""6292130373212554504876225433522919530519497620060880450922228019396116194635828812203043981380836877158799776340641755294068143714900162663537631823470289335065535881181775532841949259100580253752315828542251354166818263967033563269302294479152618248233546878029385854777486203333870438256469739675852681541973873"",""385703678393833161146248296701628679740974275249959124977213839154734951724107504358097559624479293891938642742088430149258752097499846332458768088114913512244754850095370511654669408024828793316065513853625910152486348351858261374598329576271666277434756359885952033288043343040787781649951469262220263056998400""],""ok"":true,""upper"":[""651930815311171594561120811246176411655053062647"",""39962935395766876669632007144585863818716905472""]}","[""5822480857875197206913530734936069777171942095498016648368359"",""324137387786665441690133938526244204387429435728916218118144""]",A_r0_s31000_t1_factor,True,True,COMPLETE_SUCCESS,False,optimal,conic,4,30,True,102.5315419974504,136.67687500128523,136.67991699912818,7.3905847661453915e-06,True,True,COLLISION_WITNESSED,420701153367/9007199254740992,True,True,0.06391699571395293,33.66604199982248,0.40554100269218907,64.2119999974966,2.936417004093528,33.085916002164595,"[""1132327292462172068864270140053"",""1987810128824303230127521660928""]","{""axis"":1,""sign"":-1}","{""lower"":[""6292130373212554504876225433522919530519497620060880450922228019396116194635828812203043981380836877158799776340641755294068143714900162663537631823470289335065535881181775532841949259100580253752315828542251354166818263967033563269302294479152618248233546878029385854777486203333870438256469739675852681541973873"",""385703678393833161146248296701628679740974275249959124977213839154734951724107504358097559624479293891938642742088430149258752097499846332458768088114913512244754850095370511654669408024828793316065513853625910152486348351858261374598329576271666277434756359885952033288043343040787781649951469262220263056998400""],""ok"":true,""upper"":[""651930815311171594561120811246176411655053062647"",""39962935395766876669632007144585863818716905472""]}","[""5822480857875197206913530734936069777171942095498016648368359"",""324137387786665441690133938526244204387429435728916218118144""]",9.509749994322192,9.999000001698732
31000,1,1,31000_1,ad1d8259b38d47d89d142860292e1437aa9b62fd27b5da179124bdd74a297ffe,fdd937a50ec8c4a28c62f2b1ec78ba15e46c7a39d0a01c699522bffc62cd1f36,39c75ee513e4a6561ba26d5df93519b85af6c42334b4156a9f8301ebc5e3b0b2,A_r1_s31000_t1_conic,True,True,COMPLETE_SUCCESS,False,optimal,conic,0,30,False,96.65204200427979,131.00491699879058,131.00779199885437,7.3905847661453915e-06,True,True,COLLISION_WITNESSED,420701153367/9007199254740992,True,True,0.06191700231283903,26.069624997035135,0.3242919992771931,66.24391699733678,2.9522920012823306,33.5602499981178,"[""1132327292462172068864270140053"",""1987810128824303230127521660928""]","{""axis"":1,""sign"":-1}","{""lower"":[""6292130373212554504876225433522919530519497620060880450922228019396116194635828812203043981380836877158799776340641755294068143714900162663537631823470289335065535881181775532841949259100580253752315828542251354166818263967033563269302294479152618248233546878029385854777486203333870438256469739675852681541973873"",""385703678393833161146248296701628679740974275249959124977213839154734951724107504358097559624479293891938642742088430149258752097499846332458768088114913512244754850095370511654669408024828793316065513853625910152486348351858261374598329576271666277434756359885952033288043343040787781649951469262220263056998400""],""ok"":true,""upper"":[""651930815311171594561120811246176411655053062647"",""39962935395766876669632007144585863818716905472""]}","[""5822480857875197206913530734936069777171942095498016648368359"",""324137387786665441690133938526244204387429435728916218118144""]",A_r1_s31000_t1_factor,True,True,COMPLETE_SUCCESS,False,optimal,conic,4,30,True,106.4124590047868,141.5195420049713,141.5231249993667,7.3905847661453915e-06,True,True,COLLISION_WITNESSED,420701153367/9007199254740992,True,True,0.06399999983841553,35.266708000563085,0.3200409992132336,66.33512499684002,3.259917000832502,33.82391699415166,"[""1132327292462172068864270140053"",""1987810128824303230127521660928""]","{""axis"":1,""sign"":-1}","{""lower"":[""6292130373212554504876225433522919530519497620060880450922228019396116194635828812203043981380836877158799776340641755294068143714900162663537631823470289335065535881181775532841949259100580253752315828542251354166818263967033563269302294479152618248233546878029385854777486203333870438256469739675852681541973873"",""385703678393833161146248296701628679740974275249959124977213839154734951724107504358097559624479293891938642742088430149258752097499846332458768088114913512244754850095370511654669408024828793316065513853625910152486348351858261374598329576271666277434756359885952033288043343040787781649951469262220263056998400""],""ok"":true,""upper"":[""651930815311171594561120811246176411655053062647"",""39962935395766876669632007144585863818716905472""]}","[""5822480857875197206913530734936069777171942095498016648368359"",""324137387786665441690133938526244204387429435728916218118144""]",9.760417000507005,10.514625006180722
31000,2,0,31000_2,cb52f868db74434a988ec566803da48a084044e97c5b6b9d37ae2cc65550015f,fdd937a50ec8c4a28c62f2b1ec78ba15e46c7a39d0a01c699522bffc62cd1f36,39c75ee513e4a6561ba26d5df93519b85af6c42334b4156a9f8301ebc5e3b0b2,A_r0_s31000_t2_conic,True,True,COMPLETE_SUCCESS,False,optimal,conic,0,28,False,86.54370900330832,149.66062500025146,149.66341700346675,1.4158259962455884e-06,True,True,COLLISION_WITNESSED,4201482455127/9007199254740992,True,True,0.06008399941492826,24.212374999478925,0.28191699675517157,58.296000002883375,2.9125000000931323,62.41816699912306,"[""264784116247244918056891031553"",""496952532206075807531880415232""]","{""axis"":1,""sign"":-1}","{""lower"":[""28223890709093555685779882866434169927285101389410577057774854015105054263476339543906999373805606021103701670627082386029086333990033402274457517000914819369164702456298223184567400565103607719501989711017130419797447968798205989441696898038753076423265703250245299653452675646231718216812342403614764767322906916151"",""1722595475050987865026025552990354526796499765353591324372498537265632177503102765467820847442520488586569355584056022085133808007034284430320009882687633321707412025037959221169616798787581871635689020344271998132078437938975683018834046900586736742806248453744311081894877457686778569898280214177478361667778641920""],""ok"":true,""upper"":[""1496624811406223910570534752915160794506210712491"",""91343852333181432387730302044767688728495783936""]}","[""117839425572827110580527405261589840001938255707633279436853"",""6752862245555530035211123719296754258071446577685754544128""]",A_r0_s31000_t2_factor,True,True,COMPLETE_SUCCESS,False,stationary,factor,4,0,False,66.38050000037765,97.77695799857611,97.7797500017914,1.5861819760071716e-08,True,True,COLLISION_WITNESSED,4205022439511/9007199254740992,True,True,0.059624995628837496,5.270458001177758,0.1822079939302057,57.31495800137054,2.7740000004996546,30.706375000590924,"[""264784054623988056030266574357"",""496952532206075807531880415232""]","{""axis"":1,""sign"":-1}","{""lower"":[""274485430136774325983359398476894142362330422362823199100617546772452202859187071114131687595931966544588001386875048201022885849607459452940240609844639335810197223866341336513742476994002562336131133296699178099142249785870908931823213383425874066808567840671495790235899722757342108006232127097315449390299111320277940138225629235098923"",""16752733505648352706558802732584810563929853326290625196355277828587128882411214336599149830829339042568800900801329195456024880213148339598728699860775208604559244821667270975199285682534721117693305766066636775699654982241712767521816378811260166918333603298112671886753949662873336062250039510822256976165352474721793342284979660390400""],""ok"":true,""upper"":[""1829415620194607420255622542344476131309"",""111655151645932933323919793063548944384""]}","[""353518300372451622053113464726131522349181025974223917100519"",""20258586736666590105633371157890262774214339733057263632384""]",-20.16320900293067,-51.88366700167535
31000,2,1,31000_2,cb52f868db74434a988ec566803da48a084044e97c5b6b9d37ae2cc65550015f,fdd937a50ec8c4a28c62f2b1ec78ba15e46c7a39d0a01c699522bffc62cd1f36,39c75ee513e4a6561ba26d5df93519b85af6c42334b4156a9f8301ebc5e3b0b2,A_r1_s31000_t2_conic,True,True,COMPLETE_SUCCESS,False,optimal,conic,0,28,False,87.81379200081574,122.80037500022445,122.80370799999218,1.4158259962455884e-06,True,True,COLLISION_WITNESSED,4201482455127/9007199254740992,True,True,0.0747500016586855,24.75962499738671,0.3115419967798516,59.0773750009248,2.732166998612229,34.07737499946961,"[""264784116247244918056891031553"",""496952532206075807531880415232""]","{""axis"":1,""sign"":-1}","{""lower"":[""28223890709093555685779882866434169927285101389410577057774854015105054263476339543906999373805606021103701670627082386029086333990033402274457517000914819369164702456298223184567400565103607719501989711017130419797447968798205989441696898038753076423265703250245299653452675646231718216812342403614764767322906916151"",""1722595475050987865026025552990354526796499765353591324372498537265632177503102765467820847442520488586569355584056022085133808007034284430320009882687633321707412025037959221169616798787581871635689020344271998132078437938975683018834046900586736742806248453744311081894877457686778569898280214177478361667778641920""],""ok"":true,""upper"":[""1496624811406223910570534752915160794506210712491"",""91343852333181432387730302044767688728495783936""]}","[""117839425572827110580527405261589840001938255707633279436853"",""6752862245555530035211123719296754258071446577685754544128""]",A_r1_s31000_t2_factor,True,True,COMPLETE_SUCCESS,False,stationary,factor,4,0,False,80.82066700444557,113.09779200382764,113.10037500516046,1.5861819760071716e-08,True,True,COLLISION_WITNESSED,4205022439511/9007199254740992,True,True,0.06737500370945781,5.540582998946775,0.1890419953269884,71.20991600095294,3.0036669995752163,31.457791999855544,"[""264784054623988056030266574357"",""496952532206075807531880415232""]","{""axis"":1,""sign"":-1}","{""lower"":[""274485430136774325983359398476894142362330422362823199100617546772452202859187071114131687595931966544588001386875048201022885849607459452940240609844639335810197223866341336513742476994002562336131133296699178099142249785870908931823213383425874066808567840671495790235899722757342108006232127097315449390299111320277940138225629235098923"",""16752733505648352706558802732584810563929853326290625196355277828587128882411214336599149830829339042568800900801329195456024880213148339598728699860775208604559244821667270975199285682534721117693305766066636775699654982241712767521816378811260166918333603298112671886753949662873336062250039510822256976165352474721793342284979660390400""],""ok"":true,""upper"":[""1829415620194607420255622542344476131309"",""111655151645932933323919793063548944384""]}","[""353518300372451622053113464726131522349181025974223917100519"",""20258586736666590105633371157890262774214339733057263632384""]",-6.99312499637017,-9.702582996396814
31000,3,0,31000_3,a9afec2a134cb80fb2f03e088c25477bfb4022380f2acd6044e0575ceb01140e,fdd937a50ec8c4a28c62f2b1ec78ba15e46c7a39d0a01c699522bffc62cd1f36,39c75ee513e4a6561ba26d5df93519b85af6c42334b4156a9f8301ebc5e3b0b2,A_r0_s31000_t3_conic,True,True,COMPLETE_SUCCESS,False,optimal,conic,0,30,False,88.3531250001397,121.88487499952316,121.88758399861399,3.2212584409347055e-06,True,True,COLLISION_WITNESSED,9285625360287/18014398509481984,True,True,0.091125002654735,25.283916998887435,0.28295799711486325,59.38837499707006,2.601209002023097,32.791249999718275,"[""209555280197261351486559261"",""242652603616247952896425984""]","{""axis"":1,""sign"":-1}","{""lower"":[""157010606898301916788366228414250039316066571744325673094989816185501714531680808311450111770373480198333308575594345465904804247416597618641598535421791911845337609724913423349390816509504037242751067602210198171823353015835715110221810390772446428910818280949558588463056171375311533070754096849066421020373311903483601"",""9606184252356306767384052113122368703208595570033007818691209441441303116875644165585804326135049409034819339874809456441754660118134003284312384551507013902209081733794368453284494743148597030838241471817490926903560712201004083514677695535818754817865814096880283364865900456538549736985569557997800065219944586936320""],""ok"":true,""upper"":[""1959552038053312530179139347170863200966987230361"",""119888806187300630008896021433757591456150716416""]}","[""12431709584877114109177329519213627755994149166560753"",""690003352051686903600466972006738620969715790512128""]",A_r0_s31000_t3_factor,True,True,COMPLETE_SUCCESS,False,optimal,conic,5,30,True,97.69058299571043,132.26866599870846,132.27075000031618,3.2212584409347055e-06,True,True,COLLISION_WITNESSED,9285625360287/18014398509481984,True,True,0.06387499888660386,33.56620800332166,0.3008339990628883,59.957249999570195,2.8184160037199035,33.46208299626596,"[""209555280197261351486559261"",""242652603616247952896425984""]","{""axis"":1,""sign"":-1}","{""lower"":[""157010606898301916788366228414250039316066571744325673094989816185501714531680808311450111770373480198333308575594345465904804247416597618641598535421791911845337609724913423349390816509504037242751067602210198171823353015835715110221810390772446428910818280949558588463056171375311533070754096849066421020373311903483601"",""9606184252356306767384052113122368703208595570033007818691209441441303116875644165585804326135049409034819339874809456441754660118134003284312384551507013902209081733794368453284494743148597030838241471817490926903560712201004083514677695535818754817865814096880283364865900456538549736985569557997800065219944586936320""],""ok"":true,""upper"":[""1959552038053312530179139347170863200966987230361"",""119888806187300630008896021433757591456150716416""]}","[""12431709584877114109177329519213627755994149166560753"",""690003352051686903600466972006738620969715790512128""]",9.33745799557073,10.383790999185294
31000,3,1,31000_3,a9afec2a134cb80fb2f03e088c25477bfb4022380f2acd6044e0575ceb01140e,fdd937a50ec8c4a28c62f2b1ec78ba15e46c7a39d0a01c699522bffc62cd1f36,39c75ee513e4a6561ba26d5df93519b85af6c42334b4156a9f8301ebc5e3b0b2,A_r1_s31000_t3_conic,True,True,COMPLETE_SUCCESS,False,optimal,conic,0,30,False,90.81862500170246,125.53716600086773,125.54012500186218,3.2212584409347055e-06,True,True,COLLISION_WITNESSED,9285625360287/18014398509481984,True,True,0.07525000546593219,25.669083996035624,0.30979199800640345,61.10945899854414,2.843792004568968,33.932416001334786,"[""209555280197261351486559261"",""242652603616247952896425984""]","{""axis"":1,""sign"":-1}","{""lower"":[""157010606898301916788366228414250039316066571744325673094989816185501714531680808311450111770373480198333308575594345465904804247416597618641598535421791911845337609724913423349390816509504037242751067602210198171823353015835715110221810390772446428910818280949558588463056171375311533070754096849066421020373311903483601"",""9606184252356306767384052113122368703208595570033007818691209441441303116875644165585804326135049409034819339874809456441754660118134003284312384551507013902209081733794368453284494743148597030838241471817490926903560712201004083514677695535818754817865814096880283364865900456538549736985569557997800065219944586936320""],""ok"":true,""upper"":[""1959552038053312530179139347170863200966987230361"",""119888806187300630008896021433757591456150716416""]}","[""12431709584877114109177329519213627755994149166560753"",""690003352051686903600466972006738620969715790512128""]",A_r1_s31000_t3_factor,True,True,COMPLETE_SUCCESS,False,optimal,conic,5,30,True,100.2206670018495,135.0185839983169,135.0214589983807,3.2212584409347055e-06,True,True,COLLISION_WITNESSED,9285625360287/18014398509481984,True,True,0.07124999683583155,34.22462500020629,0.34516600135248154,61.61204200179782,2.7834580032504164,33.63362499658251,"[""209555280197261351486559261"",""242652603616247952896425984""]","{""axis"":1,""sign"":-1}","{""lower"":[""157010606898301916788366228414250039316066571744325673094989816185501714531680808311450111770373480198333308575594345465904804247416597618641598535421791911845337609724913423349390816509504037242751067602210198171823353015835715110221810390772446428910818280949558588463056171375311533070754096849066421020373311903483601"",""9606184252356306767384052113122368703208595570033007818691209441441303116875644165585804326135049409034819339874809456441754660118134003284312384551507013902209081733794368453284494743148597030838241471817490926903560712201004083514677695535818754817865814096880283364865900456538549736985569557997800065219944586936320""],""ok"":true,""upper"":[""1959552038053312530179139347170863200966987230361"",""119888806187300630008896021433757591456150716416""]}","[""12431709584877114109177329519213627755994149166560753"",""690003352051686903600466972006738620969715790512128""]",9.402042000147048,9.48141799744917
31000,4,0,31000_4,76430d5efde0b718d8a7860b3be6e6b21fef1bf2380fb50f61db359783d9db79,fdd937a50ec8c4a28c62f2b1ec78ba15e46c7a39d0a01c699522bffc62cd1f36,39c75ee513e4a6561ba26d5df93519b85af6c42334b4156a9f8301ebc5e3b0b2,A_r0_s31000_t4_conic,True,True,COMPLETE_SUCCESS,False,optimal,conic,0,36,False,97.14812499441905,131.9635420004488,131.96645800053375,5.54234650265539e-06,True,True,COLLISION_WITNESSED,338473578399/18014398509481984,True,True,0.062457998865284026,29.223957993963268,0.29233300301712006,64.06150000111666,2.774666005279869,34.04787500039674,"[""837565492970244257324253783"",""970610414464991811585703936""]","{""axis"":1,""sign"":-1}","{""lower"":[""6368214987856434958786143893886659571989710972353830432925923231345419665410156176766271513694135588421816531127350077327388503094788538991039209714967505265238419691044134214306610384159146290564774041705856767683877301354805717140465301526056605780938099078399986347061937264894837259284904650788839087612541051582491"",""390868800352238950717059247435701762941072692703021032846437657010813738881404464277117311879220770337943704207962779181224771215432144423411783826161240448850597126790692134219544461108760942105584999461390412222804872387370226494848423515059150041846161932026681586070879284345506498799995873641863652680164387586048""],""ok"":true,""upper"":[""1302189637492882872342482547252984799576924667339"",""79925870791533753339264014289171727637433810944""]}","[""465626889048319964268081103627096680972281138511463557"",""25760125143262977734417433621584908516202722845786112""]",A_r0_s31000_t4_factor,True,True,COMPLETE_SUCCESS,False,stationary,factor,7,0,False,46.64216699893586,96.00279199366923,96.00562499690568,1.4278553051378845e-08,False,False,NO_NEGATIVE_WITNESS_FOUND,-4193/18014398509481984,True,True,0.08408400026382878,7.843458006391302,0.20304200006648898,5.556999996770173,32.39570799632929,48.80787499860162,"[""0"",""1""]","{""axis"":null,""sign"":null}","{""lower"":[""11262040760876576859441244362612499915580152533990831854080803943146053178807027606818362528217511418594390660880310322623446459302668249241637112690516260040476045965496003323464010683976537511427767968369922011996324450894986662102661156959073809498228823158009058185229221819716175015749532413359939464059326090987315471183827228357705642243173"",""691242189076247429679213629467454872139682329135685501304086456693403717656567452767547244562785472924408339975181475209444545117001239246226445168653132664948325871487932616324602278124954850846500404433661719284573537245131380674958404605364660210548553142726790023892602885949023975111833530748143421341360308515483698663034451095084010045440""],""ok"":true,""upper"":[""15045841359682640333677719601370561377037304565939020675113365667160856722065129809074415643715028039412576268088741"",""923484520227995606537790002347115948556556389151533906280038126662009104019465873705021865348865210331405343522816""]}","[""3638275816992058538237758192530009210853"",""223310303291865866647839586127097888768""]",-50.505957995483186,-35.96075000677956
31000,4,1,31000_4,76430d5efde0b718d8a7860b3be6e6b21fef1bf2380fb50f61db359783d9db79,fdd937a50ec8c4a28c62f2b1ec78ba15e46c7a39d0a01c699522bffc62cd1f36,39c75ee513e4a6561ba26d5df93519b85af6c42334b4156a9f8301ebc5e3b0b2,A_r1_s31000_t4_conic,True,True,COMPLETE_SUCCESS,False,optimal,conic,0,36,False,98.50970799743664,132.92583300062688,132.92870800069068,5.54234650265539e-06,True,True,COLLISION_WITNESSED,338473578399/18014398509481984,True,True,0.059042002249043435,29.017499997280538,0.29674999677808955,65.44341600238113,2.8190410012030043,33.593915999517776,"[""837565492970244257324253783"",""970610414464991811585703936""]","{""axis"":1,""sign"":-1}","{""lower"":[""6368214987856434958786143893886659571989710972353830432925923231345419665410156176766271513694135588421816531127350077327388503094788538991039209714967505265238419691044134214306610384159146290564774041705856767683877301354805717140465301526056605780938099078399986347061937264894837259284904650788839087612541051582491"",""390868800352238950717059247435701762941072692703021032846437657010813738881404464277117311879220770337943704207962779181224771215432144423411783826161240448850597126790692134219544461108760942105584999461390412222804872387370226494848423515059150041846161932026681586070879284345506498799995873641863652680164387586048""],""ok"":true,""upper"":[""1302189637492882872342482547252984799576924667339"",""79925870791533753339264014289171727637433810944""]}","[""465626889048319964268081103627096680972281138511463557"",""25760125143262977734417433621584908516202722845786112""]",A_r1_s31000_t4_factor,True,True,COMPLETE_SUCCESS,False,stationary,factor,7,0,False,28.19729199836729,78.19166699482594,78.19470899994485,1.4278553051378845e-08,False,False,NO_NEGATIVE_WITNESS_FOUND,-4193/18014398509481984,True,True,0.07683399599045515,7.896875002188608,0.19795799744315445,5.56937499641208,13.889583002310246,49.41374999907566,"[""0"",""1""]","{""axis"":null,""sign"":null}","{""lower"":[""11262040760876576859441244362612499915580152533990831854080803943146053178807027606818362528217511418594390660880310322623446459302668249241637112690516260040476045965496003323464010683976537511427767968369922011996324450894986662102661156959073809498228823158009058185229221819716175015749532413359939464059326090987315471183827228357705642243173"",""691242189076247429679213629467454872139682329135685501304086456693403717656567452767547244562785472924408339975181475209444545117001239246226445168653132664948325871487932616324602278124954850846500404433661719284573537245131380674958404605364660210548553142726790023892602885949023975111833530748143421341360308515483698663034451095084010045440""],""ok"":true,""upper"":[""15045841359682640333677719601370561377037304565939020675113365667160856722065129809074415643715028039412576268088741"",""923484520227995606537790002347115948556556389151533906280038126662009104019465873705021865348865210331405343522816""]}","[""3638275816992058538237758192530009210853"",""223310303291865866647839586127097888768""]",-70.31241599906934,-54.734166005800944
31000,5,0,31000_5,7c5430aa0b73af2254e0eaa6da6741beed01c5677e99e52ff463cab01276f3ce,fdd937a50ec8c4a28c62f2b1ec78ba15e46c7a39d0a01c699522bffc62cd1f36,39c75ee513e4a6561ba26d5df93519b85af6c42334b4156a9f8301ebc5e3b0b2,A_r0_s31000_t5_conic,True,True,COMPLETE_SUCCESS,False,optimal,conic,0,29,False,79.26004200271564,113.03350000525825,113.03650000627385,5.770566336451836e-06,True,True,COLLISION_WITNESSED,36065210271/18014398509481984,True,True,0.06150000263005495,24.337791997822933,0.2748749975580722,51.150083003449254,2.716832997975871,33.03112499997951,"[""104483762294962706580505383"",""121326301808123976448212992""]","{""axis"":1,""sign"":-1}","{""lower"":[""8895877073882719055398346565041884286403915308357530017517598565277280407788271301944654174105835606526198851496884430109007275797616383920647406706071093905414355016966235003438961005481361012407237309604275477756059376529836636134170362079167424962040065462856763242889346415949452892619973249993686128753777958961559"",""546131259222917263129654221967646097617107252929900623050142734629010501008826123741994253334185965818597071490623449137305923548566311243435741060722471744556061883749335983312816213893583601651065217830942853619633156590887958199809620202025727705441198258791607273998505642885030798650031440854496940302033569710080""],""ok"":true,""upper"":[""7811429521337280441785338846036895857856619376909"",""479555224749202520035584085735030365824602865664""]}","[""21546962996420767674776516169442870070095616852627969"",""1207505866090452081300817201011792586697002633396224""]",A_r0_s31000_t5_factor,True,True,COMPLETE_SUCCESS,False,optimal,conic,4,29,True,92.29125000274507,126.32224999833852,126.32516700250562,5.770566336451836e-06,True,True,COLLISION_WITNESSED,36065210271/18014398509481984,True,True,0.06766700244043022,34.640541998669505,0.31491600384470075,53.500209003686905,2.637208002852276,32.95458300272003,"[""104483762294962706580505383"",""121326301808123976448212992""]","{""axis"":1,""sign"":-1}","{""lower"":[""8895877073882719055398346565041884286403915308357530017517598565277280407788271301944654174105835606526198851496884430109007275797616383920647406706071093905414355016966235003438961005481361012407237309604275477756059376529836636134170362079167424962040065462856763242889346415949452892619973249993686128753777958961559"",""546131259222917263129654221967646097617107252929900623050142734629010501008826123741994253334185965818597071490623449137305923548566311243435741060722471744556061883749335983312816213893583601651065217830942853619633156590887958199809620202025727705441198258791607273998505642885030798650031440854496940302033569710080""],""ok"":true,""upper"":[""7811429521337280441785338846036895857856619376909"",""479555224749202520035584085735030365824602865664""]}","[""21546962996420767674776516169442870070095616852627969"",""1207505866090452081300817201011792586697002633396224""]",13.031208000029437,13.288749993080273
31000,5,1,31000_5,7c5430aa0b73af2254e0eaa6da6741beed01c5677e99e52ff463cab01276f3ce,fdd937a50ec8c4a28c62f2b1ec78ba15e46c7a39d0a01c699522bffc62cd1f36,39c75ee513e4a6561ba26d5df93519b85af6c42334b4156a9f8301ebc5e3b0b2,A_r1_s31000_t5_conic,True,True,COMPLETE_SUCCESS,False,optimal,conic,0,29,False,81.66508399881423,115.94916700414615,115.95208400103729,5.770566336451836e-06,True,True,COLLISION_WITNESSED,36065210271/18014398509481984,True,True,0.06854200182715431,24.69470900541637,0.28316699899733067,52.933250000933185,2.8623750040424056,33.41579200059641,"[""104483762294962706580505383"",""121326301808123976448212992""]","{""axis"":1,""sign"":-1}","{""lower"":[""8895877073882719055398346565041884286403915308357530017517598565277280407788271301944654174105835606526198851496884430109007275797616383920647406706071093905414355016966235003438961005481361012407237309604275477756059376529836636134170362079167424962040065462856763242889346415949452892619973249993686128753777958961559"",""546131259222917263129654221967646097617107252929900623050142734629010501008826123741994253334185965818597071490623449137305923548566311243435741060722471744556061883749335983312816213893583601651065217830942853619633156590887958199809620202025727705441198258791607273998505642885030798650031440854496940302033569710080""],""ok"":true,""upper"":[""7811429521337280441785338846036895857856619376909"",""479555224749202520035584085735030365824602865664""]}","[""21546962996420767674776516169442870070095616852627969"",""1207505866090452081300817201011792586697002633396224""]",A_r1_s31000_t5_factor,True,True,COMPLETE_SUCCESS,False,optimal,conic,4,29,True,89.29545900173252,123.90329199843109,123.90625000261934,5.770566336451836e-06,True,True,COLLISION_WITNESSED,36065210271/18014398509481984,True,True,0.05616700218524784,32.55154200451216,0.3219169957446866,52.41479199321475,2.838375003193505,33.5268749986426,"[""104483762294962706580505383"",""121326301808123976448212992""]","{""axis"":1,""sign"":-1}","{""lower"":[""8895877073882719055398346565041884286403915308357530017517598565277280407788271301944654174105835606526198851496884430109007275797616383920647406706071093905414355016966235003438961005481361012407237309604275477756059376529836636134170362079167424962040065462856763242889346415949452892619973249993686128753777958961559"",""546131259222917263129654221967646097617107252929900623050142734629010501008826123741994253334185965818597071490623449137305923548566311243435741060722471744556061883749335983312816213893583601651065217830942853619633156590887958199809620202025727705441198258791607273998505642885030798650031440854496940302033569710080""],""ok"":true,""upper"":[""7811429521337280441785338846036895857856619376909"",""479555224749202520035584085735030365824602865664""]}","[""21546962996420767674776516169442870070095616852627969"",""1207505866090452081300817201011792586697002633396224""]",7.630375002918299,7.954124994284939
31000,6,0,31000_6,d01ef18776195fdef9451b60ebbcae11c37805d5982f335e0d33ec5fd791449f,fdd937a50ec8c4a28c62f2b1ec78ba15e46c7a39d0a01c699522bffc62cd1f36,39c75ee513e4a6561ba26d5df93519b85af6c42334b4156a9f8301ebc5e3b0b2,A_r0_s31000_t6_conic,True,True,COMPLETE_SUCCESS,False,optimal,conic,0,29,False,88.63662499788916,122.64554199646227,122.64808399777394,9.223389242179855e-08,True,True,COLLISION_WITNESSED,1264142167967/18014398509481984,True,True,0.07266699685715139,24.47037499950966,0.2851250028470531,60.27200000244193,2.809666999382898,33.265250000113156,"[""811083621366950638783483125"",""970610414464991811585703936""]","{""axis"":1,""sign"":-1}","{""lower"":[""1969776899150768859938346901458952086936533957595116229269689191359795419722512322772411768537728586452713965497892815459578477164390753456842068769046258420455659345388298669328412390909106768090504310421388407492191704079435680766587832086812622438249367016972268748885645873496930254707297725521324170050285680098920351746937773"",""120549068533694735235926593125637790588629310006005454673472799069248054744895719106199890218809934495074793669113720968116825634580834582266433766215302223924229778719825362807617233693990063559674085457802970127064880052648712841013720209382556914723125439849022259732419179861272399747813960855021055522220979736373921704837120""],""ok"":true,""upper"":[""62687622253740714313090583121168514431844819655317"",""3836441797993620160284672685880242926596822925312""]}","[""1364487401648581326870534867668819128454453187133212091"",""77280375429788933203252300864754725548608168537358336""]",A_r0_s31000_t6_factor,True,True,COMPLETE_SUCCESS,False,optimal,conic,6,29,True,99.23883299779845,132.95916700008092,132.96687499678228,9.223389242179855e-08,True,True,COLLISION_WITNESSED,1264142167967/18014398509481984,True,True,0.06304199632722884,34.64249999524327,0.30304100073408335,60.29791699984344,2.90633399708895,32.68845900311135,"[""811083621366950638783483125"",""970610414464991811585703936""]","{""axis"":1,""sign"":-1}","{""lower"":[""1969776899150768859938346901458952086936533957595116229269689191359795419722512322772411768537728586452713965497892815459578477164390753456842068769046258420455659345388298669328412390909106768090504310421388407492191704079435680766587832086812622438249367016972268748885645873496930254707297725521324170050285680098920351746937773"",""120549068533694735235926593125637790588629310006005454673472799069248054744895719106199890218809934495074793669113720968116825634580834582266433766215302223924229778719825362807617233693990063559674085457802970127064880052648712841013720209382556914723125439849022259732419179861272399747813960855021055522220979736373921704837120""],""ok"":true,""upper"":[""62687622253740714313090583121168514431844819655317"",""3836441797993620160284672685880242926596822925312""]}","[""1364487401648581326870534867668819128454453187133212091"",""77280375429788933203252300864754725548608168537358336""]",10.602207999909297,10.313625003618654
31000,6,1,31000_6,d01ef18776195fdef9451b60ebbcae11c37805d5982f335e0d33ec5fd791449f,fdd937a50ec8c4a28c62f2b1ec78ba15e46c7a39d0a01c699522bffc62cd1f36,39c75ee513e4a6561ba26d5df93519b85af6c42334b4156a9f8301ebc5e3b0b2,A_r1_s31000_t6_conic,True,True,COMPLETE_SUCCESS,False,optimal,conic,0,29,False,95.5238750029821,129.7845840017544,129.78695899801096,9.223389242179855e-08,True,True,COLLISION_WITNESSED,1264142167967/18014398509481984,True,True,0.06658399797743186,24.929041996074375,0.31600000511389226,66.2353340012487,2.926583001681138,33.5140000024694,"[""811083621366950638783483125"",""970610414464991811585703936""]","{""axis"":1,""sign"":-1}","{""lower"":[""1969776899150768859938346901458952086936533957595116229269689191359795419722512322772411768537728586452713965497892815459578477164390753456842068769046258420455659345388298669328412390909106768090504310421388407492191704079435680766587832086812622438249367016972268748885645873496930254707297725521324170050285680098920351746937773"",""120549068533694735235926593125637790588629310006005454673472799069248054744895719106199890218809934495074793669113720968116825634580834582266433766215302223924229778719825362807617233693990063559674085457802970127064880052648712841013720209382556914723125439849022259732419179861272399747813960855021055522220979736373921704837120""],""ok"":true,""upper"":[""62687622253740714313090583121168514431844819655317"",""3836441797993620160284672685880242926596822925312""]}","[""1364487401648581326870534867668819128454453187133212091"",""77280375429788933203252300864754725548608168537358336""]",A_r1_s31000_t6_factor,True,True,COMPLETE_SUCCESS,False,optimal,conic,6,29,True,104.06254199915566,138.93445899884682,138.9372089979588,9.223389242179855e-08,True,True,COLLISION_WITNESSED,1264142167967/18014398509481984,True,True,0.06937499711057171,36.161459000140894,0.30720899667358026,63.37679099669913,2.89791699469788,33.75937499367865,"[""811083621366950638783483125"",""970610414464991811585703936""]","{""axis"":1,""sign"":-1}","{""lower"":[""1969776899150768859938346901458952086936533957595116229269689191359795419722512322772411768537728586452713965497892815459578477164390753456842068769046258420455659345388298669328412390909106768090504310421388407492191704079435680766587832086812622438249367016972268748885645873496930254707297725521324170050285680098920351746937773"",""120549068533694735235926593125637790588629310006005454673472799069248054744895719106199890218809934495074793669113720968116825634580834582266433766215302223924229778719825362807617233693990063559674085457802970127064880052648712841013720209382556914723125439849022259732419179861272399747813960855021055522220979736373921704837120""],""ok"":true,""upper"":[""62687622253740714313090583121168514431844819655317"",""3836441797993620160284672685880242926596822925312""]}","[""1364487401648581326870534867668819128454453187133212091"",""77280375429788933203252300864754725548608168537358336""]",8.53866699617356,9.149874997092411
31000,7,0,31000_7,c0e0a50c73c010f26c04ee4c2c39771bead5152a037a5957b96285ad43395cf9,fdd937a50ec8c4a28c62f2b1ec78ba15e46c7a39d0a01c699522bffc62cd1f36,39c75ee513e4a6561ba26d5df93519b85af6c42334b4156a9f8301ebc5e3b0b2,A_r0_s31000_t7_conic,True,True,COMPLETE_SUCCESS,False,optimal,conic,0,32,False,81.47008299420122,115.26791600044817,115.27020799985621,2.2157904173505953e-06,True,True,COLLISION_WITNESSED,10943672954783/18014398509481984,True,True,0.06504100019810721,26.216792000923306,0.3020000003743917,51.418582996120676,2.6649169958545826,33.120124993729405,"[""23965854250483528426081791"",""30331575452030994112053248""]","{""axis"":1,""sign"":-1}","{""lower"":[""6040794337165272292984329563419116191986216809380527383846546516366586169014674568323690864027072189345496376394867707812260648814339640799053677555847183336630018789277269129438431630679914810407024102413565138405194145139065623332261963044202902005870921374827872418638298841657465518534526587679913147218358733493"",""368301364175165990800068144272357923600805194882853341543241085955621457387109894539346944723234159350544877089218085743008005665000753822148582695788177739283928663516808412213781657761619992428490808914732316974623283989736573204272304415142639571985999504587923333314511793548587816738404738924365245887797002240""],""ok"":true,""upper"":[""245798614188678093080150671845004587992856046417"",""14986100773412578751112002679219698932018839552""]}","[""12048802489134544540692554889467063784045067729562663"",""690003352051686903600466972006738620969715790512128""]",A_r0_s31000_t7_factor,True,True,COMPLETE_SUCCESS,False,stationary,factor,4,0,False,59.128291002707556,90.88341599999694,90.88675000384683,1.517296926514745e-08,True,True,COLLISION_WITNESSED,10942128025503/18014398509481984,True,True,0.06983300409046933,4.863207999733277,0.20375000167405233,50.50604199641384,2.7414999931352213,30.95808299985947,"[""191726874705310640742961143"",""242652603616247952896425984""]","{""axis"":1,""sign"":-1}","{""lower"":[""216917107235449887519783400306387912837768229872893852517097654635280525128353993594060615505706462694060935343869822301984639266952376662996098260369911805336048860300355490042070210866066772330240860944602770685588336450454236554377240549352805383456048645281137571275625239198224592953802564297775448157397129196389856835262441066924091"",""13225223593749299127492808612878296691053879169938738216993565829215928571601149635195321545290332752153866263230756514618135155751292634645510919472476410474321184928681248184374234991899926814083239944360331502602223369929764337021206824249900771089729844983353571804748411956274722101611561790601935344271851698091808428997446488555520""],""ok"":true,""upper"":[""3662684771064862644930748560103109008123"",""223310303291865866647839586127097888768""]}","[""28113875054751486263356922226903853835029374710227877"",""1610007821453936108401089601349056782262670177861632""]",-22.341791991493665,-24.384500000451226
31000,7,1,31000_7,c0e0a50c73c010f26c04ee4c2c39771bead5152a037a5957b96285ad43395cf9,fdd937a50ec8c4a28c62f2b1ec78ba15e46c7a39d0a01c699522bffc62cd1f36,39c75ee513e4a6561ba26d5df93519b85af6c42334b4156a9f8301ebc5e3b0b2,A_r1_s31000_t7_conic,True,True,COMPLETE_SUCCESS,False,optimal,conic,0,32,False,84.33504199638264,118.7220840001828,118.72479199519148,2.2157904173505953e-06,True,True,COLLISION_WITNESSED,10943672954783/18014398509481984,True,True,0.06424999446608126,26.506916001380887,0.30208299722289667,53.80608399718767,2.820957997755613,33.60204199998407,"[""23965854250483528426081791"",""30331575452030994112053248""]","{""axis"":1,""sign"":-1}","{""lower"":[""6040794337165272292984329563419116191986216809380527383846546516366586169014674568323690864027072189345496376394867707812260648814339640799053677555847183336630018789277269129438431630679914810407024102413565138405194145139065623332261963044202902005870921374827872418638298841657465518534526587679913147218358733493"",""368301364175165990800068144272357923600805194882853341543241085955621457387109894539346944723234159350544877089218085743008005665000753822148582695788177739283928663516808412213781657761619992428490808914732316974623283989736573204272304415142639571985999504587923333314511793548587816738404738924365245887797002240""],""ok"":true,""upper"":[""245798614188678093080150671845004587992856046417"",""14986100773412578751112002679219698932018839552""]}","[""12048802489134544540692554889467063784045067729562663"",""690003352051686903600466972006738620969715790512128""]",A_r1_s31000_t7_factor,True,True,COMPLETE_SUCCESS,False,stationary,factor,4,0,False,62.23679200047627,94.2412090007565,94.24379200208932,1.517296926514745e-08,True,True,COLLISION_WITNESSED,10942128025503/18014398509481984,True,True,0.06516699795611203,4.863083995587658,0.2017920051002875,53.47658399841748,2.7835829969262704,31.213916001433972,"[""191726874705310640742961143"",""242652603616247952896425984""]","{""axis"":1,""sign"":-1}","{""lower"":[""216917107235449887519783400306387912837768229872893852517097654635280525128353993594060615505706462694060935343869822301984639266952376662996098260369911805336048860300355490042070210866066772330240860944602770685588336450454236554377240549352805383456048645281137571275625239198224592953802564297775448157397129196389856835262441066924091"",""13225223593749299127492808612878296691053879169938738216993565829215928571601149635195321545290332752153866263230756514618135155751292634645510919472476410474321184928681248184374234991899926814083239944360331502602223369929764337021206824249900771089729844983353571804748411956274722101611561790601935344271851698091808428997446488555520""],""ok"":true,""upper"":[""3662684771064862644930748560103109008123"",""223310303291865866647839586127097888768""]}","[""28113875054751486263356922226903853835029374710227877"",""1610007821453936108401089601349056782262670177861632""]",-22.09824999590637,-24.480874999426305
31001,0,0,31001_0,1365526aead9e4980d0dd555eb043ae65b93443a199f7a1e7b0824aa82838db6,fdd937a50ec8c4a28c62f2b1ec78ba15e46c7a39d0a01c699522bffc62cd1f36,39c75ee513e4a6561ba26d5df93519b85af6c42334b4156a9f8301ebc5e3b0b2,A_r0_s31001_t0_conic,True,True,COMPLETE_SUCCESS,False,optimal,conic,0,27,False,148.20441699703224,190.73716700222576,190.74058400292415,9.612076178341323e-06,True,True,COLLISION_WITNESSED,7244983475727/36028797018963968,True,True,33.052124999812804,49.813625002570916,0.28170800214866176,61.46145800448721,2.842249996319879,41.78079099801835,"[""33810694131411858251839355883"",""62119066525759475941485051904""]","{""axis"":1,""sign"":-1}","{""lower"":[""8452596205514766657162757311386245292429017432458888964876885883397961638067496506083435619117587143255924634614285859000778578487948887080946432351978027052195751814071950317482114793769442630452689687986411671699584193116074079691965127085122415958628906455120943872204636257289214341244848091346459917194313"",""524637478280962864221797362078290830329269220509233281416602012687670713410436562296976638989528743947861982363239881834406714975652982478478815292144657952875949869707199157571275666526442141692637066897822965787510723194856966894067109283147014686447129371290744441177298530760373330923105626844314027950080""],""ok"":true,""upper"":[""965783340683953794360958905916299566664017701013"",""59944403093650315004448010716878795728075358208""]}","[""5489424269327762236156772128768258378268054627969336697191"",""316540417760415470400521424342035355847099058329019744256""]",A_r0_s31001_t0_factor,True,True,COMPLETE_SUCCESS,False,optimal,conic,0,27,True,149.65466700232355,183.64912499964703,183.6522090015933,9.612076178341323e-06,True,True,COLLISION_WITNESSED,7244983475727/36028797018963968,True,True,32.20650000002934,51.908541994635016,0.3173750010319054,61.442749996786006,2.929667003627401,33.16600000107428,"[""33810694131411858251839355883"",""62119066525759475941485051904""]","{""axis"":1,""sign"":-1}","{""lower"":[""8452596205514766657162757311386245292429017432458888964876885883397961638067496506083435619117587143255924634614285859000778578487948887080946432351978027052195751814071950317482114793769442630452689687986411671699584193116074079691965127085122415958628906455120943872204636257289214341244848091346459917194313"",""524637478280962864221797362078290830329269220509233281416602012687670713410436562296976638989528743947861982363239881834406714975652982478478815292144657952875949869707199157571275666526442141692637066897822965787510723194856966894067109283147014686447129371290744441177298530760373330923105626844314027950080""],""ok"":true,""upper"":[""965783340683953794360958905916299566664017701013"",""59944403093650315004448010716878795728075358208""]}","[""5489424269327762236156772128768258378268054627969336697191"",""316540417760415470400521424342035355847099058329019744256""]",1.4502500052913092,-7.088042002578732
31001,0,1,31001_0,1365526aead9e4980d0dd555eb043ae65b93443a199f7a1e7b0824aa82838db6,fdd937a50ec8c4a28c62f2b1ec78ba15e46c7a39d0a01c699522bffc62cd1f36,39c75ee513e4a6561ba26d5df93519b85af6c42334b4156a9f8301ebc5e3b0b2,A_r1_s31001_t0_conic,True,True,COMPLETE_SUCCESS,False,optimal,conic,0,27,False,148.93087499513058,183.17258399474667,183.17595899861772,9.612076178341323e-06,True,True,COLLISION_WITNESSED,7244983475727/36028797018963968,True,True,32.73570899909828,49.47658300079638,0.30500000138999894,62.84925000363728,2.8076250018784776,33.451916999183595,"[""33810694131411858251839355883"",""62119066525759475941485051904""]","{""axis"":1,""sign"":-1}","{""lower"":[""8452596205514766657162757311386245292429017432458888964876885883397961638067496506083435619117587143255924634614285859000778578487948887080946432351978027052195751814071950317482114793769442630452689687986411671699584193116074079691965127085122415958628906455120943872204636257289214341244848091346459917194313"",""524637478280962864221797362078290830329269220509233281416602012687670713410436562296976638989528743947861982363239881834406714975652982478478815292144657952875949869707199157571275666526442141692637066897822965787510723194856966894067109283147014686447129371290744441177298530760373330923105626844314027950080""],""ok"":true,""upper"":[""965783340683953794360958905916299566664017701013"",""59944403093650315004448010716878795728075358208""]}","[""5489424269327762236156772128768258378268054627969336697191"",""316540417760415470400521424342035355847099058329019744256""]",A_r1_s31001_t0_factor,True,True,COMPLETE_SUCCESS,False,optimal,conic,0,27,True,182.5564589962596,216.5549999990617,216.5578749991255,9.612076178341323e-06,True,True,COLLISION_WITNESSED,7244983475727/36028797018963968,True,True,32.79370899690548,81.95791699836263,0.3448330026003532,63.662332999228965,2.8432919934857637,33.154249998915475,"[""33810694131411858251839355883"",""62119066525759475941485051904""]","{""axis"":1,""sign"":-1}","{""lower"":[""8452596205514766657162757311386245292429017432458888964876885883397961638067496506083435619117587143255924634614285859000778578487948887080946432351978027052195751814071950317482114793769442630452689687986411671699584193116074079691965127085122415958628906455120943872204636257289214341244848091346459917194313"",""524637478280962864221797362078290830329269220509233281416602012687670713410436562296976638989528743947861982363239881834406714975652982478478815292144657952875949869707199157571275666526442141692637066897822965787510723194856966894067109283147014686447129371290744441177298530760373330923105626844314027950080""],""ok"":true,""upper"":[""965783340683953794360958905916299566664017701013"",""59944403093650315004448010716878795728075358208""]}","[""5489424269327762236156772128768258378268054627969336697191"",""316540417760415470400521424342035355847099058329019744256""]",33.62558400112903,33.38241600431502
31001,1,0,31001_1,3e9f5e617bd12ea17cbbe2ceb5c8c86109b5cda1084ff818d34dbcb4eea85d99,fdd937a50ec8c4a28c62f2b1ec78ba15e46c7a39d0a01c699522bffc62cd1f36,39c75ee513e4a6561ba26d5df93519b85af6c42334b4156a9f8301ebc5e3b0b2,A_r0_s31001_t1_conic,True,True,COMPLETE_SUCCESS,False,optimal,conic,0,13,False,76.314124999044,110.60937499860302,110.6121670018183,9.90518576173999e-05,True,True,COLLISION_WITNESSED,1839862160911/36028797018963968,True,True,0.08012499893084168,11.886915999639314,0.3116250009043142,60.18149999727029,3.050166000321042,33.58295799989719,"[""17036195758866092539743767685"",""31059533262879737970742525952""]","{""axis"":1,""sign"":-1}","{""lower"":[""1193267599497636187850833772172075044408994233832438379257775935752451665741362620553705871084184727266799218118210270183902398292057805952805454308946544014255099407761193171738622605541099116390565404068707210442332742645987912013790941702363406269203810719735462240698463837858171039994589298515857"",""74165527095883626263209754453880202880693680625105586746610350510511651281261127811948477331232496682053621481257534124015535381749472815007743259555545794504330955103326274333465115597023161234557265703060962010778348823255381942676345056562145723294754290434381344943146217502345552129201331503104""],""ok"":true,""upper"":[""15069786536398553590722790818441854324618642977"",""936631298338286171944500167451231183251177472""]}","[""452787930985483759012522813417898476164964212608947138093"",""26378368146701289200043452028502946320591588194084978688""]",A_r0_s31001_t1_factor,True,True,COMPLETE_SUCCESS,False,stationary,factor,4,0,False,70.42354199802503,102.36474999692291,102.3676249969867,1.6164559281475892e-08,True,True,COLLISION_WITNESSED,1849628204559/36028797018963968,True,True,0.06466700142482296,5.165707996638957,0.22229200112633407,61.043875000905246,3.0000000042491592,31.231708999257535,"[""17036237591734071730829559975"",""31059533262879737970742525952""]","{""axis"":1,""sign"":-1}","{""lower"":[""69291571919278260077636567628353378887982589714742051870021794781818395819766521584452696295674335440678053226146874820170082094315490050538129599694088695539434462461089228726586187329341528685216407138609658059047151832501995801833755750903191551189857778691178612179531257858291614843819090985383058705653710862979420240622668827877621"",""4306673827021334417392104117232982126206320503635601309671960533942151160876459860407641855566561667230661731941560488263299152153313740717534988429413008254903147774139802614619312552961326126216952878512053600514911011236040778501584391760912754607614020170881801396962108362473557008574053753305050843033277604187344907180373652275200""],""ok"":true,""upper"":[""28743336649875094666727805126451225045169"",""1786482426334926933182716689016783110144""]}","[""1358365007667262824095771558521203111799913022985482365359"",""79135104440103867600130356085508838961774764582254936064""]",-5.8905830010189675,-8.244625001680106
31001,1,1,31001_1,3e9f5e617bd12ea17cbbe2ceb5c8c86109b5cda1084ff818d34dbcb4eea85d99,fdd937a50ec8c4a28c62f2b1ec78ba15e46c7a39d0a01c699522bffc62cd1f36,39c75ee513e4a6561ba26d5df93519b85af6c42334b4156a9f8301ebc5e3b0b2,A_r1_s31001_t1_conic,True,True,COMPLETE_SUCCESS,False,optimal,conic,0,13,False,76.77791600144701,110.93716600589687,110.93979100405704,9.90518576173999e-05,True,True,COLLISION_WITNESSED,1839862160911/36028797018963968,True,True,0.06425000174203888,11.576999997487292,0.31333399965660647,61.09587499668123,2.9501659955712967,33.42641700146487,"[""17036195758866092539743767685"",""31059533262879737970742525952""]","{""axis"":1,""sign"":-1}","{""lower"":[""1193267599497636187850833772172075044408994233832438379257775935752451665741362620553705871084184727266799218118210270183902398292057805952805454308946544014255099407761193171738622605541099116390565404068707210442332742645987912013790941702363406269203810719735462240698463837858171039994589298515857"",""74165527095883626263209754453880202880693680625105586746610350510511651281261127811948477331232496682053621481257534124015535381749472815007743259555545794504330955103326274333465115597023161234557265703060962010778348823255381942676345056562145723294754290434381344943146217502345552129201331503104""],""ok"":true,""upper"":[""15069786536398553590722790818441854324618642977"",""936631298338286171944500167451231183251177472""]}","[""452787930985483759012522813417898476164964212608947138093"",""26378368146701289200043452028502946320591588194084978688""]",A_r1_s31001_t1_factor,True,True,COMPLETE_SUCCESS,False,stationary,factor,4,0,False,70.33975000376813,102.31895800097845,102.3219170019729,1.6164559281475892e-08,True,True,COLLISION_WITNESSED,1849628204559/36028797018963968,True,True,0.06833299994468689,5.098708999867085,0.19470799452392384,61.10287500632694,2.9819170013070107,31.224833001033403,"[""17036237591734071730829559975"",""31059533262879737970742525952""]","{""axis"":1,""sign"":-1}","{""lower"":[""69291571919278260077636567628353378887982589714742051870021794781818395819766521584452696295674335440678053226146874820170082094315490050538129599694088695539434462461089228726586187329341528685216407138609658059047151832501995801833755750903191551189857778691178612179531257858291614843819090985383058705653710862979420240622668827877621"",""4306673827021334417392104117232982126206320503635601309671960533942151160876459860407641855566561667230661731941560488263299152153313740717534988429413008254903147774139802614619312552961326126216952878512053600514911011236040778501584391760912754607614020170881801396962108362473557008574053753305050843033277604187344907180373652275200""],""ok"":true,""upper"":[""28743336649875094666727805126451225045169"",""1786482426334926933182716689016783110144""]}","[""1358365007667262824095771558521203111799913022985482365359"",""79135104440103867600130356085508838961774764582254936064""]",-6.43816599767888,-8.618208004918415
31001,2,0,31001_2,4888a263c56f834983850d389f14d3a4f1878d1489d1acd5b8bab3f394464f83,fdd937a50ec8c4a28c62f2b1ec78ba15e46c7a39d0a01c699522bffc62cd1f36,39c75ee513e4a6561ba26d5df93519b85af6c42334b4156a9f8301ebc5e3b0b2,A_r0_s31001_t2_conic,True,True,COMPLETE_SUCCESS,False,optimal,conic,0,28,False,94.51833300408907,128.01274999947054,128.01808299991535,4.92647103067594e-06,True,True,COLLISION_WITNESSED,997387050511/36028797018963968,True,True,0.05691600381396711,24.59712500422029,0.28362499870127067,65.91545800620224,2.8612499954761006,32.75945800123736,"[""1077406199346834666050944095"",""1941220828929983623171407872""]","{""axis"":1,""sign"":-1}","{""lower"":[""887446192888677126861173855790633150255924762811082170377463240219068157295640051042739019858269388964877109913382705483494999099775572643742038258312270418258576637474747143967568984305788867147120256352584476953958032280156555457745105052242187322112110491715932692193617902528988137236651104912363126489186351890479"",""55177276096594074297333822752186831595091411926011526482838556350215511081968997526812013269986243546939285715493596740083000947814994129604035486833168188343559299056390410750042889730430604511224481736364627009414889949707331544822896864771434519962464643980756428055592209922429820625628397264694961359368633712640""],""ok"":true,""upper"":[""20567867496547747779431767855203679282321021691239"",""1278813932664540053428224228626747642198940975104""]}","[""5247740925934015922188623852129730371817747815462258079"",""309121501719155732813009203459018902194432674149433344""]",A_r0_s31001_t2_factor,True,True,COMPLETE_SUCCESS,False,stationary,factor,7,0,False,17.27858300000662,48.71987500519026,48.72279100527521,1.5353636967332768e-08,False,False,NO_NEGATIVE_WITNESS_FOUND,73231/36028797018963968,True,True,0.06958300218684599,8.41112499620067,0.1789579982869327,2.6703330004238524,5.450458003906533,30.812249999144115,"[""0"",""1""]","{""axis"":null,""sign"":null}","{""lower"":[""878920239157552577367183977754173940825109993348223280704918582764255945663643820457483623962897559128388158793686550236080993415843208525270944463620296534357335881899696517918528457538144494623499979220007461157687037925947083357374278158848818858481017384560710059480175836329514983323929747005445652612602645141138246531983380265157110220931"",""54647155278571153705914684902625031489271080701157216215643790252148099692765904283225899473768742022898389828304245460181171412470950403634794676669772984429829421404459100658550543113446483412627299272483449632985338141815786365202942267230324504548895815897535328885841202441849709633274237978507645173381287854984353733899273623151486959616""],""ok"":true,""upper"":[""34432813882434562998493297875980683362214059991"",""2140871539058939821587428954174242704574119936""]}","[""306485108918561224604495350283660237153591"",""19055812547572553953948978016179019841536""]",-77.23975000408245,-79.29287499428028
31001,2,1,31001_2,4888a263c56f834983850d389f14d3a4f1878d1489d1acd5b8bab3f394464f83,fdd937a50ec8c4a28c62f2b1ec78ba15e46c7a39d0a01c699522bffc62cd1f36,39c75ee513e4a6561ba26d5df93519b85af6c42334b4156a9f8301ebc5e3b0b2,A_r1_s31001_t2_conic,True,True,COMPLETE_SUCCESS,False,optimal,conic,0,28,False,96.84883400041144,131.137292002677,131.14016700274078,4.92647103067594e-06,True,True,COLLISION_WITNESSED,997387050511/36028797018963968,True,True,0.07120900409063324,24.45399999851361,0.30083299498073757,68.13354199402966,3.0686660029459745,33.51604199997382,"[""1077406199346834666050944095"",""1941220828929983623171407872""]","{""axis"":1,""sign"":-1}","{""lower"":[""887446192888677126861173855790633150255924762811082170377463240219068157295640051042739019858269388964877109913382705483494999099775572643742038258312270418258576637474747143967568984305788867147120256352584476953958032280156555457745105052242187322112110491715932692193617902528988137236651104912363126489186351890479"",""55177276096594074297333822752186831595091411926011526482838556350215511081968997526812013269986243546939285715493596740083000947814994129604035486833168188343559299056390410750042889730430604511224481736364627009414889949707331544822896864771434519962464643980756428055592209922429820625628397264694961359368633712640""],""ok"":true,""upper"":[""20567867496547747779431767855203679282321021691239"",""1278813932664540053428224228626747642198940975104""]}","[""5247740925934015922188623852129730371817747815462258079"",""309121501719155732813009203459018902194432674149433344""]",A_r1_s31001_t2_factor,True,True,COMPLETE_SUCCESS,False,stationary,factor,7,0,False,17.610333998163696,49.482166999951005,49.48458400031086,1.5353636967332768e-08,False,False,NO_NEGATIVE_WITNESS_FOUND,73231/36028797018963968,True,True,0.07004199869697914,8.572291997552384,0.1990000018849969,2.8414999978849664,5.367791003664024,31.27166599733755,"[""0"",""1""]","{""axis"":null,""sign"":null}","{""lower"":[""878920239157552577367183977754173940825109993348223280704918582764255945663643820457483623962897559128388158793686550236080993415843208525270944463620296534357335881899696517918528457538144494623499979220007461157687037925947083357374278158848818858481017384560710059480175836329514983323929747005445652612602645141138246531983380265157110220931"",""54647155278571153705914684902625031489271080701157216215643790252148099692765904283225899473768742022898389828304245460181171412470950403634794676669772984429829421404459100658550543113446483412627299272483449632985338141815786365202942267230324504548895815897535328885841202441849709633274237978507645173381287854984353733899273623151486959616""],""ok"":true,""upper"":[""34432813882434562998493297875980683362214059991"",""2140871539058939821587428954174242704574119936""]}","[""306485108918561224604495350283660237153591"",""19055812547572553953948978016179019841536""]",-79.23850000224775,-81.65512500272598
31001,3,0,31001_3,bf5696a799198dc319fe0872070af351f377535d5c7f23982ea12ef2302254e0,fdd937a50ec8c4a28c62f2b1ec78ba15e46c7a39d0a01c699522bffc62cd1f36,39c75ee513e4a6561ba26d5df93519b85af6c42334b4156a9f8301ebc5e3b0b2,A_r0_s31001_t3_conic,True,True,COMPLETE_SUCCESS,False,optimal,conic,0,32,False,34.95775000192225,68.6145840008976,68.61729199590627,2.528372117849752e-06,False,False,NO_NEGATIVE_WITNESS_FOUND,499215/36028797018963968,True,True,0.07570900197606534,26.731915997515898,0.28020800527883694,2.6792499993462116,4.674709001847077,33.12354100489756,"[""0"",""1""]","{""axis"":null,""sign"":null}","{""lower"":[""1134585712089234620049716843753376940322163019688155924507357986123379461936568233502231463867989242462569275847702630066002375649778365502038253504605871942504924310022042512227101085851025832879072764238384971075637662533356876707536286737635242102628793086378039685415154347062318570211473950650044547418989948961499713"",""70452287803560417294139445781767356607017475948884980005998301913251173933556807861487402352388148221341967122054209111242132878005575548443813469193207204523570558705290008272211097181570050229840039741114074796065052791222442148800733156214312282062942573024744976619470721856180745293643928113728169383203611816755200""],""ok"":true,""upper"":[""241340899167396579194733432809203185554533800067"",""14986100773412578751112002679219698932018839552""]}","[""115080308509926931179619599633766878962551"",""7145929705339707732730866756067132440576""]",A_r0_s31001_t3_factor,True,True,COMPLETE_SUCCESS,False,stationary,factor,5,0,False,71.61370899848407,103.99912499997299,104.00145899620838,1.5155884053843015e-08,True,True,COLLISION_WITNESSED,8736805494287/36028797018963968,True,True,0.06058399594621733,6.043875000614207,0.19141699885949492,61.67612499848474,2.86045900429599,31.573915999615565,"[""33053155082458576645182435"",""60663150904061988224106496""]","{""axis"":1,""sign"":-1}","{""lower"":[""6858063063588915188953126796148276090070494618953909732764847603706771593646680432641377874005416090468840079209504345114095532054816653599233854875687239408126169739703976415536869053434821489750565891350471463386145597509953399164149810821706444234725873882352085499246806795376838577609694803116000383230806022291832290534504899406139257263623"",""425852495953931410036700012287132337817671601565484145448931648222672390999085803897102408775919208418075578546872161181958750869425453225465209390852848390640949497389794096852017044442444047627675771268275924562164098252332335341143042637948311535386076018970893614677819245532533087648119755586455890751085085181021911436087075754782375280640""],""ok"":true,""upper"":[""17807815204433209156571772806071319840166440087867733148929309052333"",""1105779062519850460328139290678539539348398501705765668170265264128""]}","[""3371087295041284978175148775367149591660342823880309"",""201250977681742013550136200168632097782833772232704""]",36.65595899656182,35.3845409990754
31001,3,1,31001_3,bf5696a799198dc319fe0872070af351f377535d5c7f23982ea12ef2302254e0,fdd937a50ec8c4a28c62f2b1ec78ba15e46c7a39d0a01c699522bffc62cd1f36,39c75ee513e4a6561ba26d5df93519b85af6c42334b4156a9f8301ebc5e3b0b2,A_r1_s31001_t3_conic,True,True,COMPLETE_SUCCESS,False,optimal,conic,0,32,False,35.41116599808447,69.79033300012816,69.79320800019195,2.528372117849752e-06,False,False,NO_NEGATIVE_WITNESS_FOUND,499215/36028797018963968,True,True,0.06745799328200519,26.944999997795094,0.2820840018102899,2.749416002188809,4.832124999666121,33.802707999711856,"[""0"",""1""]","{""axis"":null,""sign"":null}","{""lower"":[""1134585712089234620049716843753376940322163019688155924507357986123379461936568233502231463867989242462569275847702630066002375649778365502038253504605871942504924310022042512227101085851025832879072764238384971075637662533356876707536286737635242102628793086378039685415154347062318570211473950650044547418989948961499713"",""70452287803560417294139445781767356607017475948884980005998301913251173933556807861487402352388148221341967122054209111242132878005575548443813469193207204523570558705290008272211097181570050229840039741114074796065052791222442148800733156214312282062942573024744976619470721856180745293643928113728169383203611816755200""],""ok"":true,""upper"":[""241340899167396579194733432809203185554533800067"",""14986100773412578751112002679219698932018839552""]}","[""115080308509926931179619599633766878962551"",""7145929705339707732730866756067132440576""]",A_r1_s31001_t3_factor,True,True,COMPLETE_SUCCESS,False,stationary,factor,5,0,False,83.16583299892955,116.18383300083224,116.18629199801944,1.5155884053843015e-08,True,True,COLLISION_WITNESSED,8736805494287/36028797018963968,True,True,0.06462499732151628,6.233833002625033,0.20616700203390792,73.00370799930533,2.836832994944416,32.191541002248414,"[""33053155082458576645182435"",""60663150904061988224106496""]","{""axis"":1,""sign"":-1}","{""lower"":[""6858063063588915188953126796148276090070494618953909732764847603706771593646680432641377874005416090468840079209504345114095532054816653599233854875687239408126169739703976415536869053434821489750565891350471463386145597509953399164149810821706444234725873882352085499246806795376838577609694803116000383230806022291832290534504899406139257263623"",""425852495953931410036700012287132337817671601565484145448931648222672390999085803897102408775919208418075578546872161181958750869425453225465209390852848390640949497389794096852017044442444047627675771268275924562164098252332335341143042637948311535386076018970893614677819245532533087648119755586455890751085085181021911436087075754782375280640""],""ok"":true,""upper"":[""17807815204433209156571772806071319840166440087867733148929309052333"",""1105779062519850460328139290678539539348398501705765668170265264128""]}","[""3371087295041284978175148775367149591660342823880309"",""201250977681742013550136200168632097782833772232704""]",47.754667000845075,46.39350000070408
31001,4,0,31001_4,6934560c6637ff6f373c4d636a7948f8b8ccb0377d5807e1fe6efbcfa65efd8e,fdd937a50ec8c4a28c62f2b1ec78ba15e46c7a39d0a01c699522bffc62cd1f36,39c75ee513e4a6561ba26d5df93519b85af6c42334b4156a9f8301ebc5e3b0b2,A_r0_s31001_t4_conic,True,True,COMPLETE_SUCCESS,False,optimal,conic,0,34,False,34.4917499969597,68.00612500228453,68.01000000268687,3.904254205433269e-06,False,False,NO_NEGATIVE_WITNESS_FOUND,663055/36028797018963968,True,True,0.0625000029685907,27.656083002511878,0.2841669993358664,2.6851250004256144,3.2439999995403923,32.90283300157171,"[""0"",""1""]","{""axis"":null,""sign"":null}","{""lower"":[""64979837891117839049522561965139190571942414179448194103247144519470486338395038958782815196516476181421807205329992208465820101223145454284108566215118254977483148950907373150942322708239443511976377091804985726226383579980863273347216106872272475170499020954639872103904291718214878982073008182623853660436123011027719"",""4026156983461983425858610915901183363290889744663984281370607211469381417085448170043410245885987295060842392839698851033937899934932140371745935352345626354126161707671976747306902491052179373515100881047237183944690561781513067967704011705646651322059639964652676714526494301853621036481042642626760812334612115095552""],""ok"":true,""upper"":[""1934936245049414858422237550592553001904846928741"",""119888806187300630008896021433757591456150716416""]}","[""2059485491724458205235141229901012483961"",""127605887595351923798765477786913079296""]",A_r0_s31001_t4_factor,True,True,COMPLETE_SUCCESS,False,optimal,conic,4,34,True,42.18708299595164,76.24000000214437,76.24237499840092,3.904254205433269e-06,False,False,NO_NEGATIVE_WITNESS_FOUND,663055/36028797018963968,True,True,0.06679099897155538,35.14445899782004,0.3033339962712489,2.6159160042880103,3.2142919953912497,33.1423339957837,"[""0"",""1""]","{""axis"":null,""sign"":null}","{""lower"":[""64979837891117839049522561965139190571942414179448194103247144519470486338395038958782815196516476181421807205329992208465820101223145454284108566215118254977483148950907373150942322708239443511976377091804985726226383579980863273347216106872272475170499020954639872103904291718214878982073008182623853660436123011027719"",""4026156983461983425858610915901183363290889744663984281370607211469381417085448170043410245885987295060842392839698851033937899934932140371745935352345626354126161707671976747306902491052179373515100881047237183944690561781513067967704011705646651322059639964652676714526494301853621036481042642626760812334612115095552""],""ok"":true,""upper"":[""1934936245049414858422237550592553001904846928741"",""119888806187300630008896021433757591456150716416""]}","[""2059485491724458205235141229901012483961"",""127605887595351923798765477786913079296""]",7.695332998991944,8.233874999859836
31001,4,1,31001_4,6934560c6637ff6f373c4d636a7948f8b8ccb0377d5807e1fe6efbcfa65efd8e,fdd937a50ec8c4a28c62f2b1ec78ba15e46c7a39d0a01c699522bffc62cd1f36,39c75ee513e4a6561ba26d5df93519b85af6c42334b4156a9f8301ebc5e3b0b2,A_r1_s31001_t4_conic,True,True,COMPLETE_SUCCESS,False,optimal,conic,0,34,False,34.47079199395375,68.89295899600256,68.89545900048688,3.904254205433269e-06,False,False,NO_NEGATIVE_WITNESS_FOUND,663055/36028797018963968,True,True,0.06991699774516746,27.635875005216803,0.2952499999082647,2.701042001717724,3.2208750053541735,33.85554099804722,"[""0"",""1""]","{""axis"":null,""sign"":null}","{""lower"":[""64979837891117839049522561965139190571942414179448194103247144519470486338395038958782815196516476181421807205329992208465820101223145454284108566215118254977483148950907373150942322708239443511976377091804985726226383579980863273347216106872272475170499020954639872103904291718214878982073008182623853660436123011027719"",""4026156983461983425858610915901183363290889744663984281370607211469381417085448170043410245885987295060842392839698851033937899934932140371745935352345626354126161707671976747306902491052179373515100881047237183944690561781513067967704011705646651322059639964652676714526494301853621036481042642626760812334612115095552""],""ok"":true,""upper"":[""1934936245049414858422237550592553001904846928741"",""119888806187300630008896021433757591456150716416""]}","[""2059485491724458205235141229901012483961"",""127605887595351923798765477786913079296""]",A_r1_s31001_t4_factor,True,True,COMPLETE_SUCCESS,False,optimal,conic,4,34,True,42.7984169946285,77.5923339970177,77.59545899898512,3.904254205433269e-06,False,False,NO_NEGATIVE_WITNESS_FOUND,663055/36028797018963968,True,True,0.055374999647028744,35.62525000597816,0.3120830006082542,2.5695840013213456,3.3771670059650205,33.901958995556924,"[""0"",""1""]","{""axis"":null,""sign"":null}","{""lower"":[""64979837891117839049522561965139190571942414179448194103247144519470486338395038958782815196516476181421807205329992208465820101223145454284108566215118254977483148950907373150942322708239443511976377091804985726226383579980863273347216106872272475170499020954639872103904291718214878982073008182623853660436123011027719"",""4026156983461983425858610915901183363290889744663984281370607211469381417085448170043410245885987295060842392839698851033937899934932140371745935352345626354126161707671976747306902491052179373515100881047237183944690561781513067967704011705646651322059639964652676714526494301853621036481042642626760812334612115095552""],""ok"":true,""upper"":[""1934936245049414858422237550592553001904846928741"",""119888806187300630008896021433757591456150716416""]}","[""2059485491724458205235141229901012483961"",""127605887595351923798765477786913079296""]",8.327625000674743,8.699375001015142
31001,5,0,31001_5,e4195723fe8ff66f30d6a27b73db86deb7670105d94599850be5e7da0fb27fdb,fdd937a50ec8c4a28c62f2b1ec78ba15e46c7a39d0a01c699522bffc62cd1f36,39c75ee513e4a6561ba26d5df93519b85af6c42334b4156a9f8301ebc5e3b0b2,A_r0_s31001_t5_conic,True,True,COMPLETE_SUCCESS,False,optimal,conic,0,28,False,94.98987499682698,128.96512499719393,128.96820799505804,6.316261857498723e-06,True,True,COLLISION_WITNESSED,3660145466895/36028797018963968,True,True,0.0642079976387322,23.392084003717173,0.2962910002679564,67.64820800162852,2.7757909992942587,33.22091599693522,"[""4091159198353190889750741"",""7738630499850041417531392""]","{""axis"":1,""sign"":-1}","{""lower"":[""2317847007249826256810446384957787187704241560768132179038488285613178654457248826442819147688471868502869911492928500354434657991504486019101033258475700254541868996734044038096049228385878719854651415055951554512470761913954862062653350961592992962513208160434456922762201738869073888272599942913056004458644706007"",""143380668738054624437733125158122089549501588334795483407910733439886279441926342366254860983658991224668179719637255122550882091615231927004979817099864214704968270082471414954817506679378727334536526533097510103247755988118134549394586438006845101262414869935008830628411414191197006114718258763634085509747179520""],""ok"":true,""upper"":[""242260708543059635844684214737925553887049180747"",""14986100773412578751112002679219698932018839552""]}","[""5091157842628263691674950126260357687074906362309"",""307034775946629721552559121662384736435242532864""]",A_r0_s31001_t5_factor,True,True,COMPLETE_SUCCESS,False,stationary,factor,4,0,False,80.32129200000782,120.04016699938802,120.04254200292053,1.4791700961992085e-08,True,True,NO_NEGATIVE_WITNESS_FOUND,3663518211599/36028797018963968,True,True,0.0780830014264211,5.465624999487773,0.21520800510188565,70.96154199825833,2.799541995045729,39.02458299853606,"[""2045579123426807124333639"",""3869315249925020708765696""]","{""axis"":1,""sign"":-1}","{""lower"":[""28206877555502983777204696372580659046546719009553201728513596622865246845931207820961781958241424326936702417527075922825109775935230445460408472553211182008254976282230005919336691626501570159185531123936163282575427735448780451539303829975272042371627309498306095699967074451562061734004770411459105158246557376634429105810067485043185243543703"",""1744860371913237023715727220135407225945971679399409894350061995708672867782859878930293489785530330266242780209781411609238779402089384972765397201212430886129624627738968537161469621309249649878559461498812695134772562748664954961614149264954778250887138850960476147055604637977566882600610353765441491041289775772924714341221739428714517626880""],""ok"":true,""upper"":[""8324014560976927817583139116581682874802776403937026109331"",""514918501730938656408404601122503885695896345053690331136""]}","[""3394103921210525875488832416622566862321471527371"",""204689850631086481035039414441589824290161688576""]",-14.668582996819168,-8.924957997805905
31001,5,1,31001_5,e4195723fe8ff66f30d6a27b73db86deb7670105d94599850be5e7da0fb27fdb,fdd937a50ec8c4a28c62f2b1ec78ba15e46c7a39d0a01c699522bffc62cd1f36,39c75ee513e4a6561ba26d5df93519b85af6c42334b4156a9f8301ebc5e3b0b2,A_r1_s31001_t5_conic,True,True,COMPLETE_SUCCESS,False,optimal,conic,0,28,False,96.58179200050654,130.64537500031292,130.6479170016246,6.316261857498723e-06,True,True,COLLISION_WITNESSED,3660145466895/36028797018963968,True,True,0.06341699918266386,23.738625000987668,0.3117500018561259,68.89591700019082,2.8112500003771856,33.312374995148275,"[""4091159198353190889750741"",""7738630499850041417531392""]","{""axis"":1,""sign"":-1}","{""lower"":[""2317847007249826256810446384957787187704241560768132179038488285613178654457248826442819147688471868502869911492928500354434657991504486019101033258475700254541868996734044038096049228385878719854651415055951554512470761913954862062653350961592992962513208160434456922762201738869073888272599942913056004458644706007"",""143380668738054624437733125158122089549501588334795483407910733439886279441926342366254860983658991224668179719637255122550882091615231927004979817099864214704968270082471414954817506679378727334536526533097510103247755988118134549394586438006845101262414869935008830628411414191197006114718258763634085509747179520""],""ok"":true,""upper"":[""242260708543059635844684214737925553887049180747"",""14986100773412578751112002679219698932018839552""]}","[""5091157842628263691674950126260357687074906362309"",""307034775946629721552559121662384736435242532864""]",A_r1_s31001_t5_factor,True,True,COMPLETE_SUCCESS,False,stationary,factor,4,0,False,82.0833749967278,121.75695799669484,121.75974999991013,1.4791700961992085e-08,True,True,NO_NEGATIVE_WITNESS_FOUND,3663518211599/36028797018963968,True,True,0.06312500045169145,5.394624997279607,0.19229099416406825,72.82575000135694,2.8001249957014807,38.95699999702629,"[""2045579123426807124333639"",""3869315249925020708765696""]","{""axis"":1,""sign"":-1}","{""lower"":[""28206877555502983777204696372580659046546719009553201728513596622865246845931207820961781958241424326936702417527075922825109775935230445460408472553211182008254976282230005919336691626501570159185531123936163282575427735448780451539303829975272042371627309498306095699967074451562061734004770411459105158246557376634429105810067485043185243543703"",""1744860371913237023715727220135407225945971679399409894350061995708672867782859878930293489785530330266242780209781411609238779402089384972765397201212430886129624627738968537161469621309249649878559461498812695134772562748664954961614149264954778250887138850960476147055604637977566882600610353765441491041289775772924714341221739428714517626880""],""ok"":true,""upper"":[""8324014560976927817583139116581682874802776403937026109331"",""514918501730938656408404601122503885695896345053690331136""]}","[""3394103921210525875488832416622566862321471527371"",""204689850631086481035039414441589824290161688576""]",-14.49841700377874,-8.888417003618088
31001,6,0,31001_6,d224191d90b5387121790d370fcb8aa6aa7e94fef322d2e1ed3ab165ad83af36,fdd937a50ec8c4a28c62f2b1ec78ba15e46c7a39d0a01c699522bffc62cd1f36,39c75ee513e4a6561ba26d5df93519b85af6c42334b4156a9f8301ebc5e3b0b2,A_r0_s31001_t6_conic,True,True,COMPLETE_SUCCESS,False,optimal,conic,0,28,False,76.51304099999834,137.81762500002515,137.82112499757204,1.0467727112298315e-06,True,True,COLLISION_WITNESSED,5413056323087/36028797018963968,True,True,0.11633300164248794,23.698457996943034,0.2859170053852722,48.87299999973038,2.7772079993155785,60.55783399642678,"[""126048194004466902449511"",""241832203120313794297856""]","{""axis"":1,""sign"":-1}","{""lower"":[""135887969208700182675016218456638734907946084816937699356939271035978669475059745860270981900531623214039928532303350147164095519217922034376497895870521454668947797510953673478754062715791620135175003679954033973846584816833919189105341282510999902420584279862680898039344693696993838062508555496659734800423168768979193316853"",""8399280682782592189075731290121338999105885435088419044914388484035943273211604748971923616218899413420981713195319450627409192507461764805613296259597596645745413472300036473672729323536608507432576811231266903889079845898063172404454439590007716683909716522832631560895836400656041838730681541210743378342964097888037109760""],""ok"":true,""upper"":[""7758496506074353600739650213529260690896293312429"",""479555224749202520035584085735030365824602865664""]}","[""81231639068148306539929978179475772068027771073989"",""4912556415146075544840945946598155782963880525824""]",A_r0_s31001_t6_factor,True,True,COMPLETE_SUCCESS,False,stationary,factor,4,0,False,65.77924999874085,111.03908299992327,111.04279199935263,1.4669242220312168e-08,True,True,NO_NEGATIVE_WITNESS_FOUND,5411636092431/36028797018963968,True,True,0.06033299723640084,5.347874997823965,0.18470900249667466,56.3988329959102,2.9455410040100105,44.45545800263062,"[""252096385439492688713229"",""483664406240627588595712""]","{""axis"":1,""sign"":-1}","{""lower"":[""1392618068489431694481390793569537773912524005681855025102266703904905699337726780385443061285679256900291030588646256667077724227887419735839800469086037175341220092680208064476573394070596684908378776951471246327895551735483161505018055928511258347140934243412372615396537018502258870750602009531347139450741024556147853254314965166221498283307"",""86078181632810489530784863684604205263710349653538239782140403090205628702653943496654365666289684289657220205476910402936622097337933869457731217286957439803365700650238970651986026285630682102171861711191432328074505281970460221815040552837394460958906830678538094688850232751488468309807321798325111649868422304890065428119748017760092815360""],""ok"":true,""upper"":[""337930183009945767264559887016577932856819512389202971681245876274538096864485021903142697"",""20887575929211038970526054422166475284219158333488604132499487029512698874526401772388352""]}","[""5802260180569609591902317753546106725777389600691"",""350896886796148253202924710471296841640277180416""]",-10.733791001257487,-26.77854200010188
31001,6,1,31001_6,d224191d90b5387121790d370fcb8aa6aa7e94fef322d2e1ed3ab165ad83af36,fdd937a50ec8c4a28c62f2b1ec78ba15e46c7a39d0a01c699522bffc62cd1f36,39c75ee513e4a6561ba26d5df93519b85af6c42334b4156a9f8301ebc5e3b0b2,A_r1_s31001_t6_conic,True,True,COMPLETE_SUCCESS,False,optimal,conic,0,28,False,78.93808399967384,113.28137500095181,113.28379200131167,1.0467727112298315e-06,True,True,COLLISION_WITNESSED,5413056323087/36028797018963968,True,True,0.06429199856938794,23.7314170008176,0.3100419999100268,51.20820900629042,2.820916000928264,33.514750000904314,"[""126048194004466902449511"",""241832203120313794297856""]","{""axis"":1,""sign"":-1}","{""lower"":[""135887969208700182675016218456638734907946084816937699356939271035978669475059745860270981900531623214039928532303350147164095519217922034376497895870521454668947797510953673478754062715791620135175003679954033973846584816833919189105341282510999902420584279862680898039344693696993838062508555496659734800423168768979193316853"",""8399280682782592189075731290121338999105885435088419044914388484035943273211604748971923616218899413420981713195319450627409192507461764805613296259597596645745413472300036473672729323536608507432576811231266903889079845898063172404454439590007716683909716522832631560895836400656041838730681541210743378342964097888037109760""],""ok"":true,""upper"":[""7758496506074353600739650213529260690896293312429"",""479555224749202520035584085735030365824602865664""]}","[""81231639068148306539929978179475772068027771073989"",""4912556415146075544840945946598155782963880525824""]",A_r1_s31001_t6_factor,True,True,COMPLETE_SUCCESS,False,stationary,factor,4,0,False,63.67741700523766,108.9387500032899,108.94150000240188,1.4669242220312168e-08,True,True,NO_NEGATIVE_WITNESS_FOUND,5411636092431/36028797018963968,True,True,0.06275000487221405,5.409750003309455,0.21516600099857897,54.2249999998603,2.9165839951019734,44.49845800263574,"[""252096385439492688713229"",""483664406240627588595712""]","{""axis"":1,""sign"":-1}","{""lower"":[""1392618068489431694481390793569537773912524005681855025102266703904905699337726780385443061285679256900291030588646256667077724227887419735839800469086037175341220092680208064476573394070596684908378776951471246327895551735483161505018055928511258347140934243412372615396537018502258870750602009531347139450741024556147853254314965166221498283307"",""86078181632810489530784863684604205263710349653538239782140403090205628702653943496654365666289684289657220205476910402936622097337933869457731217286957439803365700650238970651986026285630682102171861711191432328074505281970460221815040552837394460958906830678538094688850232751488468309807321798325111649868422304890065428119748017760092815360""],""ok"":true,""upper"":[""337930183009945767264559887016577932856819512389202971681245876274538096864485021903142697"",""20887575929211038970526054422166475284219158333488604132499487029512698874526401772388352""]}","[""5802260180569609591902317753546106725777389600691"",""350896886796148253202924710471296841640277180416""]",-15.260666994436178,-4.342624997661915
31001,7,0,31001_7,aa7a259bc25b51ed546a6423a08abda8458418903b44e782dce7c61f55869cf0,fdd937a50ec8c4a28c62f2b1ec78ba15e46c7a39d0a01c699522bffc62cd1f36,39c75ee513e4a6561ba26d5df93519b85af6c42334b4156a9f8301ebc5e3b0b2,A_r0_s31001_t7_conic,True,True,COMPLETE_SUCCESS,False,optimal,conic,0,28,False,88.26745799888158,122.00541600032011,122.0082910003839,1.0341120156818959e-06,True,True,COLLISION_WITNESSED,867912064527/36028797018963968,True,True,0.060874997870996594,23.59979200264206,0.3475419944152236,60.627874998317566,2.887458002078347,32.9208750044927,"[""994985848396638491866155"",""1934657624962510354382848""]","{""axis"":1,""sign"":-1}","{""lower"":[""29909041903083781019138399683928107427970231014893590616780200260282903442211957730573329859070050099341303368043618481814128005371197578319270869089304224608157775677831344834615571858586289941438780323330467144266877510788147256726048719298336455274599112218894133120166418889733450077404533029647232866112485075281840561259"",""1849002636317093179484560363692920242783044643816508409210670857776642509821126523008660355230990952528592981151053809979016363381744218164580293205708551696474259871059333341678447140445285365542327872976147676936247689542993451173928709304582840110077342235636398881568716140618960162429130229198323566470332711478314926080""],""ok"":true,""upper"":[""7757175650858764765985464130642167197762285679589"",""479555224749202520035584085735030365824602865664""]}","[""20278534792866375820898414369388820452523848749041"",""1228139103786518886210236486649538945740970131456""]",A_r0_s31001_t7_factor,True,True,COMPLETE_SUCCESS,False,stationary,factor,4,0,False,29.332416997931432,83.01166699675377,83.01474999461789,1.4475411700742847e-08,False,False,NO_NEGATIVE_WITNESS_FOUND,-25073/36028797018963968,True,True,0.0751249972381629,5.287334002787247,0.21337500220397487,5.900625001231674,17.294709003181197,53.092791997187305,"[""0"",""1""]","{""axis"":null,""sign"":null}","{""lower"":[""252277208420088497223123287453498319484148913209593476938749905822527083241881432769087406306825151343009534326860853892015666904370352838565354387928664003539822217714532690685903657970068842106016763727687011172874392750965116128824019083576187061459995671008626028175446363826829697936120335749524441796345392010266646782938625698362309249"",""15595992528808249274480323600306557538578900643124401511110198764581390219337167864948079451664418849426876108531739420089781291281360136470866445887821746712122989871618120508130541517047832287130153163586985142977440128435753198732208338409953083144619886180602744516787037901649170339752554656659563745726559187683723108030960022123970560""],""ok"":true,""upper"":[""1226369126622133766804987049808900998764742914698239904448014707689007777297074372593350945082607215913418998418510415531670411913"",""75815186948616031316597262847662445015840076279807484477317801032431051385310075629999300166910066588600540924725878917198512128""]}","[""28897731194609265848978285012705631258229"",""1786482426334926933182716689016783110144""]",-58.93504100095015,-38.993749003566336
31001,7,1,31001_7,aa7a259bc25b51ed546a6423a08abda8458418903b44e782dce7c61f55869cf0,fdd937a50ec8c4a28c62f2b1ec78ba15e46c7a39d0a01c699522bffc62cd1f36,39c75ee513e4a6561ba26d5df93519b85af6c42334b4156a9f8301ebc5e3b0b2,A_r1_s31001_t7_conic,True,True,COMPLETE_SUCCESS,False,optimal,conic,0,28,False,90.24587499879999,124.45441599993501,124.45712499902584,1.0341120156818959e-06,True,True,COLLISION_WITNESSED,867912064527/36028797018963968,True,True,0.0617909972788766,23.890208001830615,0.30095799593254924,62.173709004127886,2.989915999933146,33.35120800329605,"[""994985848396638491866155"",""1934657624962510354382848""]","{""axis"":1,""sign"":-1}","{""lower"":[""29909041903083781019138399683928107427970231014893590616780200260282903442211957730573329859070050099341303368043618481814128005371197578319270869089304224608157775677831344834615571858586289941438780323330467144266877510788147256726048719298336455274599112218894133120166418889733450077404533029647232866112485075281840561259"",""1849002636317093179484560363692920242783044643816508409210670857776642509821126523008660355230990952528592981151053809979016363381744218164580293205708551696474259871059333341678447140445285365542327872976147676936247689542993451173928709304582840110077342235636398881568716140618960162429130229198323566470332711478314926080""],""ok"":true,""upper"":[""7757175650858764765985464130642167197762285679589"",""479555224749202520035584085735030365824602865664""]}","[""20278534792866375820898414369388820452523848749041"",""1228139103786518886210236486649538945740970131456""]",A_r1_s31001_t7_factor,True,True,COMPLETE_SUCCESS,False,stationary,factor,4,0,False,25.736874995345715,79.81858299899613,79.82162499683909,1.4475411700742847e-08,False,False,NO_NEGATIVE_WITNESS_FOUND,-25073/36028797018963968,True,True,0.079624995123595,5.567209002037998,0.2002080000238493,5.7993750015157275,13.544875000661705,53.5387920026551,"[""0"",""1""]","{""axis"":null,""sign"":null}","{""lower"":[""252277208420088497223123287453498319484148913209593476938749905822527083241881432769087406306825151343009534326860853892015666904370352838565354387928664003539822217714532690685903657970068842106016763727687011172874392750965116128824019083576187061459995671008626028175446363826829697936120335749524441796345392010266646782938625698362309249"",""15595992528808249274480323600306557538578900643124401511110198764581390219337167864948079451664418849426876108531739420089781291281360136470866445887821746712122989871618120508130541517047832287130153163586985142977440128435753198732208338409953083144619886180602744516787037901649170339752554656659563745726559187683723108030960022123970560""],""ok"":true,""upper"":[""1226369126622133766804987049808900998764742914698239904448014707689007777297074372593350945082607215913418998418510415531670411913"",""75815186948616031316597262847662445015840076279807484477317801032431051385310075629999300166910066588600540924725878917198512128""]}","[""28897731194609265848978285012705631258229"",""1786482426334926933182716689016783110144""]",-64.50900000345428,-44.635833000938874
31002,0,0,31002_0,812a0bae8a4fc196efeb61c0916781cc74cd80c066dba435016c4ef788e6d217,fdd937a50ec8c4a28c62f2b1ec78ba15e46c7a39d0a01c699522bffc62cd1f36,39c75ee513e4a6561ba26d5df93519b85af6c42334b4156a9f8301ebc5e3b0b2,A_r0_s31002_t0_conic,True,True,COMPLETE_SUCCESS,False,optimal,conic,0,34,False,98.50529200048186,132.40195799880894,132.40470799792092,7.4114094694246695e-06,False,False,NO_NEGATIVE_WITNESS_FOUND,3168163479/36028797018963968,True,True,33.346042000630405,58.23954199877335,0.2991250003105961,2.7624579961411655,3.2922919999691658,33.36045899777673,"[""0"",""1""]","{""axis"":null,""sign"":null}","{""lower"":[""1434426379979579512168641816302861152041548441965114232449459995930483716545552675005913653159949993911239309061250868589464483026778864389588019598989701019671922375021781997864435996628693828847113298216053548984195137214662199102427322602709162385775709442668310574430440901725484441589795080189267712407714775060463"",""89651684646265849526293830464672705847249834713585614324629719010273701343777532811571709806795381475094422480326051762789552378389965692127662402232793274658000313327691794361173408757586599574324891602699324763036103462471770456024621217131168193737909263522137099113786751823116423362532597331914167336317172580352""],""ok"":true,""upper"":[""2192252593673870446932257768694973690449225243649"",""137015778499772148581595453067151533092743675904""]}","[""5115256051224106577668138730562117150793554176631"",""319703483166135013357056057156686910549735243776""]",A_r0_s31002_t0_factor,True,True,COMPLETE_SUCCESS,False,optimal,conic,0,34,True,97.23862499959068,130.9815830027219,130.98654100031126,7.4114094694246695e-06,False,False,NO_NEGATIVE_WITNESS_FOUND,3168163479/36028797018963968,True,True,32.62849999737227,57.868625000992324,0.2963330043712631,2.7299590001348406,3.06829200417269,33.10416599560995,"[""0"",""1""]","{""axis"":null,""sign"":null}","{""lower"":[""1434426379979579512168641816302861152041548441965114232449459995930483716545552675005913653159949993911239309061250868589464483026778864389588019598989701019671922375021781997864435996628693828847113298216053548984195137214662199102427322602709162385775709442668310574430440901725484441589795080189267712407714775060463"",""89651684646265849526293830464672705847249834713585614324629719010273701343777532811571709806795381475094422480326051762789552378389965692127662402232793274658000313327691794361173408757586599574324891602699324763036103462471770456024621217131168193737909263522137099113786751823116423362532597331914167336317172580352""],""ok"":true,""upper"":[""2192252593673870446932257768694973690449225243649"",""137015778499772148581595453067151533092743675904""]}","[""5115256051224106577668138730562117150793554176631"",""319703483166135013357056057156686910549735243776""]",-1.2666670008911751,-1.4203749960870482
31002,0,1,31002_0,812a0bae8a4fc196efeb61c0916781cc74cd80c066dba435016c4ef788e6d217,fdd937a50ec8c4a28c62f2b1ec78ba15e46c7a39d0a01c699522bffc62cd1f36,39c75ee513e4a6561ba26d5df93519b85af6c42334b4156a9f8301ebc5e3b0b2,A_r1_s31002_t0_conic,True,True,COMPLETE_SUCCESS,False,optimal,conic,0,34,False,94.18241700041108,127.91558299795724,127.9179999983171,7.4114094694246695e-06,False,False,NO_NEGATIVE_WITNESS_FOUND,3168163479/36028797018963968,True,True,32.86604199820431,54.08874999557156,0.30208299722289667,2.7595410065259784,3.230125003028661,33.139541003038175,"[""0"",""1""]","{""axis"":null,""sign"":null}","{""lower"":[""1434426379979579512168641816302861152041548441965114232449459995930483716545552675005913653159949993911239309061250868589464483026778864389588019598989701019671922375021781997864435996628693828847113298216053548984195137214662199102427322602709162385775709442668310574430440901725484441589795080189267712407714775060463"",""89651684646265849526293830464672705847249834713585614324629719010273701343777532811571709806795381475094422480326051762789552378389965692127662402232793274658000313327691794361173408757586599574324891602699324763036103462471770456024621217131168193737909263522137099113786751823116423362532597331914167336317172580352""],""ok"":true,""upper"":[""2192252593673870446932257768694973690449225243649"",""137015778499772148581595453067151533092743675904""]}","[""5115256051224106577668138730562117150793554176631"",""319703483166135013357056057156686910549735243776""]",A_r1_s31002_t0_factor,True,True,COMPLETE_SUCCESS,False,optimal,conic,0,34,True,106.40929199871607,140.59837500099093,140.6049580036779,7.4114094694246695e-06,False,False,NO_NEGATIVE_WITNESS_FOUND,3168163479/36028797018963968,True,True,32.91137500491459,66.34800000028918,0.3172080032527447,2.868124996894039,3.2876249970286153,33.47645900066709,"[""0"",""1""]","{""axis"":null,""sign"":null}","{""lower"":[""1434426379979579512168641816302861152041548441965114232449459995930483716545552675005913653159949993911239309061250868589464483026778864389588019598989701019671922375021781997864435996628693828847113298216053548984195137214662199102427322602709162385775709442668310574430440901725484441589795080189267712407714775060463"",""89651684646265849526293830464672705847249834713585614324629719010273701343777532811571709806795381475094422480326051762789552378389965692127662402232793274658000313327691794361173408757586599574324891602699324763036103462471770456024621217131168193737909263522137099113786751823116423362532597331914167336317172580352""],""ok"":true,""upper"":[""2192252593673870446932257768694973690449225243649"",""137015778499772148581595453067151533092743675904""]}","[""5115256051224106577668138730562117150793554176631"",""319703483166135013357056057156686910549735243776""]",12.226874998304993,12.682792003033683
31002,1,0,31002_1,2cb7190742147643e6d10dc8a60a501e3a872c949ed08e564110503348b08098,fdd937a50ec8c4a28c62f2b1ec78ba15e46c7a39d0a01c699522bffc62cd1f36,39c75ee513e4a6561ba26d5df93519b85af6c42334b4156a9f8301ebc5e3b0b2,A_r0_s31002_t1_conic,True,True,COMPLETE_SUCCESS,False,optimal,conic,0,30,False,33.40962499351008,69.06291699851863,69.06562499352731,1.1994151973907258e-05,False,False,NO_NEGATIVE_WITNESS_FOUND,49993367/36028797018963968,True,True,0.0718749943189323,26.22562499891501,0.2961669961223379,2.57620799675351,3.6913339936290868,35.10562500014203,"[""0"",""1""]","{""axis"":null,""sign"":null}","{""lower"":[""427479164924901933245023477911354714435846352341378429564291773946240603673021652710701099435079817127004520879467629335567223469688400719024916157221335888915718934869545881308078227218011748931736135465131521183299587904078526948793265579395377378955193131197080838356354147747186856761043267069892388853980565001"",""26696827817779074985801683563707752813448252182234730373927265925012990690435707065323065550184330531827243503666651087820986146053937607924664478983849094434112312640789667713006893788176385257143343690293461867246268663370935854408432399870787895447100172462343578353804706664447337711683628442730822227931955200""],""ok"":true,""upper"":[""5119210466171558412291783616700643256697456355561"",""319703483166135013357056057156686910549735243776""]}","[""43589817328530829699340330813229008262703"",""2722258935367507707706996859454145691648""]",A_r0_s31002_t1_factor,True,True,COMPLETE_SUCCESS,False,stationary,factor,6,0,False,70.96016599825816,104.78191600122955,104.78483299812069,1.4978205249718716e-08,True,True,COLLISION_WITNESSED,2119634692639/18014398509481984,True,True,0.08279099711216986,7.151874997362029,0.18845799786504358,60.1200829987647,2.636832999996841,33.05708400148433,"[""10829456130994969812017643"",""15477260999700082835062784""]","{""axis"":1,""sign"":1}","{""lower"":[""4334931640152766117311590147307809485907800039686571802842790050945885591648843436420848697169522466556591914700816732611062784344098036383617464445451671780495598675614856003741515263649128379593031147637126168092023326417849171037147709096605726882918982362584773837252836175857441819935771412395164868374889761541250942311718674453310561639879"",""270723924219296632846226612452218656690995436667339677035436130943625117163150616241474242904278027411804991064877586661367632829919603618413148481892195563693262518307864614840288256200339256924395220322480865184978060140166071873160982970292242879464873172952566043220041143230405265821494580853099391825197739841127746071631948294029049856000""],""ok"":true,""upper"":[""4426535873623745592449289048299254400927889463820087356101416962757"",""276444765629962615082034822669634884837099625426441417042566316032""]}","[""4274675380799221646196111997892630371326626068959161"",""239545608052837207519863269015071977226429221830656""]",37.550541004748084,35.718999002710916
31002,1,1,31002_1,2cb7190742147643e6d10dc8a60a501e3a872c949ed08e564110503348b08098,fdd937a50ec8c4a28c62f2b1ec78ba15e46c7a39d0a01c699522bffc62cd1f36,39c75ee513e4a6561ba26d5df93519b85af6c42334b4156a9f8301ebc5e3b0b2,A_r1_s31002_t1_conic,True,True,COMPLETE_SUCCESS,False,optimal,conic,0,30,False,32.56754200265277,66.72045899904333,66.722875002597,1.1994151973907258e-05,False,False,NO_NEGATIVE_WITNESS_FOUND,49993367/36028797018963968,True,True,0.06295899947872385,25.47241600404959,0.30858399986755103,2.635459000885021,3.544042003341019,33.59725000336766,"[""0"",""1""]","{""axis"":null,""sign"":null}","{""lower"":[""427479164924901933245023477911354714435846352341378429564291773946240603673021652710701099435079817127004520879467629335567223469688400719024916157221335888915718934869545881308078227218011748931736135465131521183299587904078526948793265579395377378955193131197080838356354147747186856761043267069892388853980565001"",""26696827817779074985801683563707752813448252182234730373927265925012990690435707065323065550184330531827243503666651087820986146053937607924664478983849094434112312640789667713006893788176385257143343690293461867246268663370935854408432399870787895447100172462343578353804706664447337711683628442730822227931955200""],""ok"":true,""upper"":[""5119210466171558412291783616700643256697456355561"",""319703483166135013357056057156686910549735243776""]}","[""43589817328530829699340330813229008262703"",""2722258935367507707706996859454145691648""]",A_r1_s31002_t1_factor,True,True,COMPLETE_SUCCESS,False,stationary,factor,6,0,False,71.10037500387989,105.45249999995576,105.45475000253646,1.4978205249718716e-08,True,True,COLLISION_WITNESSED,2119634692639/18014398509481984,True,True,0.06129200482973829,7.146333002310712,0.20891700114589185,60.159499997098465,2.718999996432103,33.60570800577989,"[""10829456130994969812017643"",""15477260999700082835062784""]","{""axis"":1,""sign"":1}","{""lower"":[""4334931640152766117311590147307809485907800039686571802842790050945885591648843436420848697169522466556591914700816732611062784344098036383617464445451671780495598675614856003741515263649128379593031147637126168092023326417849171037147709096605726882918982362584773837252836175857441819935771412395164868374889761541250942311718674453310561639879"",""270723924219296632846226612452218656690995436667339677035436130943625117163150616241474242904278027411804991064877586661367632829919603618413148481892195563693262518307864614840288256200339256924395220322480865184978060140166071873160982970292242879464873172952566043220041143230405265821494580853099391825197739841127746071631948294029049856000""],""ok"":true,""upper"":[""4426535873623745592449289048299254400927889463820087356101416962757"",""276444765629962615082034822669634884837099625426441417042566316032""]}","[""4274675380799221646196111997892630371326626068959161"",""239545608052837207519863269015071977226429221830656""]",38.53283300122712,38.73204100091243
31002,2,0,31002_2,4e802a50c2d44960dda196b7471038a81d3d63ce7d0803fa7d1cb2da685eb016,fdd937a50ec8c4a28c62f2b1ec78ba15e46c7a39d0a01c699522bffc62cd1f36,39c75ee513e4a6561ba26d5df93519b85af6c42334b4156a9f8301ebc5e3b0b2,A_r0_s31002_t2_conic,True,True,COMPLETE_SUCCESS,False,optimal,conic,0,33,False,35.530833003576845,70.0834580056835,70.08662500447826,1.412998266260788e-05,False,False,NO_NEGATIVE_WITNESS_FOUND,11851415/36028797018963968,True,True,0.07945800462039188,28.344708000076935,0.2916250014095567,2.6554590003797784,3.598540999519173,33.98987500258954,"[""0"",""1""]","{""axis"":null,""sign"":null}","{""lower"":[""651551812667923127192727014384886218078562593623444277278773641476760566601324046652704553274503593449714527003467901619646508757448322947655645297232218629705165580454786777235163068423053895253715180337197910948981308547676696341615741101799706080593820550674274004687280293751158705929254199610047027105370594513"",""40607833437690121704064431222758018097704843654442336171798996957145345412785200233715431729747304151071790861341899299893584930965076471394147193770947518199102418854453792281534929247714381667162219861652735869019169242650857320587941140177404019442432789136406605321647082174285171934614310518613209997335592960""],""ok"":true,""upper"":[""80150625269286076276129211915775764249697360689"",""4995366924470859583704000893073232977339613184""]}","[""152875185484707904701668490487758779848313"",""9527906273786276976974489008089509920768""]",A_r0_s31002_t2_factor,True,True,COMPLETE_SUCCESS,False,stationary,factor,4,0,False,75.8860830028425,111.57733300206019,111.5845829990576,1.493211499205689e-08,True,True,COLLISION_WITNESSED,6884817676831/18014398509481984,True,True,0.06666599801974371,4.946625005686656,0.19404199701966718,65.10875000094529,4.7882500002742745,34.95404199929908,"[""23494579617832520939518959"",""30954521999400165670125568""]","{""axis"":1,""sign"":1}","{""lower"":[""1445262855288175963854304675954354582374546986769124316779526132458747453530120563422864670440239544801322923999927791248958367031417903991249421973760000594999637968899836527109034036670122183328768305989902543272429560006089270184303229944851950216156101686963496696650928399460290271107605575835065744343278938839388534378150293028519280213941"",""90075632588107531242450063109903680846236656218027984357278702826167277873140366031751140086781605855174342367335922465369105509163978408973807893078807165789123660640928471396020408626300299510470660251151448464788273785527972164608994958512048173901694693551794331229168650929144705407057438639554684877347130029396156384041382603220183941120""],""ok"":true,""upper"":[""3896263495463495161547905084566034417760745552454406246242087176539929888647898064557"",""242833611528216133864932738352939863330300854881517440156476551217363035650651062272""]}","[""706995659177626958388798707544833560333616401534867"",""39300451321168604358727567572785246263711044206592""]",40.35524999926565,41.49387499637669
31002,2,1,31002_2,4e802a50c2d44960dda196b7471038a81d3d63ce7d0803fa7d1cb2da685eb016,fdd937a50ec8c4a28c62f2b1ec78ba15e46c7a39d0a01c699522bffc62cd1f36,39c75ee513e4a6561ba26d5df93519b85af6c42334b4156a9f8301ebc5e3b0b2,A_r1_s31002_t2_conic,True,True,COMPLETE_SUCCESS,False,optimal,conic,0,33,False,34.24429199367296,68.82283299637493,68.82541699451394,1.412998266260788e-05,False,False,NO_NEGATIVE_WITNESS_FOUND,11851415/36028797018963968,True,True,0.061166996601969004,27.090167001006193,0.31008399673737586,2.722749995882623,3.514042000460904,34.02512500179,"[""0"",""1""]","{""axis"":null,""sign"":null}","{""lower"":[""651551812667923127192727014384886218078562593623444277278773641476760566601324046652704553274503593449714527003467901619646508757448322947655645297232218629705165580454786777235163068423053895253715180337197910948981308547676696341615741101799706080593820550674274004687280293751158705929254199610047027105370594513"",""40607833437690121704064431222758018097704843654442336171798996957145345412785200233715431729747304151071790861341899299893584930965076471394147193770947518199102418854453792281534929247714381667162219861652735869019169242650857320587941140177404019442432789136406605321647082174285171934614310518613209997335592960""],""ok"":true,""upper"":[""80150625269286076276129211915775764249697360689"",""4995366924470859583704000893073232977339613184""]}","[""152875185484707904701668490487758779848313"",""9527906273786276976974489008089509920768""]",A_r1_s31002_t2_factor,True,True,COMPLETE_SUCCESS,False,stationary,factor,4,0,False,74.03058300405974,107.90695800096728,107.90999999881024,1.493211499205689e-08,True,True,COLLISION_WITNESSED,6884817676831/18014398509481984,True,True,0.07029200060060248,5.264624996925704,0.19595899357227609,65.07104100455763,2.6334169961046427,33.09991599962814,"[""23494579617832520939518959"",""30954521999400165670125568""]","{""axis"":1,""sign"":1}","{""lower"":[""1445262855288175963854304675954354582374546986769124316779526132458747453530120563422864670440239544801322923999927791248958367031417903991249421973760000594999637968899836527109034036670122183328768305989902543272429560006089270184303229944851950216156101686963496696650928399460290271107605575835065744343278938839388534378150293028519280213941"",""90075632588107531242450063109903680846236656218027984357278702826167277873140366031751140086781605855174342367335922465369105509163978408973807893078807165789123660640928471396020408626300299510470660251151448464788273785527972164608994958512048173901694693551794331229168650929144705407057438639554684877347130029396156384041382603220183941120""],""ok"":true,""upper"":[""3896263495463495161547905084566034417760745552454406246242087176539929888647898064557"",""242833611528216133864932738352939863330300854881517440156476551217363035650651062272""]}","[""706995659177626958388798707544833560333616401534867"",""39300451321168604358727567572785246263711044206592""]",39.786291010386776,39.08412500459235
31002,3,0,31002_3,338f21d08201de2ef313ffc560c1cf11c968971a7b409b7136633ff4a0ccd87e,fdd937a50ec8c4a28c62f2b1ec78ba15e46c7a39d0a01c699522bffc62cd1f36,39c75ee513e4a6561ba26d5df93519b85af6c42334b4156a9f8301ebc5e3b0b2,A_r0_s31002_t3_conic,True,True,COMPLETE_SUCCESS,False,optimal,conic,0,28,False,31.692292002844624,65.24012500449317,65.24266700580483,1.1028694577243235e-05,False,False,NO_NEGATIVE_WITNESS_FOUND,87703/36028797018963968,True,True,0.057000004744622856,24.56250000250293,0.2762079966487363,2.5683339990791865,3.5747079964494333,33.001582996803336,"[""0"",""1""]","{""axis"":null,""sign"":null}","{""lower"":[""54039859464822308969353047147014387726137196404302454187160789965747465647667772517478649076498747433651051931905732859116547935068351748335850892976461560917106386851962253165807340247261558857902384084513965489834142916046392771378057909956003019393194662814425227711024724749939928539487321391393373330221508793"",""3358685495476972942027376314613257505333750667200704284966453703425172070131490590818668862727911781548457049500583571175806988336872002062474262500619185823718056580221623115442191441440627156094281666282472721436447381068914173152254023658336211463116028805375461976062542973297943360749287030891415771105198080""],""ok"":true,""upper"":[""275566084554845922997446746024629177824207737443"",""17126972312471518572699431633393941636592959488""]}","[""114975130044720308299647959915257529093051"",""7145929705339707732730866756067132440576""]",A_r0_s31002_t3_factor,True,True,COMPLETE_SUCCESS,False,stationary,factor,5,0,False,30.045833002077416,78.95250000001397,78.95495800039498,1.480353555128783e-08,False,False,NO_NEGATIVE_WITNESS_FOUND,-10601/36028797018963968,True,True,0.09020799916470423,5.706832998839673,0.19429199892329052,5.819208003231324,17.707958002574742,48.33262500324054,"[""0"",""1""]","{""axis"":null,""sign"":null}","{""lower"":[""16037839299003852692476463779216413541525672059829947529494278976891827075459100523915825132193606427742558874313572625846335661873605859637728709963603709157977551287760758484582808956920047199935127308273663506313512011291209062507496066342261399848858006368189307743195244728802888006233126069823633228217518323167939159129825324890077836411"",""996783150609588123850871626972566247945208872852074020215272935082665743647873375113809005904811900704072603282905796234608347380063040524536238005029483163612282090971430665269734242755159133829271729174971405318877490778097267022252823702830003499200832871669452790663191947105517269532737493429769444448154771999084019999751191933306798080""],""ok"":true,""upper"":[""16928622585940084362867234628517585085089282189102545403579617412202179240501498381562263754140785965070452846373"",""1052147077082677286094487307361622988264305781910927302076866355246429643251344582671737151276376378958306869248""]}","[""229950260077276470874593979661475491370077"",""14291859410679415465461733512134264881152""]",-1.6464590007672086,13.712374995520804
31002,3,1,31002_3,338f21d08201de2ef313ffc560c1cf11c968971a7b409b7136633ff4a0ccd87e,fdd937a50ec8c4a28c62f2b1ec78ba15e46c7a39d0a01c699522bffc62cd1f36,39c75ee513e4a6561ba26d5df93519b85af6c42334b4156a9f8301ebc5e3b0b2,A_r1_s31002_t3_conic,True,True,COMPLETE_SUCCESS,False,optimal,conic,0,28,False,31.281584000680596,65.17433400586015,65.17833399993833,1.1028694577243235e-05,False,False,NO_NEGATIVE_WITNESS_FOUND,87703/36028797018963968,True,True,0.0624169988441281,24.11512500111712,0.30154100386425853,2.584791000117548,3.6727920014527626,33.331375001580454,"[""0"",""1""]","{""axis"":null,""sign"":null}","{""lower"":[""54039859464822308969353047147014387726137196404302454187160789965747465647667772517478649076498747433651051931905732859116547935068351748335850892976461560917106386851962253165807340247261558857902384084513965489834142916046392771378057909956003019393194662814425227711024724749939928539487321391393373330221508793"",""3358685495476972942027376314613257505333750667200704284966453703425172070131490590818668862727911781548457049500583571175806988336872002062474262500619185823718056580221623115442191441440627156094281666282472721436447381068914173152254023658336211463116028805375461976062542973297943360749287030891415771105198080""],""ok"":true,""upper"":[""275566084554845922997446746024629177824207737443"",""17126972312471518572699431633393941636592959488""]}","[""114975130044720308299647959915257529093051"",""7145929705339707732730866756067132440576""]",A_r1_s31002_t3_factor,True,True,COMPLETE_SUCCESS,False,stationary,factor,5,0,False,26.783542001794558,75.58245900145266,75.58741699904203,1.480353555128783e-08,False,False,NO_NEGATIVE_WITNESS_FOUND,-10601/36028797018963968,True,True,0.06125000072643161,6.134999995992985,0.19666699517983943,5.767916998593137,14.039915993635077,48.237875002087094,"[""0"",""1""]","{""axis"":null,""sign"":null}","{""lower"":[""16037839299003852692476463779216413541525672059829947529494278976891827075459100523915825132193606427742558874313572625846335661873605859637728709963603709157977551287760758484582808956920047199935127308273663506313512011291209062507496066342261399848858006368189307743195244728802888006233126069823633228217518323167939159129825324890077836411"",""996783150609588123850871626972566247945208872852074020215272935082665743647873375113809005904811900704072603282905796234608347380063040524536238005029483163612282090971430665269734242755159133829271729174971405318877490778097267022252823702830003499200832871669452790663191947105517269532737493429769444448154771999084019999751191933306798080""],""ok"":true,""upper"":[""16928622585940084362867234628517585085089282189102545403579617412202179240501498381562263754140785965070452846373"",""1052147077082677286094487307361622988264305781910927302076866355246429643251344582671737151276376378958306869248""]}","[""229950260077276470874593979661475491370077"",""14291859410679415465461733512134264881152""]",-4.498041998886038,10.408124995592516
31002,4,0,31002_4,68a3e0d3df9e355f5519bfecaf0e95420419eb6c5a8567eb9dea74f055ad610a,fdd937a50ec8c4a28c62f2b1ec78ba15e46c7a39d0a01c699522bffc62cd1f36,39c75ee513e4a6561ba26d5df93519b85af6c42334b4156a9f8301ebc5e3b0b2,A_r0_s31002_t4_conic,True,True,COMPLETE_SUCCESS,False,optimal,conic,0,30,False,89.56591600144748,123.74854099471122,123.75129100109916,1.1756445463762542e-06,True,True,COLLISION_WITNESSED,7961019050527/18014398509481984,True,True,0.06174999725772068,25.797832997341175,0.2886669972212985,60.0627079984406,2.5714169969432987,33.47162499994738,"[""403992788813378678949073893"",""485305207232495905792851968""]","{""axis"":1,""sign"":1}","{""lower"":[""3487559974685535552311137772897242372988252585754751262158519317260238478570405967348863481941893648142148832875215202111665512997559865340174494588729224708339205590725658317499360939386272202755954247884894639818938902090725830045538734877127677040688219731225138175997257350315030810694935025661608767970753664426383"",""215979710233702432026831197690955382879501489379968448421958374977447413951294594637886200601188851601030142962361891253149109712306985905919394848489955017497180264405437266004092370247242189948984049018350199741036355513580718151217961043821605321548928894012288959715016866652393891373907688439481147031135069405184""],""ok"":true,""upper"":[""30974719383471157201871555854537246984222197909101"",""1918220898996810080142336342940121463298411462656""]}","[""355709268013996806186898156490568623457187207155256999"",""19320093857447233300813075216188681387152042134339584""]",A_r0_s31002_t4_factor,True,True,COMPLETE_SUCCESS,False,optimal,conic,4,30,True,97.75950000039302,132.1087910037022,132.11133300501388,1.1756445463762542e-06,True,True,COLLISION_WITNESSED,7961019050527/18014398509481984,True,True,0.07104100222932175,33.67250000155764,0.2812079983414151,59.91541699768277,2.6320420001866296,33.342708004056476,"[""403992788813378678949073893"",""485305207232495905792851968""]","{""axis"":1,""sign"":1}","{""lower"":[""3487559974685535552311137772897242372988252585754751262158519317260238478570405967348863481941893648142148832875215202111665512997559865340174494588729224708339205590725658317499360939386272202755954247884894639818938902090725830045538734877127677040688219731225138175997257350315030810694935025661608767970753664426383"",""215979710233702432026831197690955382879501489379968448421958374977447413951294594637886200601188851601030142962361891253149109712306985905919394848489955017497180264405437266004092370247242189948984049018350199741036355513580718151217961043821605321548928894012288959715016866652393891373907688439481147031135069405184""],""ok"":true,""upper"":[""30974719383471157201871555854537246984222197909101"",""1918220898996810080142336342940121463298411462656""]}","[""355709268013996806186898156490568623457187207155256999"",""19320093857447233300813075216188681387152042134339584""]",8.193583998945542,8.360250008990988
31002,4,1,31002_4,68a3e0d3df9e355f5519bfecaf0e95420419eb6c5a8567eb9dea74f055ad610a,fdd937a50ec8c4a28c62f2b1ec78ba15e46c7a39d0a01c699522bffc62cd1f36,39c75ee513e4a6561ba26d5df93519b85af6c42334b4156a9f8301ebc5e3b0b2,A_r1_s31002_t4_conic,True,True,COMPLETE_SUCCESS,False,optimal,conic,0,30,False,90.15691700187745,124.77320800098823,124.77595800010022,1.1756445463762542e-06,True,True,COLLISION_WITNESSED,7961019050527/18014398509481984,True,True,0.07049999840091914,25.645416993938852,0.294167002721224,60.71950000477955,2.632791998621542,33.84574999654433,"[""403992788813378678949073893"",""485305207232495905792851968""]","{""axis"":1,""sign"":1}","{""lower"":[""3487559974685535552311137772897242372988252585754751262158519317260238478570405967348863481941893648142148832875215202111665512997559865340174494588729224708339205590725658317499360939386272202755954247884894639818938902090725830045538734877127677040688219731225138175997257350315030810694935025661608767970753664426383"",""215979710233702432026831197690955382879501489379968448421958374977447413951294594637886200601188851601030142962361891253149109712306985905919394848489955017497180264405437266004092370247242189948984049018350199741036355513580718151217961043821605321548928894012288959715016866652393891373907688439481147031135069405184""],""ok"":true,""upper"":[""30974719383471157201871555854537246984222197909101"",""1918220898996810080142336342940121463298411462656""]}","[""355709268013996806186898156490568623457187207155256999"",""19320093857447233300813075216188681387152042134339584""]",A_r1_s31002_t4_factor,True,True,COMPLETE_SUCCESS,False,optimal,conic,4,30,True,98.2259999946109,133.26412499736762,133.2674999939627,1.1756445463762542e-06,True,True,COLLISION_WITNESSED,7961019050527/18014398509481984,True,True,0.0640419966657646,34.06095800164621,0.2995409959112294,60.05891600216273,2.573042002040893,33.837791001133155,"[""403992788813378678949073893"",""485305207232495905792851968""]","{""axis"":1,""sign"":1}","{""lower"":[""3487559974685535552311137772897242372988252585754751262158519317260238478570405967348863481941893648142148832875215202111665512997559865340174494588729224708339205590725658317499360939386272202755954247884894639818938902090725830045538734877127677040688219731225138175997257350315030810694935025661608767970753664426383"",""215979710233702432026831197690955382879501489379968448421958374977447413951294594637886200601188851601030142962361891253149109712306985905919394848489955017497180264405437266004092370247242189948984049018350199741036355513580718151217961043821605321548928894012288959715016866652393891373907688439481147031135069405184""],""ok"":true,""upper"":[""30974719383471157201871555854537246984222197909101"",""1918220898996810080142336342940121463298411462656""]}","[""355709268013996806186898156490568623457187207155256999"",""19320093857447233300813075216188681387152042134339584""]",8.069082992733456,8.490916996379383
31002,5,0,31002_5,f58bcb90e73941ddcda21957c8597207ce635aef135565dca9e49c9fcc9e4e3e,fdd937a50ec8c4a28c62f2b1ec78ba15e46c7a39d0a01c699522bffc62cd1f36,39c75ee513e4a6561ba26d5df93519b85af6c42334b4156a9f8301ebc5e3b0b2,A_r0_s31002_t5_conic,True,True,COMPLETE_SUCCESS,False,optimal,conic,0,33,False,93.75429100327892,127.78529099887237,127.78824999986682,9.630237605792827e-06,True,True,COLLISION_WITNESSED,1309649174495/4503599627370496,True,True,0.06770800246158615,27.35137499985285,0.3063329932047054,62.478208004904445,2.7345000053173862,33.2768330044928,"[""47836395632650333942090935"",""60663150904061988224106496""]","{""axis"":1,""sign"":-1}","{""lower"":[""1287000566809906007365573845554793278780076053902818548735561880556665508765716582700185916631923836297359829649942516578501338250264192135809121750123124549927563665364381600473041851694515553330199641058571744389901444264938110881537410878100779309174825778147371993539553455230728160049247743418003815291694877"",""79594977696541724524552221864690117549146231921053142207900816854861449788046796871102539921588622096628178233692856977805617815468620468260003712874897594260865613379416438637400425934997392707123911982101976518614060417082659783169640621654446040228589821827522082673548889569585778857749862624998103529291776""],""ok"":true,""upper"":[""2584703338150717064097016861936690797861110322403"",""159851741583067506678528028578343455274867621888""]}","[""2691019007626882241087221789589574380859929916193283"",""150938233261306510162602150126474073337125329174528""]",A_r0_s31002_t5_factor,True,True,COMPLETE_SUCCESS,False,optimal,conic,5,33,True,104.45695900125429,138.51066699862713,138.5133340008906,9.630237605792827e-06,True,True,COLLISION_WITNESSED,1309649174495/4503599627370496,True,True,0.06129200482973829,36.019082996062934,0.330542003212031,64.04145899432478,2.879292005673051,32.95908300060546,"[""47836395632650333942090935"",""60663150904061988224106496""]","{""axis"":1,""sign"":-1}","{""lower"":[""1287000566809906007365573845554793278780076053902818548735561880556665508765716582700185916631923836297359829649942516578501338250264192135809121750123124549927563665364381600473041851694515553330199641058571744389901444264938110881537410878100779309174825778147371993539553455230728160049247743418003815291694877"",""79594977696541724524552221864690117549146231921053142207900816854861449788046796871102539921588622096628178233692856977805617815468620468260003712874897594260865613379416438637400425934997392707123911982101976518614060417082659783169640621654446040228589821827522082673548889569585778857749862624998103529291776""],""ok"":true,""upper"":[""2584703338150717064097016861936690797861110322403"",""159851741583067506678528028578343455274867621888""]}","[""2691019007626882241087221789589574380859929916193283"",""150938233261306510162602150126474073337125329174528""]",10.702667997975368,10.72537599975476
31002,5,1,31002_5,f58bcb90e73941ddcda21957c8597207ce635aef135565dca9e49c9fcc9e4e3e,fdd937a50ec8c4a28c62f2b1ec78ba15e46c7a39d0a01c699522bffc62cd1f36,39c75ee513e4a6561ba26d5df93519b85af6c42334b4156a9f8301ebc5e3b0b2,A_r1_s31002_t5_conic,True,True,COMPLETE_SUCCESS,False,optimal,conic,0,33,False,94.92208400479285,129.55829199927393,129.56104200566188,9.630237605792827e-06,True,True,COLLISION_WITNESSED,1309649174495/4503599627370496,True,True,0.06845900497864932,27.682082996761892,0.3280829987488687,63.22670800000196,2.7550420054467395,33.862917000078596,"[""47836395632650333942090935"",""60663150904061988224106496""]","{""axis"":1,""sign"":-1}","{""lower"":[""1287000566809906007365573845554793278780076053902818548735561880556665508765716582700185916631923836297359829649942516578501338250264192135809121750123124549927563665364381600473041851694515553330199641058571744389901444264938110881537410878100779309174825778147371993539553455230728160049247743418003815291694877"",""79594977696541724524552221864690117549146231921053142207900816854861449788046796871102539921588622096628178233692856977805617815468620468260003712874897594260865613379416438637400425934997392707123911982101976518614060417082659783169640621654446040228589821827522082673548889569585778857749862624998103529291776""],""ok"":true,""upper"":[""2584703338150717064097016861936690797861110322403"",""159851741583067506678528028578343455274867621888""]}","[""2691019007626882241087221789589574380859929916193283"",""150938233261306510162602150126474073337125329174528""]",A_r1_s31002_t5_factor,True,True,COMPLETE_SUCCESS,False,optimal,conic,5,33,True,109.38975000317441,144.087833003141,144.09349999914411,9.630237605792827e-06,True,True,COLLISION_WITNESSED,1309649174495/4503599627370496,True,True,0.07058300252538174,40.53404199657962,0.3084999989368953,64.43916600255761,2.8364999961922877,33.61704100097995,"[""47836395632650333942090935"",""60663150904061988224106496""]","{""axis"":1,""sign"":-1}","{""lower"":[""1287000566809906007365573845554793278780076053902818548735561880556665508765716582700185916631923836297359829649942516578501338250264192135809121750123124549927563665364381600473041851694515553330199641058571744389901444264938110881537410878100779309174825778147371993539553455230728160049247743418003815291694877"",""79594977696541724524552221864690117549146231921053142207900816854861449788046796871102539921588622096628178233692856977805617815468620468260003712874897594260865613379416438637400425934997392707123911982101976518614060417082659783169640621654446040228589821827522082673548889569585778857749862624998103529291776""],""ok"":true,""upper"":[""2584703338150717064097016861936690797861110322403"",""159851741583067506678528028578343455274867621888""]}","[""2691019007626882241087221789589574380859929916193283"",""150938233261306510162602150126474073337125329174528""]",14.467665998381563,14.529541003867052
31002,6,0,31002_6,fa02f4c98c464b2c25c96d4b87ba2a52951d95a0dbfc1866dd8135c4814eb90b,fdd937a50ec8c4a28c62f2b1ec78ba15e46c7a39d0a01c699522bffc62cd1f36,39c75ee513e4a6561ba26d5df93519b85af6c42334b4156a9f8301ebc5e3b0b2,A_r0_s31002_t6_conic,True,True,COMPLETE_SUCCESS,False,optimal,conic,0,30,False,91.0614170061308,124.8464580057771,124.84908300393727,1.8975015850422843e-06,True,True,COLLISION_WITNESSED,2229772656607/4503599627370496,True,True,0.05870800669072196,25.61720900121145,0.3969590034103021,61.368208000203595,2.843333000782877,33.06945799704408,"[""1363426010678171796738409269"",""1941220828929983623171407872""]","{""axis"":1,""sign"":-1}","{""lower"":[""269663812145062150269734299098800567601114589192351904078795749084343906407566462412514045739753374996505388225882649631527747853271110945214411482012611409247543576081465913987166872980115783667780392104763595838262684792750441078065157095006501995478716161996310447718706951539776620246862832586874814125168647510991952492031"",""16697419755376033947142871802352977325591417701161108570705215814670614502818483849789584269594121018990842192049082304138451831955585097385309856009665452369077659256651766363077881862797130408656287783648067924595941291252708995298454080379697186264964266140717440822380757330972265946845087533698013377791618974958317731840""],""ok"":true,""upper"":[""184400753912386691464752666700399830605387248797"",""11417981541647679048466287755595961091061972992""]}","[""5387681103903778739303892150704702329929506358487241639"",""309121501719155732813009203459018902194432674149433344""]",A_r0_s31002_t6_factor,True,True,COMPLETE_SUCCESS,False,optimal,conic,7,30,True,103.84779200103367,138.13245900382753,138.1353750039125,1.8975015850422843e-06,True,True,COLLISION_WITNESSED,2229772656607/4503599627370496,True,True,0.06154200673336163,36.96558299998287,0.3228330024285242,62.66783299361123,2.7098749997094274,33.260582997172605,"[""1363426010678171796738409269"",""1941220828929983623171407872""]","{""axis"":1,""sign"":-1}","{""lower"":[""269663812145062150269734299098800567601114589192351904078795749084343906407566462412514045739753374996505388225882649631527747853271110945214411482012611409247543576081465913987166872980115783667780392104763595838262684792750441078065157095006501995478716161996310447718706951539776620246862832586874814125168647510991952492031"",""16697419755376033947142871802352977325591417701161108570705215814670614502818483849789584269594121018990842192049082304138451831955585097385309856009665452369077659256651766363077881862797130408656287783648067924595941291252708995298454080379697186264964266140717440822380757330972265946845087533698013377791618974958317731840""],""ok"":true,""upper"":[""184400753912386691464752666700399830605387248797"",""11417981541647679048466287755595961091061972992""]}","[""5387681103903778739303892150704702329929506358487241639"",""309121501719155732813009203459018902194432674149433344""]",12.786374994902872,13.28600099805044
31002,6,1,31002_6,fa02f4c98c464b2c25c96d4b87ba2a52951d95a0dbfc1866dd8135c4814eb90b,fdd937a50ec8c4a28c62f2b1ec78ba15e46c7a39d0a01c699522bffc62cd1f36,39c75ee513e4a6561ba26d5df93519b85af6c42334b4156a9f8301ebc5e3b0b2,A_r1_s31002_t6_conic,True,True,COMPLETE_SUCCESS,False,optimal,conic,0,30,False,94.4982080036425,128.72904200048652,128.73491700156592,1.8975015850422843e-06,True,True,COLLISION_WITNESSED,2229772656607/4503599627370496,True,True,0.062292005168274045,25.71808400534792,0.29491599707398564,64.68058299651602,2.9129579997970723,33.48149999510497,"[""1363426010678171796738409269"",""1941220828929983623171407872""]","{""axis"":1,""sign"":-1}","{""lower"":[""269663812145062150269734299098800567601114589192351904078795749084343906407566462412514045739753374996505388225882649631527747853271110945214411482012611409247543576081465913987166872980115783667780392104763595838262684792750441078065157095006501995478716161996310447718706951539776620246862832586874814125168647510991952492031"",""16697419755376033947142871802352977325591417701161108570705215814670614502818483849789584269594121018990842192049082304138451831955585097385309856009665452369077659256651766363077881862797130408656287783648067924595941291252708995298454080379697186264964266140717440822380757330972265946845087533698013377791618974958317731840""],""ok"":true,""upper"":[""184400753912386691464752666700399830605387248797"",""11417981541647679048466287755595961091061972992""]}","[""5387681103903778739303892150704702329929506358487241639"",""309121501719155732813009203459018902194432674149433344""]",A_r1_s31002_t6_factor,True,True,COMPLETE_SUCCESS,False,optimal,conic,7,30,True,105.6836249990738,140.5689999955939,140.57270799821708,1.8975015850422843e-06,True,True,COLLISION_WITNESSED,2229772656607/4503599627370496,True,True,0.06733299960615113,37.28083299938589,0.30291700386442244,64.10229099856224,2.806124997732695,33.7265829948592,"[""1363426010678171796738409269"",""1941220828929983623171407872""]","{""axis"":1,""sign"":-1}","{""lower"":[""269663812145062150269734299098800567601114589192351904078795749084343906407566462412514045739753374996505388225882649631527747853271110945214411482012611409247543576081465913987166872980115783667780392104763595838262684792750441078065157095006501995478716161996310447718706951539776620246862832586874814125168647510991952492031"",""16697419755376033947142871802352977325591417701161108570705215814670614502818483849789584269594121018990842192049082304138451831955585097385309856009665452369077659256651766363077881862797130408656287783648067924595941291252708995298454080379697186264964266140717440822380757330972265946845087533698013377791618974958317731840""],""ok"":true,""upper"":[""184400753912386691464752666700399830605387248797"",""11417981541647679048466287755595961091061972992""]}","[""5387681103903778739303892150704702329929506358487241639"",""309121501719155732813009203459018902194432674149433344""]",11.185416995431297,11.839957995107397
31002,7,0,31002_7,145740ed3c2dcbe632073e7ddabd281da0cf0ffca6e24176dac5eb7d85774b52,fdd937a50ec8c4a28c62f2b1ec78ba15e46c7a39d0a01c699522bffc62cd1f36,39c75ee513e4a6561ba26d5df93519b85af6c42334b4156a9f8301ebc5e3b0b2,A_r0_s31002_t7_conic,True,True,COMPLETE_SUCCESS,False,optimal,conic,0,28,False,32.498291999218054,65.98945800215006,65.99425000604242,1.4333259547283537e-05,False,False,NO_NEGATIVE_WITNESS_FOUND,33740439/36028797018963968,True,True,0.062417006120085716,24.21883300121408,0.3248749999329448,2.6523330016061664,4.691624999395572,32.933457994658966,"[""0"",""1""]","{""axis"":null,""sign"":null}","{""lower"":[""6248121424692578686205942402309031181745987152074888429292055449811070386560092804144460197128886275479565072891621085780537912526023329679910220947411421842942823090821412944837215321220976171260130750017435078798117973312772624445654213474057195485825751813342718043371292426009874720077082549659880461680842022887"",""386802725875544059375303235606945708582842303290902942917390994553472489223895367787811643789249330254245780744440625464416725753486111812140345703991416103036374298945751334134188804144301416841472962375548986989670189993573972930748345731372436618778696032517450865846522539752268038787551658160317561708195348480""],""ok"":true,""upper"":[""322765944623280319803956858363147109041710246911"",""19981467697883438334816003572292931909358452736""]}","[""57715048408628479274403376385384687945383"",""3572964852669853866365433378033566220288""]",A_r0_s31002_t7_factor,True,True,COMPLETE_SUCCESS,False,optimal,conic,4,28,True,41.586040999391116,77.63862499996321,77.64158300415147,1.4333259547283537e-05,False,False,NO_NEGATIVE_WITNESS_FOUND,33740439/36028797018963968,True,True,0.06091599789215252,32.305042004736606,0.3660829970613122,2.7106249981443398,4.838875000132248,35.1597920016502,"[""0"",""1""]","{""axis"":null,""sign"":null}","{""lower"":[""6248121424692578686205942402309031181745987152074888429292055449811070386560092804144460197128886275479565072891621085780537912526023329679910220947411421842942823090821412944837215321220976171260130750017435078798117973312772624445654213474057195485825751813342718043371292426009874720077082549659880461680842022887"",""386802725875544059375303235606945708582842303290902942917390994553472489223895367787811643789249330254245780744440625464416725753486111812140345703991416103036374298945751334134188804144301416841472962375548986989670189993573972930748345731372436618778696032517450865846522539752268038787551658160317561708195348480""],""ok"":true,""upper"":[""322765944623280319803956858363147109041710246911"",""19981467697883438334816003572292931909358452736""]}","[""57715048408628479274403376385384687945383"",""3572964852669853866365433378033566220288""]",9.087749000173062,11.649166997813154
31002,7,1,31002_7,145740ed3c2dcbe632073e7ddabd281da0cf0ffca6e24176dac5eb7d85774b52,fdd937a50ec8c4a28c62f2b1ec78ba15e46c7a39d0a01c699522bffc62cd1f36,39c75ee513e4a6561ba26d5df93519b85af6c42334b4156a9f8301ebc5e3b0b2,A_r1_s31002_t7_conic,True,True,COMPLETE_SUCCESS,False,optimal,conic,0,28,False,32.94008400553139,67.19504200009396,67.19779199920595,1.4333259547283537e-05,False,False,NO_NEGATIVE_WITNESS_FOUND,33740439/36028797018963968,True,True,0.0680840021232143,24.440499997581355,0.31437500001629815,2.8355829999782145,4.702124999312218,33.68645800219383,"[""0"",""1""]","{""axis"":null,""sign"":null}","{""lower"":[""6248121424692578686205942402309031181745987152074888429292055449811070386560092804144460197128886275479565072891621085780537912526023329679910220947411421842942823090821412944837215321220976171260130750017435078798117973312772624445654213474057195485825751813342718043371292426009874720077082549659880461680842022887"",""386802725875544059375303235606945708582842303290902942917390994553472489223895367787811643789249330254245780744440625464416725753486111812140345703991416103036374298945751334134188804144301416841472962375548986989670189993573972930748345731372436618778696032517450865846522539752268038787551658160317561708195348480""],""ok"":true,""upper"":[""322765944623280319803956858363147109041710246911"",""19981467697883438334816003572292931909358452736""]}","[""57715048408628479274403376385384687945383"",""3572964852669853866365433378033566220288""]",A_r1_s31002_t7_factor,True,True,COMPLETE_SUCCESS,False,optimal,conic,4,28,True,41.144333001284394,75.74479100003373,75.74737499817275,1.4333259547283537e-05,False,False,NO_NEGATIVE_WITNESS_FOUND,33740439/36028797018963968,True,True,0.058290999731980264,32.26891700614942,0.38795800355728716,2.696458999707829,4.744165998999961,33.70679200452287,"[""0"",""1""]","{""axis"":null,""sign"":null}","{""lower"":[""6248121424692578686205942402309031181745987152074888429292055449811070386560092804144460197128886275479565072891621085780537912526023329679910220947411421842942823090821412944837215321220976171260130750017435078798117973312772624445654213474057195485825751813342718043371292426009874720077082549659880461680842022887"",""386802725875544059375303235606945708582842303290902942917390994553472489223895367787811643789249330254245780744440625464416725753486111812140345703991416103036374298945751334134188804144301416841472962375548986989670189993573972930748345731372436618778696032517450865846522539752268038787551658160317561708195348480""],""ok"":true,""upper"":[""322765944623280319803956858363147109041710246911"",""19981467697883438334816003572292931909358452736""]}","[""57715048408628479274403376385384687945383"",""3572964852669853866365433378033566220288""]",8.204248995753005,8.549748999939766
31003,0,0,31003_0,8d536094a80adb2976aee14b526b5687affe7003c420c920262ec06df2f646e6,fdd937a50ec8c4a28c62f2b1ec78ba15e46c7a39d0a01c699522bffc62cd1f36,39c75ee513e4a6561ba26d5df93519b85af6c42334b4156a9f8301ebc5e3b0b2,A_r0_s31003_t0_conic,True,True,COMPLETE_SUCCESS,False,optimal,conic,0,25,False,171.4694589973078,205.19429199339356,205.19733399851248,1.703793955827051e-05,True,True,COLLISION_WITNESSED,214412533027/2251799813685248,True,True,59.458124997036066,47.582207997038495,0.3147919996990822,60.502708998683374,2.869916999770794,33.001875002810266,"[""7817049062314897877270379"",""15477260999700082835062784""]","{""axis"":1,""sign"":-1}","{""lower"":[""480815910973229847877297763336141228869815978339120944196091060079207595694165133917549051684129990060261649652123113707699199405213532909806850334169411368486295764910024702049080129302949499996435530394741777183326282054313423257728358427245879130396841004451759967423234126242472902462839239918720942354583"",""29537643377388368777598134451476605126270238213273325957724746782342535869716021896438401355858183238976842942171159590292153975272692450540058567938680386683235392141308834445615538141168007617023136664903715408425166544696620127716508383106288183770110302421872074668128312858725699650954690096914612879360""],""ok"":true,""upper"":[""975780382362500248689492046188624349174529256133"",""59944403093650315004448010716878795728075358208""]}","[""222057667380836848508008686582183170589349069854309"",""13100150440389534786242522524261748754570348068864""]",A_r0_s31003_t0_factor,True,True,COMPLETE_SUCCESS,False,optimal,conic,0,25,True,147.69333300500875,182.18595800135517,182.1881249998114,1.703793955827051e-05,True,True,COLLISION_WITNESSED,214412533027/2251799813685248,True,True,32.53929200582206,50.29287499928614,0.2930000046035275,60.888708001584746,2.838084001268726,33.6270420011715,"[""7817049062314897877270379"",""15477260999700082835062784""]","{""axis"":1,""sign"":-1}","{""lower"":[""480815910973229847877297763336141228869815978339120944196091060079207595694165133917549051684129990060261649652123113707699199405213532909806850334169411368486295764910024702049080129302949499996435530394741777183326282054313423257728358427245879130396841004451759967423234126242472902462839239918720942354583"",""29537643377388368777598134451476605126270238213273325957724746782342535869716021896438401355858183238976842942171159590292153975272692450540058567938680386683235392141308834445615538141168007617023136664903715408425166544696620127716508383106288183770110302421872074668128312858725699650954690096914612879360""],""ok"":true,""upper"":[""975780382362500248689492046188624349174529256133"",""59944403093650315004448010716878795728075358208""]}","[""222057667380836848508008686582183170589349069854309"",""13100150440389534786242522524261748754570348068864""]",-23.776125992299058,-23.008333992038388
31003,0,1,31003_0,8d536094a80adb2976aee14b526b5687affe7003c420c920262ec06df2f646e6,fdd937a50ec8c4a28c62f2b1ec78ba15e46c7a39d0a01c699522bffc62cd1f36,39c75ee513e4a6561ba26d5df93519b85af6c42334b4156a9f8301ebc5e3b0b2,A_r1_s31003_t0_conic,True,True,COMPLETE_SUCCESS,False,optimal,conic,0,25,False,175.85354100447148,209.97108300070977,209.97383299982175,1.703793955827051e-05,True,True,COLLISION_WITNESSED,214412533027/2251799813685248,True,True,33.251958004257176,77.14224999654107,0.3902909957105294,61.44520799716702,2.784583004540764,33.398250001482666,"[""7817049062314897877270379"",""15477260999700082835062784""]","{""axis"":1,""sign"":-1}","{""lower"":[""480815910973229847877297763336141228869815978339120944196091060079207595694165133917549051684129990060261649652123113707699199405213532909806850334169411368486295764910024702049080129302949499996435530394741777183326282054313423257728358427245879130396841004451759967423234126242472902462839239918720942354583"",""29537643377388368777598134451476605126270238213273325957724746782342535869716021896438401355858183238976842942171159590292153975272692450540058567938680386683235392141308834445615538141168007617023136664903715408425166544696620127716508383106288183770110302421872074668128312858725699650954690096914612879360""],""ok"":true,""upper"":[""975780382362500248689492046188624349174529256133"",""59944403093650315004448010716878795728075358208""]}","[""222057667380836848508008686582183170589349069854309"",""13100150440389534786242522524261748754570348068864""]",A_r1_s31003_t0_factor,True,True,COMPLETE_SUCCESS,False,optimal,conic,0,25,True,152.48208299453836,187.37979199795518,187.3824579961365,1.703793955827051e-05,True,True,COLLISION_WITNESSED,214412533027/2251799813685248,True,True,32.97637499781558,51.498875000106636,0.299458006338682,64.07833399862284,2.8087499958928674,33.978915998886805,"[""7817049062314897877270379"",""15477260999700082835062784""]","{""axis"":1,""sign"":-1}","{""lower"":[""480815910973229847877297763336141228869815978339120944196091060079207595694165133917549051684129990060261649652123113707699199405213532909806850334169411368486295764910024702049080129302949499996435530394741777183326282054313423257728358427245879130396841004451759967423234126242472902462839239918720942354583"",""29537643377388368777598134451476605126270238213273325957724746782342535869716021896438401355858183238976842942171159590292153975272692450540058567938680386683235392141308834445615538141168007617023136664903715408425166544696620127716508383106288183770110302421872074668128312858725699650954690096914612879360""],""ok"":true,""upper"":[""975780382362500248689492046188624349174529256133"",""59944403093650315004448010716878795728075358208""]}","[""222057667380836848508008686582183170589349069854309"",""13100150440389534786242522524261748754570348068864""]",-23.37145800993312,-22.591291002754588
31003,1,0,31003_1,60b6dcfa751bb3d02253091633040a834e60fa864e0d750046cf3ec638e02217,fdd937a50ec8c4a28c62f2b1ec78ba15e46c7a39d0a01c699522bffc62cd1f36,39c75ee513e4a6561ba26d5df93519b85af6c42334b4156a9f8301ebc5e3b0b2,A_r0_s31003_t1_conic,True,True,COMPLETE_SUCCESS,False,optimal,conic,0,26,False,86.6727920001722,120.90750000061234,120.9105419984553,2.7431230777871873e-06,True,True,COLLISION_WITNESSED,213414305059/2251799813685248,True,True,0.06333299825200811,22.931625004275702,0.31158300407696515,59.767916005512234,2.817790998960845,33.45658300531795,"[""2281856523295370947078023"",""3869315249925020708765696""]","{""axis"":1,""sign"":-1}","{""lower"":[""19021499389819994011053954277940632829424515517722246094013805746032441827212754985035387122988975238582010691706536790830206500267385551402658742288354809384039427740251285217755627010684692534705766059545602594892037970488659908173084196042623201954355812856536114025077685566097180262596855016064515961908551703"",""1175685096507357620092077213150593022778674714780121747363642006014135215540773840303786696972159687138732537119850553163373557844459893044470665961623443905356909025964716293842499691015955329114723840626769458481955659724494952846660888009303577258244667559853428151672856140693851724387092386377790006325411840""],""ok"":true,""upper"":[""1939690523559324473872805743101062577595252709921"",""119888806187300630008896021433757591456150716416""]}","[""4174750876015116145365556624370736040859779958558981"",""239545608052837207519863269015071977226429221830656""]",A_r0_s31003_t1_factor,True,True,COMPLETE_SUCCESS,False,stationary,factor,4,0,False,69.39620800403645,100.97250000399072,100.97491699707462,1.4837063762781819e-08,True,True,COLLISION_WITNESSED,214790042915/2251799813685248,True,True,0.06312500045169145,5.043084005592391,0.1989579977816902,60.40416600444587,2.8587500055436976,30.77629199833609,"[""18254828829218907049910037"",""30954521999400165670125568""]","{""axis"":1,""sign"":-1}","{""lower"":[""155428930119005404486499106246955386237721843481446665879906171905534130017223756186857321335818399180810480112349884599087971119053287273135621524930657900287927298166281147230132073950495787965265630026437936784167197882330419154686038834221277848576813144090603268388469990528915170459387505470843653923934459066283055438624595936858947"",""9606784521100334901003968856132698353268106338052732008385311011528049363047201828304993832290616817370868699637646048381498824303534499982600084667234809367024831057516542992959152686538385931827975092807713464114904965638190451344558190837295161066328304295714103880393786538534013287336834741351321139983918218212538221107772842311680""],""ok"":true,""upper"":[""4932888090541961891890662976124789948689741"",""304893000761160863263183648258864317464576""]}","[""14611624174436041503342449729282209022449320130992701"",""838409628184930226319521441552751920292502276407296""]",-17.27658399613574,-19.934999996621627
31003,1,1,31003_1,60b6dcfa751bb3d02253091633040a834e60fa864e0d750046cf3ec638e02217,fdd937a50ec8c4a28c62f2b1ec78ba15e46c7a39d0a01c699522bffc62cd1f36,39c75ee513e4a6561ba26d5df93519b85af6c42334b4156a9f8301ebc5e3b0b2,A_r1_s31003_t1_conic,True,True,COMPLETE_SUCCESS,False,optimal,conic,0,26,False,87.884333996044,122.8168339948752,122.8198339958908,2.7431230777871873e-06,True,True,COLLISION_WITNESSED,213414305059/2251799813685248,True,True,0.06487499922513962,22.992083002463914,0.3472079988569021,60.86549999599811,2.80791700060945,34.17933300079312,"[""2281856523295370947078023"",""3869315249925020708765696""]","{""axis"":1,""sign"":-1}","{""lower"":[""19021499389819994011053954277940632829424515517722246094013805746032441827212754985035387122988975238582010691706536790830206500267385551402658742288354809384039427740251285217755627010684692534705766059545602594892037970488659908173084196042623201954355812856536114025077685566097180262596855016064515961908551703"",""1175685096507357620092077213150593022778674714780121747363642006014135215540773840303786696972159687138732537119850553163373557844459893044470665961623443905356909025964716293842499691015955329114723840626769458481955659724494952846660888009303577258244667559853428151672856140693851724387092386377790006325411840""],""ok"":true,""upper"":[""1939690523559324473872805743101062577595252709921"",""119888806187300630008896021433757591456150716416""]}","[""4174750876015116145365556624370736040859779958558981"",""239545608052837207519863269015071977226429221830656""]",A_r1_s31003_t1_factor,True,True,COMPLETE_SUCCESS,False,stationary,factor,4,0,False,71.47029200132238,105.6946250027977,105.697708997468,1.4837063762781819e-08,True,True,COLLISION_WITNESSED,214790042915/2251799813685248,True,True,0.05950000195298344,4.813249994185753,0.20154200319666415,61.02475000079721,2.9330000033951364,33.444916996813845,"[""18254828829218907049910037"",""30954521999400165670125568""]","{""axis"":1,""sign"":-1}","{""lower"":[""155428930119005404486499106246955386237721843481446665879906171905534130017223756186857321335818399180810480112349884599087971119053287273135621524930657900287927298166281147230132073950495787965265630026437936784167197882330419154686038834221277848576813144090603268388469990528915170459387505470843653923934459066283055438624595936858947"",""9606784521100334901003968856132698353268106338052732008385311011528049363047201828304993832290616817370868699637646048381498824303534499982600084667234809367024831057516542992959152686538385931827975092807713464114904965638190451344558190837295161066328304295714103880393786538534013287336834741351321139983918218212538221107772842311680""],""ok"":true,""upper"":[""4932888090541961891890662976124789948689741"",""304893000761160863263183648258864317464576""]}","[""14611624174436041503342449729282209022449320130992701"",""838409628184930226319521441552751920292502276407296""]",-16.41404199472163,-17.122208992077503
31003,2,0,31003_2,fcad16d7df786fd6fdc132c2ce1ed77f95cb3ed501416864a11a02c881d512db,fdd937a50ec8c4a28c62f2b1ec78ba15e46c7a39d0a01c699522bffc62cd1f36,39c75ee513e4a6561ba26d5df93519b85af6c42334b4156a9f8301ebc5e3b0b2,A_r0_s31003_t2_conic,True,True,COMPLETE_SUCCESS,False,optimal,conic,0,26,False,31.32487499533454,64.93399999453686,64.93654099904234,3.707085865804715e-06,False,False,NO_NEGATIVE_WITNESS_FOUND,60707/2251799813685248,True,True,0.06116599979577586,22.57850000023609,0.31179199868347496,2.8656249996856786,4.979415993147995,33.059458997740876,"[""0"",""1""]","{""axis"":null,""sign"":null}","{""lower"":[""679421610592590670675894655139282151448950503267863643725549392138611339024567492382870211844036503188068963137663667336475254023774354956656940292061576576680581691437357451031271508219286164957571597051905223861865072330259995646434404176411622119730093855712656263045984253017554832245175339531257150971019042134295663"",""42364789887609816734930876870120529319082227225115237544276284112928183617252038172449726713481802232247385794428590956543808808267923564881593540827590480444190717137779094836391827299757874015229272817386393972092199463455844722679816475430122980957707392398671403162373447527503558600399504886381145844029673523118080""],""ok"":true,""upper"":[""80112778438197908953986495867705353329551186199"",""4995366924470859583704000893073232977339613184""]}","[""458408995214234419589606909538305030433359"",""28583718821358830930923467024268529762304""]",A_r0_s31003_t2_factor,True,True,COMPLETE_SUCCESS,False,stationary,factor,9,0,False,18.99625000078231,50.94295799790416,50.94591699889861,1.4346616824499931e-08,False,False,NO_NEGATIVE_WITNESS_FOUND,5411/2251799813685248,True,True,0.07049999840091914,10.064958994917106,0.18591599655337632,2.7830839972011745,5.347874997823965,31.371541997941677,"[""0"",""1""]","{""axis"":null,""sign"":null}","{""lower"":[""473109299795728881544057132823760861043665941490956506354147601590964436039636683018658214185456559656444945242095905016413026074266246468902086062979367275417665753101933358842707240707641173328789235314166348395238974923425757434180153774994572455536699927308096577070780624223133240164005734401072668437765629190926598524314499216178631494074941"",""29500344344424238649260655028795285119308341211646920782945648809367811129221265723476997382504632247384060379383414633539418442466169309615150367744133094296323590095990831407264262730592111179111044583117524069395218813361582327875373240505146343937604125339855480588468970874632374308973941722627613098586554963113240469074161892021395500564480""],""ok"":true,""upper"":[""4291755987139431751090266056387444053773820727"",""267608942382367477698428619271780338071764992""]}","[""458408995208374363061661033853503921574939"",""28583718821358830930923467024268529762304""]",-12.328624994552229,-13.991041996632703
31003,2,1,31003_2,fcad16d7df786fd6fdc132c2ce1ed77f95cb3ed501416864a11a02c881d512db,fdd937a50ec8c4a28c62f2b1ec78ba15e46c7a39d0a01c699522bffc62cd1f36,39c75ee513e4a6561ba26d5df93519b85af6c42334b4156a9f8301ebc5e3b0b2,A_r1_s31003_t2_conic,True,True,COMPLETE_SUCCESS,False,optimal,conic,0,26,False,31.699833998573013,65.93483399774414,65.93804199656006,3.707085865804715e-06,False,False,NO_NEGATIVE_WITNESS_FOUND,60707/2251799813685248,True,True,0.059416997828520834,22.887582999828737,0.3026670019607991,2.802082999551203,5.091958002594765,33.673332996841054,"[""0"",""1""]","{""axis"":null,""sign"":null}","{""lower"":[""679421610592590670675894655139282151448950503267863643725549392138611339024567492382870211844036503188068963137663667336475254023774354956656940292061576576680581691437357451031271508219286164957571597051905223861865072330259995646434404176411622119730093855712656263045984253017554832245175339531257150971019042134295663"",""42364789887609816734930876870120529319082227225115237544276284112928183617252038172449726713481802232247385794428590956543808808267923564881593540827590480444190717137779094836391827299757874015229272817386393972092199463455844722679816475430122980957707392398671403162373447527503558600399504886381145844029673523118080""],""ok"":true,""upper"":[""80112778438197908953986495867705353329551186199"",""4995366924470859583704000893073232977339613184""]}","[""458408995214234419589606909538305030433359"",""28583718821358830930923467024268529762304""]",A_r1_s31003_t2_factor,True,True,COMPLETE_SUCCESS,False,stationary,factor,9,0,False,18.873832996177953,51.10087499633664,51.10308299481403,1.4346616824499931e-08,False,False,NO_NEGATIVE_WITNESS_FOUND,5411/2251799813685248,True,True,0.06508299702545628,9.9781669996446,0.1913330052047968,2.710542001295835,5.382333001762163,31.643834001442883,"[""0"",""1""]","{""axis"":null,""sign"":null}","{""lower"":[""473109299795728881544057132823760861043665941490956506354147601590964436039636683018658214185456559656444945242095905016413026074266246468902086062979367275417665753101933358842707240707641173328789235314166348395238974923425757434180153774994572455536699927308096577070780624223133240164005734401072668437765629190926598524314499216178631494074941"",""29500344344424238649260655028795285119308341211646920782945648809367811129221265723476997382504632247384060379383414633539418442466169309615150367744133094296323590095990831407264262730592111179111044583117524069395218813361582327875373240505146343937604125339855480588468970874632374308973941722627613098586554963113240469074161892021395500564480""],""ok"":true,""upper"":[""4291755987139431751090266056387444053773820727"",""267608942382367477698428619271780338071764992""]}","[""458408995208374363061661033853503921574939"",""28583718821358830930923467024268529762304""]",-12.82600100239506,-14.833959001407493
31003,3,0,31003_3,7f847b1f6cf845562e5be9ea41f82ea1fe365022db7e89bdd77872d288a7b40f,fdd937a50ec8c4a28c62f2b1ec78ba15e46c7a39d0a01c699522bffc62cd1f36,39c75ee513e4a6561ba26d5df93519b85af6c42334b4156a9f8301ebc5e3b0b2,A_r0_s31003_t3_conic,True,True,COMPLETE_SUCCESS,False,optimal,conic,0,28,False,29.859124995709863,64.12579199968604,64.12833400099771,3.0862768288006725e-06,False,False,NO_NEGATIVE_WITNESS_FOUND,59107217147157/18014398509481984,True,True,0.05883399717276916,23.59591700223973,0.29312499827938154,2.6940410025417805,2.664583000296261,33.6515410017455,"[""0"",""1""]","{""axis"":null,""sign"":null}","{""lower"":[""5889838059238614363098117962314835920154815928281895620432598492419988905688711589794039177056393263278282828722350516613283988601128058426009972691713365926069120212315716059584909286230013636572405503555419712769464869545433951147133988095418056972665091091167073481816848977893094418008023499851986128564660120368235657"",""368114949680222785116795937756537909036999001108228397270744471266803057065682254821734493071294860194639776694446187562842567808196648864874430288339933757477732018164081266138755867202139317908181216897059233744254013865931124831461378616511989584568587849868964471295052446812781049818128246888329539094799901352001536""],""ok"":true,""upper"":[""30691534386344369806459640579301916024034162499121"",""1918220898996810080142336342940121463298411462656""]}","[""959110449499104174704073222857233975274111949313"",""59944403093650315004448010716878795728075358208""]",A_r0_s31003_t3_factor,True,True,COMPLETE_SUCCESS,False,optimal,conic,4,28,True,37.95104099845048,72.74699999834411,72.74962500378024,3.0862768288006725e-06,False,False,NO_NEGATIVE_WITNESS_FOUND,59107217147157/18014398509481984,True,True,0.07358300354098901,31.249166000634432,0.3219580030418001,2.7596250001806766,2.709707994654309,33.89529199921526,"[""0"",""1""]","{""axis"":null,""sign"":null}","{""lower"":[""5889838059238614363098117962314835920154815928281895620432598492419988905688711589794039177056393263278282828722350516613283988601128058426009972691713365926069120212315716059584909286230013636572405503555419712769464869545433951147133988095418056972665091091167073481816848977893094418008023499851986128564660120368235657"",""368114949680222785116795937756537909036999001108228397270744471266803057065682254821734493071294860194639776694446187562842567808196648864874430288339933757477732018164081266138755867202139317908181216897059233744254013865931124831461378616511989584568587849868964471295052446812781049818128246888329539094799901352001536""],""ok"":true,""upper"":[""30691534386344369806459640579301916024034162499121"",""1918220898996810080142336342940121463298411462656""]}","[""959110449499104174704073222857233975274111949313"",""59944403093650315004448010716878795728075358208""]",8.091916002740618,8.621207998658065
31003,3,1,31003_3,7f847b1f6cf845562e5be9ea41f82ea1fe365022db7e89bdd77872d288a7b40f,fdd937a50ec8c4a28c62f2b1ec78ba15e46c7a39d0a01c699522bffc62cd1f36,39c75ee513e4a6561ba26d5df93519b85af6c42334b4156a9f8301ebc5e3b0b2,A_r1_s31003_t3_conic,True,True,COMPLETE_SUCCESS,False,optimal,conic,0,28,False,30.097541995928623,64.90495799516793,64.90783299523173,3.0862768288006725e-06,False,False,NO_NEGATIVE_WITNESS_FOUND,59107217147157/18014398509481984,True,True,0.06429199856938794,23.728874999505933,0.3060829985770397,2.7418339959695004,2.6972080013365485,34.195541993540246,"[""0"",""1""]","{""axis"":null,""sign"":null}","{""lower"":[""5889838059238614363098117962314835920154815928281895620432598492419988905688711589794039177056393263278282828722350516613283988601128058426009972691713365926069120212315716059584909286230013636572405503555419712769464869545433951147133988095418056972665091091167073481816848977893094418008023499851986128564660120368235657"",""368114949680222785116795937756537909036999001108228397270744471266803057065682254821734493071294860194639776694446187562842567808196648864874430288339933757477732018164081266138755867202139317908181216897059233744254013865931124831461378616511989584568587849868964471295052446812781049818128246888329539094799901352001536""],""ok"":true,""upper"":[""30691534386344369806459640579301916024034162499121"",""1918220898996810080142336342940121463298411462656""]}","[""959110449499104174704073222857233975274111949313"",""59944403093650315004448010716878795728075358208""]",A_r1_s31003_t3_factor,True,True,COMPLETE_SUCCESS,False,optimal,conic,4,28,True,38.54154100554297,73.24650000373367,73.24870800221106,3.0862768288006725e-06,False,False,NO_NEGATIVE_WITNESS_FOUND,59107217147157/18014398509481984,True,True,0.06075000419514254,31.775540999660734,0.3047499994863756,2.673167000466492,2.8548749978654087,33.777625001675915,"[""0"",""1""]","{""axis"":null,""sign"":null}","{""lower"":[""5889838059238614363098117962314835920154815928281895620432598492419988905688711589794039177056393263278282828722350516613283988601128058426009972691713365926069120212315716059584909286230013636572405503555419712769464869545433951147133988095418056972665091091167073481816848977893094418008023499851986128564660120368235657"",""368114949680222785116795937756537909036999001108228397270744471266803057065682254821734493071294860194639776694446187562842567808196648864874430288339933757477732018164081266138755867202139317908181216897059233744254013865931124831461378616511989584568587849868964471295052446812781049818128246888329539094799901352001536""],""ok"":true,""upper"":[""30691534386344369806459640579301916024034162499121"",""1918220898996810080142336342940121463298411462656""]}","[""959110449499104174704073222857233975274111949313"",""59944403093650315004448010716878795728075358208""]",8.443999009614345,8.341542008565739
31003,4,0,31003_4,a411530dd174e8f3aa1832a65266ffb10276a2cccb6490ec285c7bc56091f7f5,fdd937a50ec8c4a28c62f2b1ec78ba15e46c7a39d0a01c699522bffc62cd1f36,39c75ee513e4a6561ba26d5df93519b85af6c42334b4156a9f8301ebc5e3b0b2,A_r0_s31003_t4_conic,True,True,COMPLETE_SUCCESS,False,optimal,conic,0,13,False,17.50375000119675,51.28691699792398,51.28958300338127,8.180346137169279e-05,False,False,NO_NEGATIVE_WITNESS_FOUND,87218256053525/18014398509481984,True,True,0.06041699816705659,11.475040999357589,0.294625002425164,2.7233750006416813,2.442375000100583,33.23475000070175,"[""0"",""1""]","{""axis"":null,""sign"":null}","{""lower"":[""102171126873605040108367279810672019609545585082558868307268296619176406297784256178122906438451213405913088938028275674203770911850302718431693682362933545472245407295931325578634973665106324056532509063034225605352085321346400464644326828358388687994073645756058717469824209803924551785491880481737940697"",""6385728063784665607650796753829866049747763340361938266931905378088114365201251715683401607402156122379858192503483772571627428142387560490935847124062447039807754104589021411659924460242347471335203821159782798477970999220391492537186588815283449521594418409097374064497655456695859988800627339899699200""],""ok"":true,""upper"":[""319703483878656389463206049177577808223733760971"",""19981467697883438334816003572292931909358452736""]}","[""119888806193648750852767805636161738529422725931"",""7493050386706289375556001339609849466009419776""]",A_r0_s31003_t4_factor,True,True,COMPLETE_SUCCESS,False,stationary,factor,5,0,False,12.859290996857453,44.4247909981641,44.42758300137939,1.4551686232481164e-08,False,False,NO_NEGATIVE_WITNESS_FOUND,87223051158805/18014398509481984,True,True,0.06679099897155538,6.574958002602216,0.2147089981008321,2.8557499972521327,2.6100420000148006,31.0094169981312,"[""0"",""1""]","{""axis"":null,""sign"":null}","{""lower"":[""14064949759738862410461445211964424695884881221036309235673321788975950056703726064767466072003366367160560334164180242940493195077007784465271128285978778465519449832381139387296865903757108743343663293756457702405433386051096839748109137640539610163269539541198394981618534951219611805558102300512830549986068877160997122806506460975227903591627"",""879059360783166150518970982279083932977435851791917585144311235805882338375026773930639698870119717425275253936899096736344692945377311849665205093199941028772479974432897568998131856668572164825964037747697278466268885210348755319047155277946564415132718395045214768449456083351895023613770689955887877191924011195941294133141131202917428101120""],""ok"":true,""upper"":[""526073538541338643047243653680815588788605075137634399401205620788782275531514521338343102851894938356900675729"",""32879596158833665190452728355050718383259555684716478189902073601450926351604518208491785977386761842447089664""]}","[""1054553091544962368324412623098896165945144726565475438208263"",""65909568221560148020275788943680497369074732166872362385408""]",-4.644459004339296,-6.862125999759883
31003,4,1,31003_4,a411530dd174e8f3aa1832a65266ffb10276a2cccb6490ec285c7bc56091f7f5,fdd937a50ec8c4a28c62f2b1ec78ba15e46c7a39d0a01c699522bffc62cd1f36,39c75ee513e4a6561ba26d5df93519b85af6c42334b4156a9f8301ebc5e3b0b2,A_r1_s31003_t4_conic,True,True,COMPLETE_SUCCESS,False,optimal,conic,0,13,False,17.74975000444101,52.166375004162546,52.16912500327453,8.180346137169279e-05,False,False,NO_NEGATIVE_WITNESS_FOUND,87218256053525/18014398509481984,True,True,0.06774999928893521,11.659833005978726,0.2806670017889701,2.7646659946185537,2.3998750039027072,33.810667002398986,"[""0"",""1""]","{""axis"":null,""sign"":null}","{""lower"":[""102171126873605040108367279810672019609545585082558868307268296619176406297784256178122906438451213405913088938028275674203770911850302718431693682362933545472245407295931325578634973665106324056532509063034225605352085321346400464644326828358388687994073645756058717469824209803924551785491880481737940697"",""6385728063784665607650796753829866049747763340361938266931905378088114365201251715683401607402156122379858192503483772571627428142387560490935847124062447039807754104589021411659924460242347471335203821159782798477970999220391492537186588815283449521594418409097374064497655456695859988800627339899699200""],""ok"":true,""upper"":[""319703483878656389463206049177577808223733760971"",""19981467697883438334816003572292931909358452736""]}","[""119888806193648750852767805636161738529422725931"",""7493050386706289375556001339609849466009419776""]",A_r1_s31003_t4_factor,True,True,COMPLETE_SUCCESS,False,stationary,factor,5,0,False,12.16549999662675,44.22691699437564,44.229374994756654,1.4551686232481164e-08,False,False,NO_NEGATIVE_WITNESS_FOUND,87223051158805/18014398509481984,True,True,0.11549999908311293,5.834166993736289,0.20466699788812548,2.9321249967324547,2.5462080011493526,31.49933299573604,"[""0"",""1""]","{""axis"":null,""sign"":null}","{""lower"":[""14064949759738862410461445211964424695884881221036309235673321788975950056703726064767466072003366367160560334164180242940493195077007784465271128285978778465519449832381139387296865903757108743343663293756457702405433386051096839748109137640539610163269539541198394981618534951219611805558102300512830549986068877160997122806506460975227903591627"",""879059360783166150518970982279083932977435851791917585144311235805882338375026773930639698870119717425275253936899096736344692945377311849665205093199941028772479974432897568998131856668572164825964037747697278466268885210348755319047155277946564415132718395045214768449456083351895023613770689955887877191924011195941294133141131202917428101120""],""ok"":true,""upper"":[""526073538541338643047243653680815588788605075137634399401205620788782275531514521338343102851894938356900675729"",""32879596158833665190452728355050718383259555684716478189902073601450926351604518208491785977386761842447089664""]}","[""1054553091544962368324412623098896165945144726565475438208263"",""65909568221560148020275788943680497369074732166872362385408""]",-5.584250007814262,-7.939458009786904
31003,5,0,31003_5,47dd272e9365dca2ed6be2fa60568907f89bcb825b0a8b6283c4afb46d27cb24,fdd937a50ec8c4a28c62f2b1ec78ba15e46c7a39d0a01c699522bffc62cd1f36,39c75ee513e4a6561ba26d5df93519b85af6c42334b4156a9f8301ebc5e3b0b2,A_r0_s31003_t5_conic,True,True,COMPLETE_SUCCESS,False,optimal,conic,0,12,False,16.97841600253014,55.265875002078246,55.27050000091549,0.00010290985905238324,False,False,NO_NEGATIVE_WITNESS_FOUND,1263394005009685/18014398509481984,True,True,0.06004099850542843,10.95987499866169,0.33583399635972455,2.6425839969306253,2.4114580010063946,37.61262500484008,"[""0"",""1""]","{""axis"":null,""sign"":null}","{""lower"":[""40868311791778243512608525711816812538982828602550737641980772580058814422324877703746740229664273598697276035427272937636453037074562833440214175228517497500106004175324351709465386754214852230382201492821515075383417430897885348110331047798621776460072627976387803521251166537908188300357151783231682309"",""2554285905425171312895812019770140472136857110691693409748998362531375081451300021686210485647147761715138760044167654961775737664693000478580063776092065168567663277292299244288426026284729640268610026507617212470184971993495070812159447192147481363165422743229866994017762960853304487355108206307180544""],""ok"":true,""upper"":[""3836441813593191928828456189205850417256061242447"",""239777612374601260017792042867515182912301432832""]}","[""548063114043030381917984964764323430683068512281"",""34253944624943037145398863266787883273185918976""]",A_r0_s31003_t5_factor,True,True,COMPLETE_SUCCESS,False,stationary,factor,4,0,False,11.616458999924362,44.78412500611739,44.7872090007877,1.4688798409501478e-08,False,False,NO_NEGATIVE_WITNESS_FOUND,1263640072422677/18014398509481984,True,True,0.08600000001024455,4.809582998859696,0.19987500127172098,3.043666001758538,2.9312500046216883,32.554707999224775,"[""0"",""1""]","{""axis"":null,""sign"":null}","{""lower"":[""23734602719355987128691592081432240666002884737671161426394272815666519356452268825321116720945061015404950806746911022710390026579044145660449612573938298298065246029409893444662783765122379934354464531343648955232901835698805231127750252106000214475789612239229453727368813917092671745785797248428168269594013945392749751846606285048206025885393"",""1483412671321596050989662020012354895223701777877531577023488183353449829617770419410550122992370611726166690272322599800955234804593498394065479092576765505551377972441666045386296567845937794097755599581570905112153852096034314271665214556868798256800166314510100059920789596663568302768202502445389364720324717109667548253192094928918009610240""],""ok"":true,""upper"":[""57914348762570866636651646178024594853885188124275987148114466891773431578599621360653878231862419785231422335458722713051461798428688318873072175051849006865995890143099146225983422904032771385562641214040284854224053"",""3619646797660679164790727886126537178367824227837104981588833041266880519872141631959433126275624385765921336393064204598424635875454480584726416922499137465517988154366274324464433198385423222790460482730439766704128""]}","[""395773742510358089826658640166413747545356396172713528115277869982205141349"",""24735858906897380614166165010400859221584774556258665413702486818096676864""]",-5.361957002605777,-10.481749995960854
31003,5,1,31003_5,47dd272e9365dca2ed6be2fa60568907f89bcb825b0a8b6283c4afb46d27cb24,fdd937a50ec8c4a28c62f2b1ec78ba15e46c7a39d0a01c699522bffc62cd1f36,39c75ee513e4a6561ba26d5df93519b85af6c42334b4156a9f8301ebc5e3b0b2,A_r1_s31003_t5_conic,True,True,COMPLETE_SUCCESS,False,optimal,conic,0,12,False,16.731249997974373,50.38516700005857,50.38787500234321,0.00010290985905238324,False,False,NO_NEGATIVE_WITNESS_FOUND,1263394005009685/18014398509481984,True,True,0.06541699985973537,10.700708997319452,0.29637500119861215,2.6530830000410788,2.4977499997476116,33.1245410052361,"[""0"",""1""]","{""axis"":null,""sign"":null}","{""lower"":[""40868311791778243512608525711816812538982828602550737641980772580058814422324877703746740229664273598697276035427272937636453037074562833440214175228517497500106004175324351709465386754214852230382201492821515075383417430897885348110331047798621776460072627976387803521251166537908188300357151783231682309"",""2554285905425171312895812019770140472136857110691693409748998362531375081451300021686210485647147761715138760044167654961775737664693000478580063776092065168567663277292299244288426026284729640268610026507617212470184971993495070812159447192147481363165422743229866994017762960853304487355108206307180544""],""ok"":true,""upper"":[""3836441813593191928828456189205850417256061242447"",""239777612374601260017792042867515182912301432832""]}","[""548063114043030381917984964764323430683068512281"",""34253944624943037145398863266787883273185918976""]",A_r1_s31003_t5_factor,True,True,COMPLETE_SUCCESS,False,stationary,factor,4,0,False,11.616499999945518,44.346457994834054,44.349208001221996,1.4688798409501478e-08,False,False,NO_NEGATIVE_WITNESS_FOUND,1263640072422677/18014398509481984,True,True,0.06362499698298052,5.152625002665445,0.18916699627880007,2.9065829949104227,2.7208750034333207,32.15529199951561,"[""0"",""1""]","{""axis"":null,""sign"":null}","{""lower"":[""23734602719355987128691592081432240666002884737671161426394272815666519356452268825321116720945061015404950806746911022710390026579044145660449612573938298298065246029409893444662783765122379934354464531343648955232901835698805231127750252106000214475789612239229453727368813917092671745785797248428168269594013945392749751846606285048206025885393"",""1483412671321596050989662020012354895223701777877531577023488183353449829617770419410550122992370611726166690272322599800955234804593498394065479092576765505551377972441666045386296567845937794097755599581570905112153852096034314271665214556868798256800166314510100059920789596663568302768202502445389364720324717109667548253192094928918009610240""],""ok"":true,""upper"":[""57914348762570866636651646178024594853885188124275987148114466891773431578599621360653878231862419785231422335458722713051461798428688318873072175051849006865995890143099146225983422904032771385562641214040284854224053"",""3619646797660679164790727886126537178367824227837104981588833041266880519872141631959433126275624385765921336393064204598424635875454480584726416922499137465517988154366274324464433198385423222790460482730439766704128""]}","[""395773742510358089826658640166413747545356396172713528115277869982205141349"",""24735858906897380614166165010400859221584774556258665413702486818096676864""]",-5.114749998028856,-6.0387090052245185
31003,6,0,31003_6,a58c14b0b4c07cc966d1f78f1496fbeb917804c771333c3ef081514fc0de044b,fdd937a50ec8c4a28c62f2b1ec78ba15e46c7a39d0a01c699522bffc62cd1f36,39c75ee513e4a6561ba26d5df93519b85af6c42334b4156a9f8301ebc5e3b0b2,A_r0_s31003_t6_conic,True,True,COMPLETE_SUCCESS,False,optimal,conic,0,24,False,27.20745799888391,61.184082995168865,61.18666699330788,7.076255424578013e-07,False,False,NO_NEGATIVE_WITNESS_FOUND,2359460021798165/18014398509481984,True,True,0.057666999055072665,21.135915994818788,0.29200000426499173,2.6878330027102493,2.412290996289812,33.43141700315755,"[""0"",""1""]","{""axis"":null,""sign"":null}","{""lower"":[""771993150004244499690084085078080601324511066903775666602293953981697291446952819364677421866466481460877487342935942264152018360813225830429570932371563023189929450776823024112869608020052448292727960795657406430089472443640287906139053225155966420108063103498463786718246922239753304199456289474726487442221392872307006121421"",""48249574007847881015615916129509870909600765147397727574910013867594286057058717278773264079151761690720258556327030364976605538721051056876119269973455191546147968117316040109175449481376447147978284287034395107478336878006653710373075047286983644020207087952434958732363436507799468527867262140995168522004187086331848949760""],""ok"":true,""upper"":[""327376366771158847378852810550155779113452115268019"",""20461022922632640854851587658027962275183055601664""]}","[""40922045845272490252441729620085871867494243624453"",""2557627865329080106856448457253495284397881950208""]",A_r0_s31003_t6_factor,True,True,COMPLETE_SUCCESS,False,stationary,factor,4,0,False,11.554791999515146,44.537333997141104,44.54037499817787,1.482583906517543e-08,False,False,NO_NEGATIVE_WITNESS_FOUND,2359460208542997/18014398509481984,True,True,0.055791999329812825,5.1809579963446595,0.1840839977376163,2.9617910040542483,2.61970900464803,32.40695800195681,"[""0"",""1""]","{""axis"":null,""sign"":null}","{""lower"":[""78138609774988310398655585598904026907814476866462539858239188055003730398218789879489741373827119253375964549007234908606401858596322603237725700776819215191150935302082318303561382283145151165414187717019677531726594458640523088452447223297771723216879706838991740585883374833705903731628924007125833006533569268128648195072314530412965234897"",""4883663115462044612314319712673044083989642191870140729372186916815646585512168653699783111550802079065107695030611870787173194194250843974113334086350099719969065125569983223320311728472114218787253996862984504862496191179106338178754831122919978930775737186712055829007042360353606313359890253347236815517048450391409458718619657262038253568""],""ok"":true,""upper"":[""38284625928097619381924875620106466501708390969789294931680359483660968639813650049053847100978510148965602164367366889280958972151943404080657840886506675587602499823558400934844606364537996542595598829892731336514009820361602609930974831162145311524306589354672693001946750544537520537374665058104081151070181957478915605282015410512769963"",""2392789120506101211370304726256654156356774435587705634635134318823579053800424793283500043118963777345852432110055703627753330721437482468144979243528886026530254506321797264954644156875712876006687263129238758913894134274817086142245700164292567371843190270229000675127135319027730621323686018362582609032678363652053336442556680155168768""]}","[""25329519520662917748906152970650479842902809145864258288412169986448561728071"",""1583094970041432359306634560665654990181425571600554586476959156358187319296""]",-15.652665999368764,-16.64674899802776
31003,6,1,31003_6,a58c14b0b4c07cc966d1f78f1496fbeb917804c771333c3ef081514fc0de044b,fdd937a50ec8c4a28c62f2b1ec78ba15e46c7a39d0a01c699522bffc62cd1f36,39c75ee513e4a6561ba26d5df93519b85af6c42334b4156a9f8301ebc5e3b0b2,A_r1_s31003_t6_conic,True,True,COMPLETE_SUCCESS,False,optimal,conic,0,24,False,27.385708002839237,61.85562499740627,61.85783300315961,7.076255424578013e-07,False,False,NO_NEGATIVE_WITNESS_FOUND,2359460021798165/18014398509481984,True,True,0.05879200034542009,21.350707997044083,0.2786249970085919,2.7045419992646202,2.4245410022558644,33.90941600082442,"[""0"",""1""]","{""axis"":null,""sign"":null}","{""lower"":[""771993150004244499690084085078080601324511066903775666602293953981697291446952819364677421866466481460877487342935942264152018360813225830429570932371563023189929450776823024112869608020052448292727960795657406430089472443640287906139053225155966420108063103498463786718246922239753304199456289474726487442221392872307006121421"",""48249574007847881015615916129509870909600765147397727574910013867594286057058717278773264079151761690720258556327030364976605538721051056876119269973455191546147968117316040109175449481376447147978284287034395107478336878006653710373075047286983644020207087952434958732363436507799468527867262140995168522004187086331848949760""],""ok"":true,""upper"":[""327376366771158847378852810550155779113452115268019"",""20461022922632640854851587658027962275183055601664""]}","[""40922045845272490252441729620085871867494243624453"",""2557627865329080106856448457253495284397881950208""]",A_r1_s31003_t6_factor,True,True,COMPLETE_SUCCESS,False,stationary,factor,4,0,False,11.35700000304496,44.976042001508176,44.978625002841,1.482583906517543e-08,False,False,NO_NEGATIVE_WITNESS_FOUND,2359460208542997/18014398509481984,True,True,0.06450000364566222,4.80629199591931,0.19583399989642203,3.0130829982226714,2.7274999956716783,33.07133400085149,"[""0"",""1""]","{""axis"":null,""sign"":null}","{""lower"":[""78138609774988310398655585598904026907814476866462539858239188055003730398218789879489741373827119253375964549007234908606401858596322603237725700776819215191150935302082318303561382283145151165414187717019677531726594458640523088452447223297771723216879706838991740585883374833705903731628924007125833006533569268128648195072314530412965234897"",""4883663115462044612314319712673044083989642191870140729372186916815646585512168653699783111550802079065107695030611870787173194194250843974113334086350099719969065125569983223320311728472114218787253996862984504862496191179106338178754831122919978930775737186712055829007042360353606313359890253347236815517048450391409458718619657262038253568""],""ok"":true,""upper"":[""38284625928097619381924875620106466501708390969789294931680359483660968639813650049053847100978510148965602164367366889280958972151943404080657840886506675587602499823558400934844606364537996542595598829892731336514009820361602609930974831162145311524306589354672693001946750544537520537374665058104081151070181957478915605282015410512769963"",""2392789120506101211370304726256654156356774435587705634635134318823579053800424793283500043118963777345852432110055703627753330721437482468144979243528886026530254506321797264954644156875712876006687263129238758913894134274817086142245700164292567371843190270229000675127135319027730621323686018362582609032678363652053336442556680155168768""]}","[""25329519520662917748906152970650479842902809145864258288412169986448561728071"",""1583094970041432359306634560665654990181425571600554586476959156358187319296""]",-16.02870799979428,-16.87958299589809
31003,7,0,31003_7,44ac774f5edc2af725a3c2b393f3841b5a7584571d98c7ad1916aa5f82e6ba8e,fdd937a50ec8c4a28c62f2b1ec78ba15e46c7a39d0a01c699522bffc62cd1f36,39c75ee513e4a6561ba26d5df93519b85af6c42334b4156a9f8301ebc5e3b0b2,A_r0_s31003_t7_conic,True,True,COMPLETE_SUCCESS,False,optimal,conic,0,24,False,27.091582996945363,61.18866599717876,61.19133299944224,7.503075566386345e-07,False,False,NO_NEGATIVE_WITNESS_FOUND,3352767888885013/18014398509481984,True,True,0.06637499609496444,21.117375006724615,0.273083001957275,2.7173749986104667,2.358750003622845,33.5028749977937,"[""0"",""1""]","{""axis"":null,""sign"":null}","{""lower"":[""15439862910664800152651399495888829444269150588592384452179230589541844863899824642661651321828040653915946604552257312852103317633971297142606197249703282585664409524221455334994775264787952452345092255623878562319375658813639427111014903245885864309368521001079219952348445567946157463028004348499793193445986399328906315029371"",""964991477141466718397948953341197683560632620489915489145134583904959157629597426652270753035246866187497831676257947274834838750825587422857687868454190424552757790206262314854623492034816322472986145851976271497878096715105709585380791493756558879930765294055869031637319067045854184359713736402602026321537445633185042923520""],""ok"":true,""upper"":[""3836441798103379654611135588057738462868373821337"",""239777612374601260017792042867515182912301432832""]}","[""959110449498633956752276740033232625951883210493"",""59944403093650315004448010716878795728075358208""]",A_r0_s31003_t7_factor,True,True,COMPLETE_SUCCESS,False,stationary,factor,3,0,False,10.32429099723231,44.14845800056355,44.15158299525501,1.4947937719463637e-08,False,False,NO_NEGATIVE_WITNESS_FOUND,3352765487777045/18014398509481984,True,True,0.05491599586093798,3.911708001396619,0.18566599464975297,3.0184999995981343,2.629166003316641,33.25766700436361,"[""0"",""1""]","{""axis"":null,""sign"":null}","{""lower"":[""189876821751772612729863617114425168702640741476919938785118692265094414986272113236109384119218670448855947237715787952320968766148789913247696756764589456374277939291982515781481832986145490824728908159341142863502021748626552942255466026384867949100697618454629599302326077132280055703874813871497393758424712844951613994840115527083857035889209"",""11867301370572768407205675792614181168876648244011543501860315240481627343889322365926079498331601224150548704307232740725253003006432531823026287282498345251103877967452532759440977646884819861722891101101237489236463678073439826779742912503258101975095247390482904474864438670749692612891056005237789086455662199743404250098974783848465741905920""],""ok"":true,""upper"":[""77987160356042914611876688663223665731561928287500366577786643206078892562491616136264468145180143930555798577726690877279951521679936548847003034912401423211909337235483569676701839504941998980055252454046792359231507003932869533326056626436849809819879461061647152674643312437994177505487910438240892849020411155540487334567769710752923100812589223228864542347874195187792303309757647146482927595367458609874903317624168894175343"",""4874197522252682163242293041451479108222251287438704801537446389179791783993052783994949562515696857150693085443667139095224408209002757892834248748416682924335421619255866162349963545717508775383389420485932760072088243360438276234598558701184386627745920169332190022143837474534930701593899342119766154212441024108071669433257729311544245396485365171651759273905861828796877151933461634151359062944394931621798110927432888352768""]}","[""36234168320650459884032468276954383625371066916987255226323906436954079"",""2264635520040653742752029267309648976585520131493408088412703260934144""]",-16.767291999713052,-17.04020799661521
31003,7,1,31003_7,44ac774f5edc2af725a3c2b393f3841b5a7584571d98c7ad1916aa5f82e6ba8e,fdd937a50ec8c4a28c62f2b1ec78ba15e46c7a39d0a01c699522bffc62cd1f36,39c75ee513e4a6561ba26d5df93519b85af6c42334b4156a9f8301ebc5e3b0b2,A_r1_s31003_t7_conic,True,True,COMPLETE_SUCCESS,False,optimal,conic,0,24,False,27.54224999807775,61.82133399852319,61.824041993531864,7.503075566386345e-07,False,False,NO_NEGATIVE_WITNESS_FOUND,3352767888885013/18014398509481984,True,True,0.05854199844179675,21.427832994959317,0.2952919967356138,2.766332996543497,2.442625002004206,33.70941700268304,"[""0"",""1""]","{""axis"":null,""sign"":null}","{""lower"":[""15439862910664800152651399495888829444269150588592384452179230589541844863899824642661651321828040653915946604552257312852103317633971297142606197249703282585664409524221455334994775264787952452345092255623878562319375658813639427111014903245885864309368521001079219952348445567946157463028004348499793193445986399328906315029371"",""964991477141466718397948953341197683560632620489915489145134583904959157629597426652270753035246866187497831676257947274834838750825587422857687868454190424552757790206262314854623492034816322472986145851976271497878096715105709585380791493756558879930765294055869031637319067045854184359713736402602026321537445633185042923520""],""ok"":true,""upper"":[""3836441798103379654611135588057738462868373821337"",""239777612374601260017792042867515182912301432832""]}","[""959110449498633956752276740033232625951883210493"",""59944403093650315004448010716878795728075358208""]",A_r1_s31003_t7_factor,True,True,COMPLETE_SUCCESS,False,stationary,factor,3,0,False,10.514625006180722,44.14175000420073,44.14466600428568,1.4947937719463637e-08,False,False,NO_NEGATIVE_WITNESS_FOUND,3352765487777045/18014398509481984,True,True,0.06041600136086345,4.005000002507586,0.1825419967644848,3.0040419951546937,2.716374998271931,33.05125000042608,"[""0"",""1""]","{""axis"":null,""sign"":null}","{""lower"":[""189876821751772612729863617114425168702640741476919938785118692265094414986272113236109384119218670448855947237715787952320968766148789913247696756764589456374277939291982515781481832986145490824728908159341142863502021748626552942255466026384867949100697618454629599302326077132280055703874813871497393758424712844951613994840115527083857035889209"",""11867301370572768407205675792614181168876648244011543501860315240481627343889322365926079498331601224150548704307232740725253003006432531823026287282498345251103877967452532759440977646884819861722891101101237489236463678073439826779742912503258101975095247390482904474864438670749692612891056005237789086455662199743404250098974783848465741905920""],""ok"":true,""upper"":[""77987160356042914611876688663223665731561928287500366577786643206078892562491616136264468145180143930555798577726690877279951521679936548847003034912401423211909337235483569676701839504941998980055252454046792359231507003932869533326056626436849809819879461061647152674643312437994177505487910438240892849020411155540487334567769710752923100812589223228864542347874195187792303309757647146482927595367458609874903317624168894175343"",""4874197522252682163242293041451479108222251287438704801537446389179791783993052783994949562515696857150693085443667139095224408209002757892834248748416682924335421619255866162349963545717508775383389420485932760072088243360438276234598558701184386627745920169332190022143837474534930701593899342119766154212441024108071669433257729311544245396485365171651759273905861828796877151933461634151359062944394931621798110927432888352768""]}","[""36234168320650459884032468276954383625371066916987255226323906436954079"",""2264635520040653742752029267309648976585520131493408088412703260934144""]",-17.027624991897028,-17.679583994322456
31004,0,0,31004_0,77f02aee519f9aa9ba15351302dbb765306c087078d2f899bdc489b76ffe40a2,fdd937a50ec8c4a28c62f2b1ec78ba15e46c7a39d0a01c699522bffc62cd1f36,39c75ee513e4a6561ba26d5df93519b85af6c42334b4156a9f8301ebc5e3b0b2,A_r0_s31004_t0_conic,True,True,COMPLETE_SUCCESS,False,optimal,conic,0,28,False,141.41679200110957,175.69933400227455,175.70208400138654,3.7816335407043346e-06,True,True,COLLISION_WITNESSED,5877686350273/36028797018963968,True,True,32.61066699633375,49.42979099723743,0.3091670005233027,55.509792000520974,2.801332993840333,33.52166600234341,"[""743053650890378823927221823"",""970610414464991811585703936""]","{""axis"":1,""sign"":-1}","{""lower"":[""114519748295457323836839370428455707511175169043736227546130813321425505565820149791047729024143834617285318965966078259071103939634367649104432443162022732050844232305063308108339788758725845513492118071355498537991996712948590428937764820511218925319209316974668226105151449205673137895578294796290153367871596368715603"",""7082414702726148540929859268010309584691037681706716875978345664397349290908864867747821765592015082835920404913339084205575299397705323306127583767116826389311216208103887391852605301247761293261199170567925722404540912593459103911152804552673498619141056953567569778370768288974445202548328002387493033870307895541760""],""ok"":true,""upper"":[""1938553402375784951459285873535605459684366275981"",""119888806187300630008896021433757591456150716416""]}","[""1371117106844588197315837492910656670782190071878085391"",""77280375429788933203252300864754725548608168537358336""]",A_r0_s31004_t0_factor,True,True,COMPLETE_SUCCESS,False,optimal,conic,0,28,True,144.29270799882943,178.32895800529514,178.33366700506303,3.7816335407043346e-06,True,True,COLLISION_WITNESSED,5877686350273/36028797018963968,True,True,32.73404200444929,52.25145800068276,0.2827909993357025,55.48375000216765,2.690665998670738,33.23070899932645,"[""743053650890378823927221823"",""970610414464991811585703936""]","{""axis"":1,""sign"":-1}","{""lower"":[""114519748295457323836839370428455707511175169043736227546130813321425505565820149791047729024143834617285318965966078259071103939634367649104432443162022732050844232305063308108339788758725845513492118071355498537991996712948590428937764820511218925319209316974668226105151449205673137895578294796290153367871596368715603"",""7082414702726148540929859268010309584691037681706716875978345664397349290908864867747821765592015082835920404913339084205575299397705323306127583767116826389311216208103887391852605301247761293261199170567925722404540912593459103911152804552673498619141056953567569778370768288974445202548328002387493033870307895541760""],""ok"":true,""upper"":[""1938553402375784951459285873535605459684366275981"",""119888806187300630008896021433757591456150716416""]}","[""1371117106844588197315837492910656670782190071878085391"",""77280375429788933203252300864754725548608168537358336""]",2.875915997719858,2.629624003020581
31004,0,1,31004_0,77f02aee519f9aa9ba15351302dbb765306c087078d2f899bdc489b76ffe40a2,fdd937a50ec8c4a28c62f2b1ec78ba15e46c7a39d0a01c699522bffc62cd1f36,39c75ee513e4a6561ba26d5df93519b85af6c42334b4156a9f8301ebc5e3b0b2,A_r1_s31004_t0_conic,True,True,COMPLETE_SUCCESS,False,optimal,conic,0,28,False,154.5754999970086,188.63520799641265,188.63783299457282,3.7816335407043346e-06,True,True,COLLISION_WITNESSED,5877686350273/36028797018963968,True,True,32.99074999813456,59.808209000038914,0.31024999771034345,57.861917004629504,2.842792004230432,33.29579200362787,"[""743053650890378823927221823"",""970610414464991811585703936""]","{""axis"":1,""sign"":-1}","{""lower"":[""114519748295457323836839370428455707511175169043736227546130813321425505565820149791047729024143834617285318965966078259071103939634367649104432443162022732050844232305063308108339788758725845513492118071355498537991996712948590428937764820511218925319209316974668226105151449205673137895578294796290153367871596368715603"",""7082414702726148540929859268010309584691037681706716875978345664397349290908864867747821765592015082835920404913339084205575299397705323306127583767116826389311216208103887391852605301247761293261199170567925722404540912593459103911152804552673498619141056953567569778370768288974445202548328002387493033870307895541760""],""ok"":true,""upper"":[""1938553402375784951459285873535605459684366275981"",""119888806187300630008896021433757591456150716416""]}","[""1371117106844588197315837492910656670782190071878085391"",""77280375429788933203252300864754725548608168537358336""]",A_r1_s31004_t0_factor,True,True,COMPLETE_SUCCESS,False,optimal,conic,0,28,True,147.61158300098032,182.07704200176522,182.08050000248477,3.7816335407043346e-06,True,True,COLLISION_WITNESSED,5877686350273/36028797018963968,True,True,32.64770800160477,52.54370799957542,0.29370899574132636,58.378499998070765,2.929624999524094,33.598624999285676,"[""743053650890378823927221823"",""970610414464991811585703936""]","{""axis"":1,""sign"":-1}","{""lower"":[""114519748295457323836839370428455707511175169043736227546130813321425505565820149791047729024143834617285318965966078259071103939634367649104432443162022732050844232305063308108339788758725845513492118071355498537991996712948590428937764820511218925319209316974668226105151449205673137895578294796290153367871596368715603"",""7082414702726148540929859268010309584691037681706716875978345664397349290908864867747821765592015082835920404913339084205575299397705323306127583767116826389311216208103887391852605301247761293261199170567925722404540912593459103911152804552673498619141056953567569778370768288974445202548328002387493033870307895541760""],""ok"":true,""upper"":[""1938553402375784951459285873535605459684366275981"",""119888806187300630008896021433757591456150716416""]}","[""1371117106844588197315837492910656670782190071878085391"",""77280375429788933203252300864754725548608168537358336""]",-6.963916996028274,-6.558165994647425
31004,1,0,31004_1,1953407154db601ba697f4707e6fa5cd2ab6811f02673a18fee4285089d432f6,fdd937a50ec8c4a28c62f2b1ec78ba15e46c7a39d0a01c699522bffc62cd1f36,39c75ee513e4a6561ba26d5df93519b85af6c42334b4156a9f8301ebc5e3b0b2,A_r0_s31004_t1_conic,True,True,COMPLETE_SUCCESS,False,optimal,conic,0,28,False,31.23958400101401,64.9829999965732,64.98658400232671,6.8508725315315025e-06,False,False,NO_NEGATIVE_WITNESS_FOUND,3682753/36028797018963968,True,True,0.05916699592489749,23.745665996102616,0.32008300331654027,2.839750006387476,3.711874996952247,33.13412500574486,"[""0"",""1""]","{""axis"":null,""sign"":null}","{""lower"":[""3795463173902281195484282882563047743255407889946881804379469536663429172672929626915975423283572417081495724546931878365238480185142803678343993016070956220707752028448824625513620084339775889001769349592743462197091979847993967966304905882717342134433972331555825059426828299445929117029906879157342456550422039802919"",""233888887358067610370075678110888681581831512429557886665173887470532829113894248245858366048186662580238355838855237903860338092747554695295166602570818663596708368721940837177216625179212735210709629497506511858020982951887434886440374658203290883708558228722897891873990226543508267147606054173099228673477370183680""],""ok"":true,""upper"":[""370573798923561464661861921178341602537827765909"",""22835963083295358096932575511191922182123945984""]}","[""154615437513353616183765611394126763888673"",""9527906273786276976974489008089509920768""]",A_r0_s31004_t1_factor,True,True,COMPLETE_SUCCESS,False,stationary,factor,4,0,False,78.88062499841908,116.61383300088346,116.61691700282972,1.4994889791521747e-08,True,True,NO_NEGATIVE_WITNESS_FOUND,7527705588161/36028797018963968,True,True,0.07912499859230593,5.035583999415394,0.20116599625907838,69.78645899653202,2.907665999373421,36.99337499710964,"[""11955725753499079738175436867"",""15529766631439868985371262976""]","{""axis"":1,""sign"":-1}","{""lower"":[""50116019894381480978167101720898302746790534846454436970853196866069672024970359594339697789490626491880888753031477889353210034743080417107512734788531520311589454663914000817222796125158517389528164983937077492738245168717348828366058140752671111914847951283401387452858917475984727912601413721434017187532669551445734712612926564716407341405763"",""3088312192543970730356217236505663122792630823997433907494017156953826510820267923509887524772972262213853431486443243607421849577958281558960457693640484634946895784583816855401679023178914735274510822746759243832466501077072626092071732444500678291320326252560926421314291062997583028975388056747425513327419503929264212855301140529581119242240""],""ok"":true,""upper"":[""72857773445670022588422659962440754872626854529834357"",""4489733029880533764721719806104421436383024772022272""]}","[""16660074750485096662749880019759727985957379032274281851"",""942084576667903185715837572446533797163985292645892096""]",47.64104099740507,51.63083300431026
31004,1,1,31004_1,1953407154db601ba697f4707e6fa5cd2ab6811f02673a18fee4285089d432f6,fdd937a50ec8c4a28c62f2b1ec78ba15e46c7a39d0a01c699522bffc62cd1f36,39c75ee513e4a6561ba26d5df93519b85af6c42334b4156a9f8301ebc5e3b0b2,A_r1_s31004_t1_conic,True,True,COMPLETE_SUCCESS,False,optimal,conic,0,28,False,31.58633400016697,66.06325000029756,66.06587500573369,6.8508725315315025e-06,False,False,NO_NEGATIVE_WITNESS_FOUND,3682753/36028797018963968,True,True,0.06487500650109723,23.923000000650063,0.3177500038873404,3.0241659987950698,3.7289590036380105,33.93466600391548,"[""0"",""1""]","{""axis"":null,""sign"":null}","{""lower"":[""3795463173902281195484282882563047743255407889946881804379469536663429172672929626915975423283572417081495724546931878365238480185142803678343993016070956220707752028448824625513620084339775889001769349592743462197091979847993967966304905882717342134433972331555825059426828299445929117029906879157342456550422039802919"",""233888887358067610370075678110888681581831512429557886665173887470532829113894248245858366048186662580238355838855237903860338092747554695295166602570818663596708368721940837177216625179212735210709629497506511858020982951887434886440374658203290883708558228722897891873990226543508267147606054173099228673477370183680""],""ok"":true,""upper"":[""370573798923561464661861921178341602537827765909"",""22835963083295358096932575511191922182123945984""]}","[""154615437513353616183765611394126763888673"",""9527906273786276976974489008089509920768""]",A_r1_s31004_t1_factor,True,True,COMPLETE_SUCCESS,False,stationary,factor,4,0,False,80.13116700021783,118.28745799721219,118.28979200072354,1.4994889791521747e-08,True,True,NO_NEGATIVE_WITNESS_FOUND,7527705588161/36028797018963968,True,True,0.06274999759625643,4.925458000798244,0.19483399955788627,71.15341700409772,3.004832993610762,37.37787499994738,"[""11955725753499079738175436867"",""15529766631439868985371262976""]","{""axis"":1,""sign"":-1}","{""lower"":[""50116019894381480978167101720898302746790534846454436970853196866069672024970359594339697789490626491880888753031477889353210034743080417107512734788531520311589454663914000817222796125158517389528164983937077492738245168717348828366058140752671111914847951283401387452858917475984727912601413721434017187532669551445734712612926564716407341405763"",""3088312192543970730356217236505663122792630823997433907494017156953826510820267923509887524772972262213853431486443243607421849577958281558960457693640484634946895784583816855401679023178914735274510822746759243832466501077072626092071732444500678291320326252560926421314291062997583028975388056747425513327419503929264212855301140529581119242240""],""ok"":true,""upper"":[""72857773445670022588422659962440754872626854529834357"",""4489733029880533764721719806104421436383024772022272""]}","[""16660074750485096662749880019759727985957379032274281851"",""942084576667903185715837572446533797163985292645892096""]",48.54483300005086,52.22420799691463
31004,2,0,31004_2,6d4ff6e278471fa8b0c2a8018f264b78f958c8682303babec9fabd3753a6ae29,fdd937a50ec8c4a28c62f2b1ec78ba15e46c7a39d0a01c699522bffc62cd1f36,39c75ee513e4a6561ba26d5df93519b85af6c42334b4156a9f8301ebc5e3b0b2,A_r0_s31004_t2_conic,True,True,COMPLETE_SUCCESS,False,optimal,conic,0,28,False,91.71724999760045,125.80324999726145,125.80587499542162,2.3941636393525976e-06,True,True,COLLISION_WITNESSED,7073030713793/36028797018963968,True,True,0.06587499956367537,23.972584000148345,0.2948339970316738,63.762915997358505,2.8773340018233284,33.286166995821986,"[""3854386251853879897744914105"",""7764883315719934492685631488""]","{""axis"":1,""sign"":-1}","{""lower"":[""166351198109541150747415985944279574958410656675928818124291469226888169550111719514741117224893723381947589579504464328989631043649250402451152652208426579695583099454469170779344092198211830171526904206770713605942403003783527330928467375012523389387611525181555586825995593907770538032957292550760194964041975479647"",""10196357950373190186423515988037262469293931116349199614341297529538368692545842536318232151826649731262993985867407777902812149472179340564586216183070253781562304561072301509970946807253496271921268939507424068319931287657378215072751805712547340572333430634361722284514209639035296508334444713985649048272167239680""],""ok"":true,""upper"":[""488989538542671138946771132001504729166127256059"",""29972201546825157502224005358439397864037679104""]}","[""27666842343231765838230363559441838302106971696186288293"",""1648648009168830575002715751781434145036974262130311168""]",A_r0_s31004_t2_factor,True,True,COMPLETE_SUCCESS,False,optimal,conic,4,28,True,103.50595800264273,138.25220800208626,138.25474999612197,2.3941636393525976e-06,True,True,COLLISION_WITNESSED,7073030713793/36028797018963968,True,True,0.06537499575642869,31.262375006917864,0.2764160017250106,67.85562499862863,2.8411249950295314,33.7324579959386,"[""3854386251853879897744914105"",""7764883315719934492685631488""]","{""axis"":1,""sign"":-1}","{""lower"":[""166351198109541150747415985944279574958410656675928818124291469226888169550111719514741117224893723381947589579504464328989631043649250402451152652208426579695583099454469170779344092198211830171526904206770713605942403003783527330928467375012523389387611525181555586825995593907770538032957292550760194964041975479647"",""10196357950373190186423515988037262469293931116349199614341297529538368692545842536318232151826649731262993985867407777902812149472179340564586216183070253781562304561072301509970946807253496271921268939507424068319931287657378215072751805712547340572333430634361722284514209639035296508334444713985649048272167239680""],""ok"":true,""upper"":[""488989538542671138946771132001504729166127256059"",""29972201546825157502224005358439397864037679104""]}","[""27666842343231765838230363559441838302106971696186288293"",""1648648009168830575002715751781434145036974262130311168""]",11.788708005042281,12.448958004824817
31004,2,1,31004_2,6d4ff6e278471fa8b0c2a8018f264b78f958c8682303babec9fabd3753a6ae29,fdd937a50ec8c4a28c62f2b1ec78ba15e46c7a39d0a01c699522bffc62cd1f36,39c75ee513e4a6561ba26d5df93519b85af6c42334b4156a9f8301ebc5e3b0b2,A_r1_s31004_t2_conic,True,True,COMPLETE_SUCCESS,False,optimal,conic,0,28,False,91.95629200257827,126.26649999583606,126.2693329990725,2.3941636393525976e-06,True,True,COLLISION_WITNESSED,7073030713793/36028797018963968,True,True,0.058166995586361736,24.014458002056926,0.36987500061513856,63.845249998848885,2.880166000977624,33.47866600233829,"[""3854386251853879897744914105"",""7764883315719934492685631488""]","{""axis"":1,""sign"":-1}","{""lower"":[""166351198109541150747415985944279574958410656675928818124291469226888169550111719514741117224893723381947589579504464328989631043649250402451152652208426579695583099454469170779344092198211830171526904206770713605942403003783527330928467375012523389387611525181555586825995593907770538032957292550760194964041975479647"",""10196357950373190186423515988037262469293931116349199614341297529538368692545842536318232151826649731262993985867407777902812149472179340564586216183070253781562304561072301509970946807253496271921268939507424068319931287657378215072751805712547340572333430634361722284514209639035296508334444713985649048272167239680""],""ok"":true,""upper"":[""488989538542671138946771132001504729166127256059"",""29972201546825157502224005358439397864037679104""]}","[""27666842343231765838230363559441838302106971696186288293"",""1648648009168830575002715751781434145036974262130311168""]",A_r1_s31004_t2_factor,True,True,COMPLETE_SUCCESS,False,optimal,conic,4,28,True,99.45795900421217,134.20849999965867,134.2124170041643,2.3941636393525976e-06,True,True,COLLISION_WITNESSED,7073030713793/36028797018963968,True,True,0.06991700502112508,31.483334001677576,0.3188339978805743,63.561167000443675,2.9020830043009482,33.622291004576255,"[""3854386251853879897744914105"",""7764883315719934492685631488""]","{""axis"":1,""sign"":-1}","{""lower"":[""166351198109541150747415985944279574958410656675928818124291469226888169550111719514741117224893723381947589579504464328989631043649250402451152652208426579695583099454469170779344092198211830171526904206770713605942403003783527330928467375012523389387611525181555586825995593907770538032957292550760194964041975479647"",""10196357950373190186423515988037262469293931116349199614341297529538368692545842536318232151826649731262993985867407777902812149472179340564586216183070253781562304561072301509970946807253496271921268939507424068319931287657378215072751805712547340572333430634361722284514209639035296508334444713985649048272167239680""],""ok"":true,""upper"":[""488989538542671138946771132001504729166127256059"",""29972201546825157502224005358439397864037679104""]}","[""27666842343231765838230363559441838302106971696186288293"",""1648648009168830575002715751781434145036974262130311168""]",7.501667001633905,7.9420000038226135
31004,3,0,31004_3,372411b46ca4f7b383ee80f3d6c7e9d7fc7dc7ce243edc1c3211b73408d58f86,fdd937a50ec8c4a28c62f2b1ec78ba15e46c7a39d0a01c699522bffc62cd1f36,39c75ee513e4a6561ba26d5df93519b85af6c42334b4156a9f8301ebc5e3b0b2,A_r0_s31004_t3_conic,True,True,COMPLETE_SUCCESS,False,optimal,conic,0,28,False,93.2412919937633,127.33329199545551,127.33591699361568,1.7810557652774832e-05,True,True,COLLISION_WITNESSED,34376609607/2251799813685248,True,True,0.05716699524782598,24.390708000282757,0.2862499968614429,64.8166669998318,2.8939999974681996,33.33883299637819,"[""23907015131866413940998279045"",""124238133051518951882970103808""]","{""axis"":1,""sign"":-1}","{""lower"":[""633881030886411699333369009449892323046149331804042808518142380158867922886244283312366930403805161576068560489513829173587771196213369019496049524271411350062665747439913220153025109377683382423174138987897340023794537995044812124807594049160237046530846961270088325685653979324213359302178986348629091961"",""38929210606104943276153424975800470519602454719954595939519447657260128790559144330058104501932030568006023420676450320164562328156556211704514705589598914240771671242250653998835939811065205832906894245872376751061626245752234801261199389582272052465564304196377774241790438684001087882222227155383746560""],""ok"":true,""upper"":[""1952141386880505453896611521043010173015478581391"",""119888806187300630008896021433757591456150716416""]}","[""20799144254616234966923270076549412178879287471053422664839"",""1266161671041661881602085697368141423388396233316078977024""]",A_r0_s31004_t3_factor,True,True,COMPLETE_SUCCESS,False,stationary,factor,6,0,False,73.28937500278698,105.15391700027976,105.15637500066077,1.547032361928668e-08,True,True,COLLISION_WITNESSED,35836284743/2251799813685248,True,True,0.062083003285806626,6.913375000294764,0.1831659974413924,62.43012499908218,2.8172909951535985,31.073624995769933,"[""11953513820196999788998142925"",""62119066525759475941485051904""]","{""axis"":1,""sign"":-1}","{""lower"":[""106531192896120627054194954297396221898389159707217359972124178667418395337568604220125097203871630168256545713747003066441261106831583000677685409266311336605423802867342751108190628475599325673075577151265935723089395678094810276871143906076954988173147006462069238648637365349961264912297365247167548491029474830461988205537860536920645"",""6542506420254316223988968871018398377329531953083467925233307915632197026287363141942507617307718730166330269579376503200421647775245991939921287485425965824518819788488810601793622509866503313969879928924493612381081006954371288268919813552081923356425804047240592105088474527696151669493916637857405157410360497447654006118173735124992""],""ok"":true,""upper"":[""88652719127506373789643226227176808753461"",""5444517870735015415413993718908291383296""]}","[""1733261738051653429808668370214134723824629723958087711357"",""105513472586805156800173808114011785282366352776339914752""]",-19.951916990976315,-22.17937499517575
31004,3,1,31004_3,372411b46ca4f7b383ee80f3d6c7e9d7fc7dc7ce243edc1c3211b73408d58f86,fdd937a50ec8c4a28c62f2b1ec78ba15e46c7a39d0a01c699522bffc62cd1f36,39c75ee513e4a6561ba26d5df93519b85af6c42334b4156a9f8301ebc5e3b0b2,A_r1_s31004_t3_conic,True,True,COMPLETE_SUCCESS,False,optimal,conic,0,28,False,91.74875000462634,125.83170800644439,125.83429100050125,1.7810557652774832e-05,True,True,COLLISION_WITNESSED,34376609607/2251799813685248,True,True,0.0703330006217584,24.30837499559857,0.30079200223553926,63.38000000687316,2.8733750004903413,33.31337499548681,"[""23907015131866413940998279045"",""124238133051518951882970103808""]","{""axis"":1,""sign"":-1}","{""lower"":[""633881030886411699333369009449892323046149331804042808518142380158867922886244283312366930403805161576068560489513829173587771196213369019496049524271411350062665747439913220153025109377683382423174138987897340023794537995044812124807594049160237046530846961270088325685653979324213359302178986348629091961"",""38929210606104943276153424975800470519602454719954595939519447657260128790559144330058104501932030568006023420676450320164562328156556211704514705589598914240771671242250653998835939811065205832906894245872376751061626245752234801261199389582272052465564304196377774241790438684001087882222227155383746560""],""ok"":true,""upper"":[""1952141386880505453896611521043010173015478581391"",""119888806187300630008896021433757591456150716416""]}","[""20799144254616234966923270076549412178879287471053422664839"",""1266161671041661881602085697368141423388396233316078977024""]",A_r1_s31004_t3_factor,True,True,COMPLETE_SUCCESS,False,stationary,factor,6,0,False,102.41770800348604,134.76820800133282,134.77083300676895,1.547032361928668e-08,True,True,COLLISION_WITNESSED,35836284743/2251799813685248,True,True,0.06812500214437023,6.84200000250712,0.2101660065818578,62.82062499667518,2.9072910037939437,31.552084001305047,"[""11953513820196999788998142925"",""62119066525759475941485051904""]","{""axis"":1,""sign"":-1}","{""lower"":[""106531192896120627054194954297396221898389159707217359972124178667418395337568604220125097203871630168256545713747003066441261106831583000677685409266311336605423802867342751108190628475599325673075577151265935723089395678094810276871143906076954988173147006462069238648637365349961264912297365247167548491029474830461988205537860536920645"",""6542506420254316223988968871018398377329531953083467925233307915632197026287363141942507617307718730166330269579376503200421647775245991939921287485425965824518819788488810601793622509866503313969879928924493612381081006954371288268919813552081923356425804047240592105088474527696151669493916637857405157410360497447654006118173735124992""],""ok"":true,""upper"":[""88652719127506373789643226227176808753461"",""5444517870735015415413993718908291383296""]}","[""1733261738051653429808668370214134723824629723958087711357"",""105513472586805156800173808114011785282366352776339914752""]",10.668957998859696,8.936499994888436
31004,4,0,31004_4,88735392a859c3090b95351456aa767b70dabfd03d929dd916c4e8db0498a922,fdd937a50ec8c4a28c62f2b1ec78ba15e46c7a39d0a01c699522bffc62cd1f36,39c75ee513e4a6561ba26d5df93519b85af6c42334b4156a9f8301ebc5e3b0b2,A_r0_s31004_t4_conic,True,True,COMPLETE_SUCCESS,False,optimal,conic,0,32,False,95.77895799884573,130.2090409953962,130.21149999985937,1.4659430936113796e-05,True,True,COLLISION_WITNESSED,241788548935/2251799813685248,True,True,0.07583299884572625,26.525582994509023,0.27470799977891147,65.00516700180015,3.046124998945743,33.603750001930166,"[""11231898391333322941510286289"",""62119066525759475941485051904""]","{""axis"":1,""sign"":-1}","{""lower"":[""3733875614188188212859632112517437598206383720953675998163826359873012742271863754707114971646135555416603955227520923945445854461372644027249673205893642664060197890295559757318082526532317492742272498835124106709878976104785216999853290180096918540533716739857775163151762602905680048374452361928527606057107"",""230133048631269083714434255962979778477366733998374070213065835291786957896957293719311212392225827950088612284757260549507986118800863249430050736256717289080615826405926401571708716336442046191004266497668185168121115291630995719202622593057805101156662385913818558872692538864146210799053366891319750819840""],""ok"":true,""upper"":[""185255275655101680761189126874058349307949137607"",""11417981541647679048466287755595961091061972992""]}","[""1724973454412080471127908449662581546028255510998818789717"",""105513472586805156800173808114011785282366352776339914752""]",A_r0_s31004_t4_factor,True,True,COMPLETE_SUCCESS,False,stationary,factor,5,0,False,76.29358299891464,108.10170799959451,108.10483300156193,1.5462560699828325e-08,True,True,COLLISION_WITNESSED,267869206343/2251799813685248,True,True,0.0698750009178184,6.188167004438583,0.19008399976883084,65.7961670003715,3.0708330014022067,31.052666003233753,"[""11231891172988668005602082967"",""62119066525759475941485051904""]","{""axis"":1,""sign"":-1}","{""lower"":[""207514846548455692508315185083781956449681451546786092229646791978183232837771563077937278545190197554112450277223561935647121724467162535539333393714549966139792059635773086607589918429095165232498498679723367479587690755294643634012599355373021602638888580853384421996098804612694707609383929570481510147743534093731808826782534940965441"",""12789922890115456740527552590815537526428925608866467368945287792529535251427424900643249879843354019228617884755121857471254386002877604305782260147214740798574651761534866564096090239227080151108230874169014665695568816020364303280739325224271667943717046858842236703513821393582983008287913755733183296405656974633075767699729618567168""],""ok"":true,""upper"":[""1855068582230614386690099525390963204085351"",""114334875285435323723693868097074119049216""]}","[""5174927799700187755080183898393523737541850763280735701391"",""316540417760415470400521424342035355847099058329019744256""]",-19.485374999931082,-22.1073329958017
31004,4,1,31004_4,88735392a859c3090b95351456aa767b70dabfd03d929dd916c4e8db0498a922,fdd937a50ec8c4a28c62f2b1ec78ba15e46c7a39d0a01c699522bffc62cd1f36,39c75ee513e4a6561ba26d5df93519b85af6c42334b4156a9f8301ebc5e3b0b2,A_r1_s31004_t4_conic,True,True,COMPLETE_SUCCESS,False,optimal,conic,0,32,False,96.88962499785703,131.38083399826428,131.384458996763,1.4659430936113796e-05,True,True,COLLISION_WITNESSED,241788548935/2251799813685248,True,True,0.0641250007902272,26.925625003059395,0.3141250053886324,65.73587500315625,3.114708000794053,33.643041002505925,"[""11231898391333322941510286289"",""62119066525759475941485051904""]","{""axis"":1,""sign"":-1}","{""lower"":[""3733875614188188212859632112517437598206383720953675998163826359873012742271863754707114971646135555416603955227520923945445854461372644027249673205893642664060197890295559757318082526532317492742272498835124106709878976104785216999853290180096918540533716739857775163151762602905680048374452361928527606057107"",""230133048631269083714434255962979778477366733998374070213065835291786957896957293719311212392225827950088612284757260549507986118800863249430050736256717289080615826405926401571708716336442046191004266497668185168121115291630995719202622593057805101156662385913818558872692538864146210799053366891319750819840""],""ok"":true,""upper"":[""185255275655101680761189126874058349307949137607"",""11417981541647679048466287755595961091061972992""]}","[""1724973454412080471127908449662581546028255510998818789717"",""105513472586805156800173808114011785282366352776339914752""]",A_r1_s31004_t4_factor,True,True,COMPLETE_SUCCESS,False,stationary,factor,5,0,False,76.46704200305976,108.67049999797018,108.67349999898579,1.5462560699828325e-08,True,True,COLLISION_WITNESSED,267869206343/2251799813685248,True,True,0.07012500282144174,6.183124998642597,0.21299999934853986,66.14154199633049,3.0522920060320757,31.42200000002049,"[""11231891172988668005602082967"",""62119066525759475941485051904""]","{""axis"":1,""sign"":-1}","{""lower"":[""207514846548455692508315185083781956449681451546786092229646791978183232837771563077937278545190197554112450277223561935647121724467162535539333393714549966139792059635773086607589918429095165232498498679723367479587690755294643634012599355373021602638888580853384421996098804612694707609383929570481510147743534093731808826782534940965441"",""12789922890115456740527552590815537526428925608866467368945287792529535251427424900643249879843354019228617884755121857471254386002877604305782260147214740798574651761534866564096090239227080151108230874169014665695568816020364303280739325224271667943717046858842236703513821393582983008287913755733183296405656974633075767699729618567168""],""ok"":true,""upper"":[""1855068582230614386690099525390963204085351"",""114334875285435323723693868097074119049216""]}","[""5174927799700187755080183898393523737541850763280735701391"",""316540417760415470400521424342035355847099058329019744256""]",-20.422582994797267,-22.710334000294097
31004,5,0,31004_5,6e7d4d47efa9f3a9e43070251783ac87fe760f72e79c01db31b25f05ee68f8b3,fdd937a50ec8c4a28c62f2b1ec78ba15e46c7a39d0a01c699522bffc62cd1f36,39c75ee513e4a6561ba26d5df93519b85af6c42334b4156a9f8301ebc5e3b0b2,A_r0_s31004_t5_conic,True,True,COMPLETE_SUCCESS,False,optimal,conic,0,34,False,85.68066600128077,119.52916600421304,119.53133300266927,6.7911663989334716e-06,True,True,COLLISION_WITNESSED,3653977927/2251799813685248,True,True,0.07579100201837718,27.776709001045674,0.2976660034619272,53.62087499815971,3.158167004585266,33.146916997793596,"[""18513749172560074292645236521"",""62119066525759475941485051904""]","{""axis"":1,""sign"":-1}","{""lower"":[""838650384916310501237290455299965721212997682529450129944996264818687158552994053003266245580253332569423882459705689942371530794310556928771977629603524628472135940202187063390039409816741490167747316976732137821831727038436970156016518591622112596896269152743869593541156625182297423817939510684782214864241"",""51807841080156914148309014806275552331874632541777702758499949567259420356404224644587782055665233815880022785288396566971378982082156287798740492606073093206108261659103573405928401759169222349668742040743319912209188315267338773910079722889457126972598796781188718179422258671486811260215929545585957273600""],""ok"":true,""upper"":[""993651825148378307653709964798235176678950112933217"",""61383068767897922564554762974083886825549166804992""]}","[""5202594566682922904696455977616353180767754271988856167951"",""316540417760415470400521424342035355847099058329019744256""]",A_r0_s31004_t5_factor,True,True,COMPLETE_SUCCESS,False,stationary,factor,4,0,False,63.28191600186983,94.5520410023164,94.55495799920755,1.5545765975480776e-08,True,True,COLLISION_WITNESSED,12546426695/2251799813685248,True,True,0.06241600203793496,4.814542000531219,0.19737499678740278,54.483166997670196,2.917083002103027,30.509875003190245,"[""37027452070957456487384648073"",""124238133051518951882970103808""]","{""axis"":1,""sign"":-1}","{""lower"":[""16826803398889528254099172774000189247673663550306679830357318730886640010675310260295017074158039066143772182184300925253960272802131606913769315435728281716460594929948058383934606911091184005558325715679729880570443623608415643429874575054781487042598835822887734616194044411408985746226465782663388351188134631950746050391064904003"",""1039479629797252403927460158472844810816294102916381170559192632246773441396872471655378319767226302560688365839051836941335764094494066470551881237211040339958439875924063474440612356216296248097763988883638961876881812001079179492609921562002873277684654221516407911026826506838746386937451387933524674298524693965748625402216054784""],""ok"":true,""upper"":[""33050370568029486573742859132015856410371"",""2041694201525630780780247644590609268736""]}","[""20810400467178945997550252534283062446502501314174458044239"",""1266161671041661881602085697368141423388396233316078977024""]",-22.39874999941094,-24.97712500189664
31004,5,1,31004_5,6e7d4d47efa9f3a9e43070251783ac87fe760f72e79c01db31b25f05ee68f8b3,fdd937a50ec8c4a28c62f2b1ec78ba15e46c7a39d0a01c699522bffc62cd1f36,39c75ee513e4a6561ba26d5df93519b85af6c42334b4156a9f8301ebc5e3b0b2,A_r1_s31004_t5_conic,True,True,COMPLETE_SUCCESS,False,optimal,conic,0,34,False,92.39070799958427,127.19408300472423,127.19645800098078,6.7911663989334716e-06,True,True,COLLISION_WITNESSED,3653977927/2251799813685248,True,True,0.07375000132014975,30.901417005225085,0.32083299447549507,57.15616700035753,3.155500002321787,34.04320800473215,"[""18513749172560074292645236521"",""62119066525759475941485051904""]","{""axis"":1,""sign"":-1}","{""lower"":[""838650384916310501237290455299965721212997682529450129944996264818687158552994053003266245580253332569423882459705689942371530794310556928771977629603524628472135940202187063390039409816741490167747316976732137821831727038436970156016518591622112596896269152743869593541156625182297423817939510684782214864241"",""51807841080156914148309014806275552331874632541777702758499949567259420356404224644587782055665233815880022785288396566971378982082156287798740492606073093206108261659103573405928401759169222349668742040743319912209188315267338773910079722889457126972598796781188718179422258671486811260215929545585957273600""],""ok"":true,""upper"":[""993651825148378307653709964798235176678950112933217"",""61383068767897922564554762974083886825549166804992""]}","[""5202594566682922904696455977616353180767754271988856167951"",""316540417760415470400521424342035355847099058329019744256""]",A_r1_s31004_t5_factor,True,True,COMPLETE_SUCCESS,False,stationary,factor,4,0,False,64.55754199851071,96.96925000025658,96.97216699714772,1.5545765975480776e-08,True,True,COLLISION_WITNESSED,12546426695/2251799813685248,True,True,0.06791699706809595,5.166666996956337,0.19587499991757795,55.227249999006744,3.068999998504296,31.583083000441547,"[""37027452070957456487384648073"",""124238133051518951882970103808""]","{""axis"":1,""sign"":-1}","{""lower"":[""16826803398889528254099172774000189247673663550306679830357318730886640010675310260295017074158039066143772182184300925253960272802131606913769315435728281716460594929948058383934606911091184005558325715679729880570443623608415643429874575054781487042598835822887734616194044411408985746226465782663388351188134631950746050391064904003"",""1039479629797252403927460158472844810816294102916381170559192632246773441396872471655378319767226302560688365839051836941335764094494066470551881237211040339958439875924063474440612356216296248097763988883638961876881812001079179492609921562002873277684654221516407911026826506838746386937451387933524674298524693965748625402216054784""],""ok"":true,""upper"":[""33050370568029486573742859132015856410371"",""2041694201525630780780247644590609268736""]}","[""20810400467178945997550252534283062446502501314174458044239"",""1266161671041661881602085697368141423388396233316078977024""]",-27.83316600107355,-30.224833004467655
31004,6,0,31004_6,9121c7c9fc93dae83808a112a8bbf206d485f7804c7137337b8d762f431a1995,fdd937a50ec8c4a28c62f2b1ec78ba15e46c7a39d0a01c699522bffc62cd1f36,39c75ee513e4a6561ba26d5df93519b85af6c42334b4156a9f8301ebc5e3b0b2,A_r0_s31004_t6_conic,True,True,COMPLETE_SUCCESS,False,optimal,conic,0,30,False,87.53008300118381,121.61104200640693,121.61433300207136,1.2975395203218796e-06,True,True,COLLISION_WITNESSED,43085686599/2251799813685248,True,True,0.060500002291519195,25.03074999549426,0.31641700479667634,58.446458002435975,2.8669579987763427,33.31170899764402,"[""3566118296333696093525219823"",""7764883315719934492685631488""]","{""axis"":1,""sign"":-1}","{""lower"":[""28408290904767590566351467946083085833350021385627445638899940896091544987011498144540650501795016878587833372903201244858363153380321524402064013052955394040826733380514668139512652081604965716332354530121208690963473632098868160711490176101980302085359182996083843840143041732908240293161854613657195715530044969334343"",""1758516363670763825352735341893693089357560328193394580845863457551606481263583915955137123949211446050744930288152601343384609050708031390498331676067356310696010489342486122307118042847522125656573730887152422590224849918083653573816854278665952335185767982540635912967831164865148780207439367609270478449261234094080""],""ok"":true,""upper"":[""30988271034024108964718362642124281402910260082321"",""1918220898996810080142336342940121463298411462656""]}","[""11794272416055196019935283935613377629106072132133119177"",""706563432500927389286878179334900347872988969484419072""]",A_r0_s31004_t6_factor,True,True,COMPLETE_SUCCESS,False,stationary,factor,5,0,False,69.45670799905201,107.69845799950417,107.70066599798156,1.5586667597870932e-08,True,True,COLLISION_WITNESSED,45151811399/2251799813685248,True,True,0.06350000330712646,6.140124998637475,0.18708300194703043,59.353167001972906,2.900875006162096,37.52941700076917,"[""3566121764444136293374357479"",""7764883315719934492685631488""]","{""axis"":1,""sign"":-1}","{""lower"":[""878480267396223506488151263446004191800632515415546214669232309903519706664040620032502911830915572236294307911401097498097578823047400167490814417842021647199853963331357305202352012385940510827872091933576502644702967413011720966983536714168692496098140731972433110966017525415345287107419279989075597370591995134255082184426380760557"",""54379258788188142956466383886492534632320547917416363828067329017432087128770728055973578046052934934812482120848714570500466628974352195556058012386989535885284401091618903071064432230564760361456765904983691934400298871861831459034927625598742920018642779113455915803899406021313754007066758094875094590587967523290834676384907919360""],""ok"":true,""upper"":[""28860076361328762121333261846143135228599"",""1786482426334926933182716689016783110144""]}","[""27519970203143716690600435268695469712015219867236630373"",""1648648009168830575002715751781434145036974262130311168""]",-18.073375002131797,-13.912584006902762
31004,6,1,31004_6,9121c7c9fc93dae83808a112a8bbf206d485f7804c7137337b8d762f431a1995,fdd937a50ec8c4a28c62f2b1ec78ba15e46c7a39d0a01c699522bffc62cd1f36,39c75ee513e4a6561ba26d5df93519b85af6c42334b4156a9f8301ebc5e3b0b2,A_r1_s31004_t6_conic,True,True,COMPLETE_SUCCESS,False,optimal,conic,0,30,False,89.8653749973164,124.15754099492915,124.16041599499295,1.2975395203218796e-06,True,True,COLLISION_WITNESSED,43085686599/2251799813685248,True,True,0.060375001339707524,25.33291700092377,0.3164590016240254,60.452792000432964,2.9713330004597083,33.52545900270343,"[""3566118296333696093525219823"",""7764883315719934492685631488""]","{""axis"":1,""sign"":-1}","{""lower"":[""28408290904767590566351467946083085833350021385627445638899940896091544987011498144540650501795016878587833372903201244858363153380321524402064013052955394040826733380514668139512652081604965716332354530121208690963473632098868160711490176101980302085359182996083843840143041732908240293161854613657195715530044969334343"",""1758516363670763825352735341893693089357560328193394580845863457551606481263583915955137123949211446050744930288152601343384609050708031390498331676067356310696010489342486122307118042847522125656573730887152422590224849918083653573816854278665952335185767982540635912967831164865148780207439367609270478449261234094080""],""ok"":true,""upper"":[""30988271034024108964718362642124281402910260082321"",""1918220898996810080142336342940121463298411462656""]}","[""11794272416055196019935283935613377629106072132133119177"",""706563432500927389286878179334900347872988969484419072""]",A_r1_s31004_t6_factor,True,True,COMPLETE_SUCCESS,False,stationary,factor,5,0,False,69.59258300048532,107.73070799768902,107.7333749999525,1.5586667597870932e-08,True,True,COLLISION_WITNESSED,45151811399/2251799813685248,True,True,0.05770799907622859,6.139083998277783,0.2019160019699484,59.413707997009624,2.9640840002684854,37.40370800369419,"[""3566121764444136293374357479"",""7764883315719934492685631488""]","{""axis"":1,""sign"":-1}","{""lower"":[""878480267396223506488151263446004191800632515415546214669232309903519706664040620032502911830915572236294307911401097498097578823047400167490814417842021647199853963331357305202352012385940510827872091933576502644702967413011720966983536714168692496098140731972433110966017525415345287107419279989075597370591995134255082184426380760557"",""54379258788188142956466383886492534632320547917416363828067329017432087128770728055973578046052934934812482120848714570500466628974352195556058012386989535885284401091618903071064432230564760361456765904983691934400298871861831459034927625598742920018642779113455915803899406021313754007066758094875094590587967523290834676384907919360""],""ok"":true,""upper"":[""28860076361328762121333261846143135228599"",""1786482426334926933182716689016783110144""]}","[""27519970203143716690600435268695469712015219867236630373"",""1648648009168830575002715751781434145036974262130311168""]",-20.272791996831074,-16.426832997240126
31004,7,0,31004_7,a3527ac6ffbdd043f073e6a9db0e5d30e3f34bc3fdfbf34b55ba41982109b713,fdd937a50ec8c4a28c62f2b1ec78ba15e46c7a39d0a01c699522bffc62cd1f36,39c75ee513e4a6561ba26d5df93519b85af6c42334b4156a9f8301ebc5e3b0b2,A_r0_s31004_t7_conic,True,True,COMPLETE_SUCCESS,False,optimal,conic,0,27,False,120.76570800127229,155.03833300317638,155.0411249991157,2.301628319713106e-05,True,True,COLLISION_WITNESSED,6795333447/2251799813685248,True,True,0.069500005338341,23.60525000403868,0.3087500008405186,64.69379200279946,2.79716699878918,33.51824999845121,"[""482020462221747393462561675"",""970610414464991811585703936""]","{""axis"":1,""sign"":-1}","{""lower"":[""1621612078880108462836687726253711197102600893911158100831233536223775329258085764187128973258206847341077949930579283238314773469142176810657749807823559815672401952497465605651339974693022328853242890117965444946142965019520187891854720575331948939574660581988634648183244618912347749206430084179183133431"",""100540973946775456105768775730596653541102841341698702363863788628721997573557077793111966491756638595069563839773112923015123784097441781458996390111832565332257711606349038518522515825741576112102071827701660896949158659701984697509006737013473683249757469792373622565521278119056021698507243848665661440""],""ok"":true,""upper"":[""11786200179861491198151504782004662157870119022183"",""730750818665451459101842416358141509827966271488""]}","[""1297673678507714656619930052474542670607677747839954471"",""77280375429788933203252300864754725548608168537358336""]",A_r0_s31004_t7_factor,True,True,COMPLETE_SUCCESS,False,optimal,conic,5,27,True,103.48787499970058,139.7808339970652,139.78337500157068,2.301628319713106e-05,True,True,COLLISION_WITNESSED,6795333447/2251799813685248,True,True,0.0624169988441281,32.17929200036451,0.29045900009805337,66.57962500321446,2.722124998399522,35.20762500556884,"[""482020462221747393462561675"",""970610414464991811585703936""]","{""axis"":1,""sign"":-1}","{""lower"":[""1621612078880108462836687726253711197102600893911158100831233536223775329258085764187128973258206847341077949930579283238314773469142176810657749807823559815672401952497465605651339974693022328853242890117965444946142965019520187891854720575331948939574660581988634648183244618912347749206430084179183133431"",""100540973946775456105768775730596653541102841341698702363863788628721997573557077793111966491756638595069563839773112923015123784097441781458996390111832565332257711606349038518522515825741576112102071827701660896949158659701984697509006737013473683249757469792373622565521278119056021698507243848665661440""],""ok"":true,""upper"":[""11786200179861491198151504782004662157870119022183"",""730750818665451459101842416358141509827966271488""]}","[""1297673678507714656619930052474542670607677747839954471"",""77280375429788933203252300864754725548608168537358336""]",-17.277833001571707,-15.257499006111175
31004,7,1,31004_7,a3527ac6ffbdd043f073e6a9db0e5d30e3f34bc3fdfbf34b55ba41982109b713,fdd937a50ec8c4a28c62f2b1ec78ba15e46c7a39d0a01c699522bffc62cd1f36,39c75ee513e4a6561ba26d5df93519b85af6c42334b4156a9f8301ebc5e3b0b2,A_r1_s31004_t7_conic,True,True,COMPLETE_SUCCESS,False,optimal,conic,0,27,False,92.98904100432992,127.50008299917681,127.50308300019242,2.301628319713106e-05,True,True,COLLISION_WITNESSED,6795333447/2251799813685248,True,True,0.06370800110744312,23.388124995108228,0.31445799686480314,65.34441700205207,3.045666999241803,33.668208998278715,"[""482020462221747393462561675"",""970610414464991811585703936""]","{""axis"":1,""sign"":-1}","{""lower"":[""1621612078880108462836687726253711197102600893911158100831233536223775329258085764187128973258206847341077949930579283238314773469142176810657749807823559815672401952497465605651339974693022328853242890117965444946142965019520187891854720575331948939574660581988634648183244618912347749206430084179183133431"",""100540973946775456105768775730596653541102841341698702363863788628721997573557077793111966491756638595069563839773112923015123784097441781458996390111832565332257711606349038518522515825741576112102071827701660896949158659701984697509006737013473683249757469792373622565521278119056021698507243848665661440""],""ok"":true,""upper"":[""11786200179861491198151504782004662157870119022183"",""730750818665451459101842416358141509827966271488""]}","[""1297673678507714656619930052474542670607677747839954471"",""77280375429788933203252300864754725548608168537358336""]",A_r1_s31004_t7_factor,True,True,COMPLETE_SUCCESS,False,optimal,conic,5,27,True,101.98800000216579,136.80508299876237,136.8082500048331,2.301628319713106e-05,True,True,COLLISION_WITNESSED,6795333447/2251799813685248,True,True,0.08041700493777171,32.102209006552584,0.2994169990415685,65.43820800288813,2.862834000552539,33.72945800219895,"[""482020462221747393462561675"",""970610414464991811585703936""]","{""axis"":1,""sign"":-1}","{""lower"":[""1621612078880108462836687726253711197102600893911158100831233536223775329258085764187128973258206847341077949930579283238314773469142176810657749807823559815672401952497465605651339974693022328853242890117965444946142965019520187891854720575331948939574660581988634648183244618912347749206430084179183133431"",""100540973946775456105768775730596653541102841341698702363863788628721997573557077793111966491756638595069563839773112923015123784097441781458996390111832565332257711606349038518522515825741576112102071827701660896949158659701984697509006737013473683249757469792373622565521278119056021698507243848665661440""],""ok"":true,""upper"":[""11786200179861491198151504782004662157870119022183"",""730750818665451459101842416358141509827966271488""]}","[""1297673678507714656619930052474542670607677747839954471"",""77280375429788933203252300864754725548608168537358336""]",8.99895899783587,9.304999999585561
31005,0,0,31005_0,2686ac62c170157c511e6c5ccad5d4ff411f211c6b9f5ad36f24967498d3536b,fdd937a50ec8c4a28c62f2b1ec78ba15e46c7a39d0a01c699522bffc62cd1f36,39c75ee513e4a6561ba26d5df93519b85af6c42334b4156a9f8301ebc5e3b0b2,A_r0_s31005_t0_conic,True,True,COMPLETE_SUCCESS,False,optimal,conic,0,27,False,150.74408300279174,185.1012080005603,185.10424999840325,8.6043133817889e-06,True,True,COLLISION_WITNESSED,2758246869293/18014398509481984,True,True,33.00166699773399,49.231417004193645,0.3403329974389635,64.560208003968,2.8692499981843866,33.56575000361772,"[""163747047484678377065959665"",""242652603616247952896425984""]","{""axis"":1,""sign"":-1}","{""lower"":[""1404806294578936765299086298118300966382499651655214759112599073459381175070741445761869122896699944767830947554315677801619245850173782707397362776983656642421652885964152189704435099666830236825804581969142287449686550622018284238958847004389824408564308492292910803403307225717133890497920390394711955550713"",""86165684496588328278396377640582398817790824802569385018777687712974751404178981590078263399918808357616243907218071657041197493960405983772206271379354053734654869309333432881252024318008065567607240985676032591420316700131540329776692629583973619188743741814627592798205676989422703938735855660890503249920""],""ok"":true,""upper"":[""744614791842337882250313309928231990651980184413"",""45671926166590716193865151022383844364247891968""]}","[""6019967490257656402717407624106727809819059384969989"",""345001676025843451800233486003369310484857895256064""]",A_r0_s31005_t0_factor,True,True,COMPLETE_SUCCESS,False,optimal,conic,0,27,True,153.9572500041686,188.09920800413238,188.10162500449223,8.6043133817889e-06,True,True,COLLISION_WITNESSED,2758246869293/18014398509481984,True,True,32.54308300529374,52.385959003004245,0.3553749993443489,64.88708300457802,2.8813749959226698,33.3600000012666,"[""163747047484678377065959665"",""242652603616247952896425984""]","{""axis"":1,""sign"":-1}","{""lower"":[""1404806294578936765299086298118300966382499651655214759112599073459381175070741445761869122896699944767830947554315677801619245850173782707397362776983656642421652885964152189704435099666830236825804581969142287449686550622018284238958847004389824408564308492292910803403307225717133890497920390394711955550713"",""86165684496588328278396377640582398817790824802569385018777687712974751404178981590078263399918808357616243907218071657041197493960405983772206271379354053734654869309333432881252024318008065567607240985676032591420316700131540329776692629583973619188743741814627592798205676989422703938735855660890503249920""],""ok"":true,""upper"":[""744614791842337882250313309928231990651980184413"",""45671926166590716193865151022383844364247891968""]}","[""6019967490257656402717407624106727809819059384969989"",""345001676025843451800233486003369310484857895256064""]",3.21316700137686,2.9980000035720877
31005,0,1,31005_0,2686ac62c170157c511e6c5ccad5d4ff411f211c6b9f5ad36f24967498d3536b,fdd937a50ec8c4a28c62f2b1ec78ba15e46c7a39d0a01c699522bffc62cd1f36,39c75ee513e4a6561ba26d5df93519b85af6c42334b4156a9f8301ebc5e3b0b2,A_r1_s31005_t0_conic,True,True,COMPLETE_SUCCESS,False,optimal,conic,0,27,False,151.7302499996731,186.91658299940173,186.92133299919078,8.6043133817889e-06,True,True,COLLISION_WITNESSED,2758246869293/18014398509481984,True,True,33.09029199590441,49.411707994295284,0.3837910044239834,65.24583300051745,2.8401669987943023,34.43200000037905,"[""163747047484678377065959665"",""242652603616247952896425984""]","{""axis"":1,""sign"":-1}","{""lower"":[""1404806294578936765299086298118300966382499651655214759112599073459381175070741445761869122896699944767830947554315677801619245850173782707397362776983656642421652885964152189704435099666830236825804581969142287449686550622018284238958847004389824408564308492292910803403307225717133890497920390394711955550713"",""86165684496588328278396377640582398817790824802569385018777687712974751404178981590078263399918808357616243907218071657041197493960405983772206271379354053734654869309333432881252024318008065567607240985676032591420316700131540329776692629583973619188743741814627592798205676989422703938735855660890503249920""],""ok"":true,""upper"":[""744614791842337882250313309928231990651980184413"",""45671926166590716193865151022383844364247891968""]}","[""6019967490257656402717407624106727809819059384969989"",""345001676025843451800233486003369310484857895256064""]",A_r1_s31005_t0_factor,True,True,COMPLETE_SUCCESS,False,optimal,conic,0,27,True,158.28187499573687,193.38287499704165,193.38604199583642,8.6043133817889e-06,True,True,COLLISION_WITNESSED,2758246869293/18014398509481984,True,True,33.154416996694636,52.04812499869149,0.2880829997593537,68.98391700087814,2.8697080051642843,34.2680840039975,"[""163747047484678377065959665"",""242652603616247952896425984""]","{""axis"":1,""sign"":-1}","{""lower"":[""1404806294578936765299086298118300966382499651655214759112599073459381175070741445761869122896699944767830947554315677801619245850173782707397362776983656642421652885964152189704435099666830236825804581969142287449686550622018284238958847004389824408564308492292910803403307225717133890497920390394711955550713"",""86165684496588328278396377640582398817790824802569385018777687712974751404178981590078263399918808357616243907218071657041197493960405983772206271379354053734654869309333432881252024318008065567607240985676032591420316700131540329776692629583973619188743741814627592798205676989422703938735855660890503249920""],""ok"":true,""upper"":[""744614791842337882250313309928231990651980184413"",""45671926166590716193865151022383844364247891968""]}","[""6019967490257656402717407624106727809819059384969989"",""345001676025843451800233486003369310484857895256064""]",6.551624996063765,6.466291997639928
31005,1,0,31005_1,e8e4f054c008a1da84c4de74159219537f59cf91b86818640fef0bf5538103b0,fdd937a50ec8c4a28c62f2b1ec78ba15e46c7a39d0a01c699522bffc62cd1f36,39c75ee513e4a6561ba26d5df93519b85af6c42334b4156a9f8301ebc5e3b0b2,A_r0_s31005_t1_conic,True,True,COMPLETE_SUCCESS,False,optimal,conic,0,26,False,86.41320799506502,120.85124999430263,120.85524999565678,6.249787996175463e-06,True,True,COLLISION_WITNESSED,6581947640109/18014398509481984,True,True,0.06408299668692052,22.869916996569373,0.35041599767282605,59.686833003070205,2.6661670053726994,33.69587499764748,"[""298013321787290387546786595"",""485305207232495905792851968""]","{""axis"":1,""sign"":-1}","{""lower"":[""369646278851253215785440687876254197954982643091963718306725934386008806404989013148562727070386507243559618640788423454409669019721749978114809036565817517947438400740053496730959440025662637787911588828110233299491092419133958149938736272946094970659910801020790977264846933489689306607587939173582883432424761"",""22654103712237127220570798472061821553976665993559178659803533413025153044318051751375670402834975057194816522733052486219493069465732897722283299801744322357673553113892135172774015788877437105270690344041451638048814302794413499905621438960068877264921864922603030237752384106336548603053436505014886020939776""],""ok"":true,""upper"":[""1956222529049979495830338400455196836420449473221"",""119888806187300630008896021433757591456150716416""]}","[""335247535364273679152068980136852316840912359747832939"",""19320093857447233300813075216188681387152042134339584""]",A_r0_s31005_t1_factor,True,True,COMPLETE_SUCCESS,False,stationary,factor,4,0,False,67.43445800384507,99.90862500126241,99.91179200005718,1.5494137647629828e-08,True,True,COLLISION_WITNESSED,6571154008365/18014398509481984,True,True,0.07358300354098901,4.9453750034444965,0.21366599685279652,58.66249999962747,2.7326660056132823,31.65537500171922,"[""298013417736920360489089323"",""485305207232495905792851968""]","{""axis"":1,""sign"":-1}","{""lower"":[""29257282645660515726808754412446427995596109234512733166708721951870065996801868900692397282328748662754637162256111625420552715530632631126005368279081240847635606142746096478360474877387066487949922969134544162052695700815415173433931698147520406100533215137869973570924448153561342528644457378706074679317990705783344813252953918195979"",""1793058121218266403804023931509333243044192832997174620199803115660343678635523830193324756605413268540928113800416837711890631282981707213134132816516185298217853939061895842702687807993468354605214780319013166741561937458570229914719314486392106050922654854510676060150246119502619987796324400914557589330766657031320903006462658215936""],""ok"":true,""upper"":[""77733299283358058569538922162513526371049"",""4763953136893138488487244504044754960384""]}","[""111749146504571153647355520284160763331667627884140303"",""6440031285815744433604358405396227129050680711446528""]",-18.978749991219956,-20.942624993040226
31005,1,1,31005_1,e8e4f054c008a1da84c4de74159219537f59cf91b86818640fef0bf5538103b0,fdd937a50ec8c4a28c62f2b1ec78ba15e46c7a39d0a01c699522bffc62cd1f36,39c75ee513e4a6561ba26d5df93519b85af6c42334b4156a9f8301ebc5e3b0b2,A_r1_s31005_t1_conic,True,True,COMPLETE_SUCCESS,False,optimal,conic,0,26,False,86.92433300166158,121.53212499833899,121.53516699618194,6.249787996175463e-06,True,True,COLLISION_WITNESSED,6581947640109/18014398509481984,True,True,0.06370800110744312,23.088040994480252,0.3046670026378706,59.79262499749893,2.8571660004672594,33.86770799988881,"[""298013321787290387546786595"",""485305207232495905792851968""]","{""axis"":1,""sign"":-1}","{""lower"":[""369646278851253215785440687876254197954982643091963718306725934386008806404989013148562727070386507243559618640788423454409669019721749978114809036565817517947438400740053496730959440025662637787911588828110233299491092419133958149938736272946094970659910801020790977264846933489689306607587939173582883432424761"",""22654103712237127220570798472061821553976665993559178659803533413025153044318051751375670402834975057194816522733052486219493069465732897722283299801744322357673553113892135172774015788877437105270690344041451638048814302794413499905621438960068877264921864922603030237752384106336548603053436505014886020939776""],""ok"":true,""upper"":[""1956222529049979495830338400455196836420449473221"",""119888806187300630008896021433757591456150716416""]}","[""335247535364273679152068980136852316840912359747832939"",""19320093857447233300813075216188681387152042134339584""]",A_r1_s31005_t1_factor,True,True,COMPLETE_SUCCESS,False,stationary,factor,4,0,False,68.90733399632154,101.09154199744808,101.09437500068452,1.5494137647629828e-08,True,True,COLLISION_WITNESSED,6571154008365/18014398509481984,True,True,0.06783400021959096,5.233333999058232,0.2857080035028048,59.79708400263917,2.726124999753665,31.41887499805307,"[""298013417736920360489089323"",""485305207232495905792851968""]","{""axis"":1,""sign"":-1}","{""lower"":[""29257282645660515726808754412446427995596109234512733166708721951870065996801868900692397282328748662754637162256111625420552715530632631126005368279081240847635606142746096478360474877387066487949922969134544162052695700815415173433931698147520406100533215137869973570924448153561342528644457378706074679317990705783344813252953918195979"",""1793058121218266403804023931509333243044192832997174620199803115660343678635523830193324756605413268540928113800416837711890631282981707213134132816516185298217853939061895842702687807993468354605214780319013166741561937458570229914719314486392106050922654854510676060150246119502619987796324400914557589330766657031320903006462658215936""],""ok"":true,""upper"":[""77733299283358058569538922162513526371049"",""4763953136893138488487244504044754960384""]}","[""111749146504571153647355520284160763331667627884140303"",""6440031285815744433604358405396227129050680711446528""]",-18.01699900534004,-20.44058300089091
31005,2,0,31005_2,5d027e60fed0ac3512433bf76f2a648c09e582caef5b3ce6d077f7d3e78b77c0,fdd937a50ec8c4a28c62f2b1ec78ba15e46c7a39d0a01c699522bffc62cd1f36,39c75ee513e4a6561ba26d5df93519b85af6c42334b4156a9f8301ebc5e3b0b2,A_r0_s31005_t2_conic,True,True,COMPLETE_SUCCESS,False,optimal,conic,0,28,False,92.06124999764143,125.97324999660486,125.975875002041,1.899490331437622e-05,True,True,COLLISION_WITNESSED,54483020077/18014398509481984,True,True,0.06704199768137187,24.740000000747386,0.3174579978804104,63.482416997430846,2.675957999599632,33.19599999667844,"[""1172337919998485183040559437"",""1941220828929983623171407872""]","{""axis"":1,""sign"":-1}","{""lower"":[""230133014249680128282939280846425325301205813248921846360482723585497435444228995073111667762185437207322124909385692220786674885667301549289075918845051831513083310213474490260537970626466181054020691998806760444750247406960139369093128337694188998530026137137784866458877310977946783693088215491579408477311"",""14117602791027510211210393337990437520489258289554430760207971575273544733792120628203119102697956974987837820467634399290135359217245951512496836008530927474898065098919031551369435730040520963422776323472853071956589726451387194881189184060340448060722608734453093284038391601957981568132791631296289832960""],""ok"":true,""upper"":[""488581611566100369687933583359048139736295701059"",""29972201546825157502224005358439397864037679104""]}","[""1788306253723832259350312364502539709447703140136507473"",""103040500573051910937669734486339634064810891383144448""]",A_r0_s31005_t2_factor,True,True,COMPLETE_SUCCESS,False,stationary,factor,4,0,False,73.60683399747359,105.46112500014715,105.47024999686982,1.5285993259989722e-08,True,True,COLLISION_WITNESSED,59480451373/18014398509481984,True,True,0.06612500146729872,5.2752499977941625,0.18458400154486299,64.473625003302,2.797249995637685,30.96558299876051,"[""1172337766600216942581124905"",""1941220828929983623171407872""]","{""axis"":1,""sign"":-1}","{""lower"":[""621733328258432531713190940472901478621136837996960642808279541224004796339461404494365867251441534734569681154482506083007529334708150690987721399245818852619820147661365753412180692432956737038220891334032137519453295122710658284196843031643141294535075662983067500550647666991388031922465921646473372576009705555444669046742581322301"",""38140437970903757564477444598235851466276993062045839767628252960562700965636632433438069908466407350120710791135050728913722569588066079828007226462180524647346633217276592513259467741912887689400377251003482936546014367541163208249979475530385619256957403251947017195677722653999621065029013098361129793466186091579734004923287732224""],""ok"":true,""upper"":[""58243466773469789449031607730959097395983"",""3572964852669853866365433378033566220288""]}","[""5364917865444064411877182779204822800355783006314263439"",""309121501719155732813009203459018902194432674149433344""]",-18.45441600016784,-20.512124996457715
31005,2,1,31005_2,5d027e60fed0ac3512433bf76f2a648c09e582caef5b3ce6d077f7d3e78b77c0,fdd937a50ec8c4a28c62f2b1ec78ba15e46c7a39d0a01c699522bffc62cd1f36,39c75ee513e4a6561ba26d5df93519b85af6c42334b4156a9f8301ebc5e3b0b2,A_r1_s31005_t2_conic,True,True,COMPLETE_SUCCESS,False,optimal,conic,0,28,False,91.75749999849359,125.90549999731593,125.908709000214,1.899490331437622e-05,True,True,COLLISION_WITNESSED,54483020077/18014398509481984,True,True,0.07054200250422582,24.175666992960032,0.3047089994652197,63.64804099575849,2.712292000069283,33.36087500065332,"[""1172337919998485183040559437"",""1941220828929983623171407872""]","{""axis"":1,""sign"":-1}","{""lower"":[""230133014249680128282939280846425325301205813248921846360482723585497435444228995073111667762185437207322124909385692220786674885667301549289075918845051831513083310213474490260537970626466181054020691998806760444750247406960139369093128337694188998530026137137784866458877310977946783693088215491579408477311"",""14117602791027510211210393337990437520489258289554430760207971575273544733792120628203119102697956974987837820467634399290135359217245951512496836008530927474898065098919031551369435730040520963422776323472853071956589726451387194881189184060340448060722608734453093284038391601957981568132791631296289832960""],""ok"":true,""upper"":[""488581611566100369687933583359048139736295701059"",""29972201546825157502224005358439397864037679104""]}","[""1788306253723832259350312364502539709447703140136507473"",""103040500573051910937669734486339634064810891383144448""]",A_r1_s31005_t2_factor,True,True,COMPLETE_SUCCESS,False,stationary,factor,4,0,False,73.08866599487374,104.72379099519458,104.72662499523722,1.5285993259989722e-08,True,True,COLLISION_WITNESSED,59480451373/18014398509481984,True,True,0.05983300070511177,5.112874998303596,0.19358300050953403,64.17362500360468,2.748291997704655,30.88245799881406,"[""1172337766600216942581124905"",""1941220828929983623171407872""]","{""axis"":1,""sign"":-1}","{""lower"":[""621733328258432531713190940472901478621136837996960642808279541224004796339461404494365867251441534734569681154482506083007529334708150690987721399245818852619820147661365753412180692432956737038220891334032137519453295122710658284196843031643141294535075662983067500550647666991388031922465921646473372576009705555444669046742581322301"",""38140437970903757564477444598235851466276993062045839767628252960562700965636632433438069908466407350120710791135050728913722569588066079828007226462180524647346633217276592513259467741912887689400377251003482936546014367541163208249979475530385619256957403251947017195677722653999621065029013098361129793466186091579734004923287732224""],""ok"":true,""upper"":[""58243466773469789449031607730959097395983"",""3572964852669853866365433378033566220288""]}","[""5364917865444064411877182779204822800355783006314263439"",""309121501719155732813009203459018902194432674149433344""]",-18.66883400361985,-21.18170900212135
31005,3,0,31005_3,dcf55644593d00cf50123fc79249855c5c760d9c0dfd0490d16248afb63f855a,fdd937a50ec8c4a28c62f2b1ec78ba15e46c7a39d0a01c699522bffc62cd1f36,39c75ee513e4a6561ba26d5df93519b85af6c42334b4156a9f8301ebc5e3b0b2,A_r0_s31005_t3_conic,True,True,COMPLETE_SUCCESS,False,optimal,conic,0,28,False,98.2510000030743,132.08733299688902,132.09108299633954,6.410309669846185e-06,True,True,COLLISION_WITNESSED,5107358066989/18014398509481984,True,True,0.07266699685715139,24.442959002044518,0.320332997944206,70.19858300191117,2.3917919970699586,33.01116599322995,"[""1270494333945668693397632535"",""1941220828929983623171407872""]","{""axis"":1,""sign"":-1}","{""lower"":[""6867717161792683664808529406940095614801142681323254217080107362365078275435992801225054777913958614143519805917548340515306086992449534424055435276111387554755944950873202727602705691539637134180563064434258792516430066438544514130448214061376637049352435516523097413432263098908763913142317502869344432584457"",""422489333355896595067319555387697692129536125390418077032156659811085682028509879949338503720530788333933321742105950385535219084776937624736687009029439007863253541627232061553975975108130995919377326092985722019445104441720309821954441584563532479954895867120630336329677228578430662930416333669707271897088""],""ok"":true,""upper"":[""162403061933070415870314680322950912856475732493"",""9990733848941719167408001786146465954679226368""]}","[""10842529720204165305252083667717190468300975778283164843"",""618243003438311465626018406918037804388865348298866688""]",A_r0_s31005_t3_factor,True,True,COMPLETE_SUCCESS,False,stationary,factor,4,0,False,68.93454200326232,103.43379199912306,103.43641700455919,1.5040212601226394e-08,True,True,COLLISION_WITNESSED,5111772342573/18014398509481984,True,True,0.059334000980015844,5.142041998624336,0.19829200027743354,60.31525000435067,2.4502090018359013,33.7868749993504,"[""635246959605608635335717471"",""970610414464991811585703936""]","{""axis"":1,""sign"":-1}","{""lower"":[""3805014197230775673765841071553947552194866569462864714698200561494873633919112132092296078849287820185218027427613129112646918354222223651676577632390720121090650114901425553186736634743781717042272452051596822498787911978202690371201595808666480718222810407497435874231732155386638206485280333511936833761685745593081778110411540275357"",""234077385763707972827914353675610681549191853272276339026731485800909310313224647965770341325632335123206507219865044264805534699399733746610711759001624373280820458124547571643811739089507081127376774997584535498375582310435242190562919666466516162624049293655218597636081257208621886255313851014515693041407124520941525090471361118208""],""ok"":true,""upper"":[""79298370071648515809457593730941450729695711"",""4878288012178573812210938372141829079433216""]}","[""24782921478007215820816265197457842864280652648507596099"",""1413126865001854778573756358669800695745977938968838144""]",-29.316457999811973,-28.65354099776596
31005,3,1,31005_3,dcf55644593d00cf50123fc79249855c5c760d9c0dfd0490d16248afb63f855a,fdd937a50ec8c4a28c62f2b1ec78ba15e46c7a39d0a01c699522bffc62cd1f36,39c75ee513e4a6561ba26d5df93519b85af6c42334b4156a9f8301ebc5e3b0b2,A_r1_s31005_t3_conic,True,True,COMPLETE_SUCCESS,False,optimal,conic,0,28,False,88.81658400059678,123.02570899919374,123.03095899551408,6.410309669846185e-06,True,True,COLLISION_WITNESSED,5107358066989/18014398509481984,True,True,0.06891699740663171,24.141750000126194,0.3141250053886324,60.92920799710555,2.4953750034910627,33.470292000856716,"[""1270494333945668693397632535"",""1941220828929983623171407872""]","{""axis"":1,""sign"":-1}","{""lower"":[""6867717161792683664808529406940095614801142681323254217080107362365078275435992801225054777913958614143519805917548340515306086992449534424055435276111387554755944950873202727602705691539637134180563064434258792516430066438544514130448214061376637049352435516523097413432263098908763913142317502869344432584457"",""422489333355896595067319555387697692129536125390418077032156659811085682028509879949338503720530788333933321742105950385535219084776937624736687009029439007863253541627232061553975975108130995919377326092985722019445104441720309821954441584563532479954895867120630336329677228578430662930416333669707271897088""],""ok"":true,""upper"":[""162403061933070415870314680322950912856475732493"",""9990733848941719167408001786146465954679226368""]}","[""10842529720204165305252083667717190468300975778283164843"",""618243003438311465626018406918037804388865348298866688""]",A_r1_s31005_t3_factor,True,True,COMPLETE_SUCCESS,False,stationary,factor,4,0,False,69.18683300318662,104.44258300412912,104.4452500063926,1.5040212601226394e-08,True,True,COLLISION_WITNESSED,5111772342573/18014398509481984,True,True,0.05900000542169437,5.037708004238084,0.19674999930430204,60.50570800289279,2.54704099643277,34.498083005019,"[""635246959605608635335717471"",""970610414464991811585703936""]","{""axis"":1,""sign"":-1}","{""lower"":[""3805014197230775673765841071553947552194866569462864714698200561494873633919112132092296078849287820185218027427613129112646918354222223651676577632390720121090650114901425553186736634743781717042272452051596822498787911978202690371201595808666480718222810407497435874231732155386638206485280333511936833761685745593081778110411540275357"",""234077385763707972827914353675610681549191853272276339026731485800909310313224647965770341325632335123206507219865044264805534699399733746610711759001624373280820458124547571643811739089507081127376774997584535498375582310435242190562919666466516162624049293655218597636081257208621886255313851014515693041407124520941525090471361118208""],""ok"":true,""upper"":[""79298370071648515809457593730941450729695711"",""4878288012178573812210938372141829079433216""]}","[""24782921478007215820816265197457842864280652648507596099"",""1413126865001854778573756358669800695745977938968838144""]",-19.629750997410156,-18.58312599506462
31005,4,0,31005_4,01612d43e8197340d8cf73d26037f43b7932df0def72731f05764b47b4b6e78b,fdd937a50ec8c4a28c62f2b1ec78ba15e46c7a39d0a01c699522bffc62cd1f36,39c75ee513e4a6561ba26d5df93519b85af6c42334b4156a9f8301ebc5e3b0b2,A_r0_s31005_t4_conic,True,True,COMPLETE_SUCCESS,False,optimal,conic,0,26,False,93.4426669991808,127.37562500115018,127.37800000468269,1.600936884803889e-05,True,True,COLLISION_WITNESSED,237664610605/18014398509481984,True,True,0.07695800013607368,22.84779099863954,0.2994999958900735,66.40770800004248,3.1005409982753918,33.1949169994914,"[""719612340275873183029974315"",""970610414464991811585703936""]","{""axis"":1,""sign"":-1}","{""lower"":[""76690189521534843943318754312977033224707089328717049527271018955578180627976902855149565862098890172804310242267658554870775487950932503012276587203516488004515857524437041337246239248597784205202372792925528244690389935020788207988006202906933942712974933915333024744370614990190000223798175859760757713"",""4743187816181864169387354135350416510365169259817953233024006557776095278285198943730170916196738935233621631747820589769305055235675805339602742035000941972534630493512593305732457715959767360464308942879941899399641712065452360248627093482781151613409594384246577197979328122417000076661014710410280960""],""ok"":true,""upper"":[""31014768052682163220156660078175403356040406866641"",""1918220898996810080142336342940121463298411462656""]}","[""197612686917078211254364480909528106300261524097134393"",""11040053632826990457607471552107817935515452648194048""]",A_r0_s31005_t4_factor,True,True,COMPLETE_SUCCESS,False,stationary,factor,4,0,False,75.7216249985504,107.26533400156768,107.27291699731722,2.761029419716996e-08,True,True,COLLISION_WITNESSED,207197956397/18014398509481984,True,True,0.06137500167824328,5.238249999820255,0.18808399909175932,66.45749999734107,2.9590419944725,30.791332996159326,"[""1439225555005752929964699831"",""1941220828929983623171407872""]","{""axis"":1,""sign"":-1}","{""lower"":[""14320884193385063129670543585932732193772075959422734788975952544827744114430015177506548297790438406364326556999852385047311386258616375226318018702473591101315234538991127501593768016660881627423462008341777320601140654169248313521294409081056104736192235331325958710201028323591776038542586171153247192306409758049321538119991419036773"",""885727062166263004848892540208747565632090430362238516096695121628765918640143996488489571840296328722196366215692875153846743439704305787713006544679057310753579998773226244948243712917722004345689729631367304479094103773152042440811821361508383506512817620563248427147209397997482279675061360963093225961186018022546102109899923128320""],""ok"":true,""upper"":[""28884753642026963872610769071215508943569"",""1786482426334926933182716689016783110144""]}","[""1844385502694378820673633232750448116019510295531028293"",""103040500573051910937669734486339634064810891383144448""]",-17.721042000630405,-20.110290999582503
31005,4,1,31005_4,01612d43e8197340d8cf73d26037f43b7932df0def72731f05764b47b4b6e78b,fdd937a50ec8c4a28c62f2b1ec78ba15e46c7a39d0a01c699522bffc62cd1f36,39c75ee513e4a6561ba26d5df93519b85af6c42334b4156a9f8301ebc5e3b0b2,A_r1_s31005_t4_conic,True,True,COMPLETE_SUCCESS,False,optimal,conic,0,26,False,93.86170799552929,127.96854199405061,127.97104199853493,1.600936884803889e-05,True,True,COLLISION_WITNESSED,237664610605/18014398509481984,True,True,0.07449999975506216,22.6230830012355,0.29754199931630865,67.03812500200002,2.998832998855505,33.34462499333313,"[""719612340275873183029974315"",""970610414464991811585703936""]","{""axis"":1,""sign"":-1}","{""lower"":[""76690189521534843943318754312977033224707089328717049527271018955578180627976902855149565862098890172804310242267658554870775487950932503012276587203516488004515857524437041337246239248597784205202372792925528244690389935020788207988006202906933942712974933915333024744370614990190000223798175859760757713"",""4743187816181864169387354135350416510365169259817953233024006557776095278285198943730170916196738935233621631747820589769305055235675805339602742035000941972534630493512593305732457715959767360464308942879941899399641712065452360248627093482781151613409594384246577197979328122417000076661014710410280960""],""ok"":true,""upper"":[""31014768052682163220156660078175403356040406866641"",""1918220898996810080142336342940121463298411462656""]}","[""197612686917078211254364480909528106300261524097134393"",""11040053632826990457607471552107817935515452648194048""]",A_r1_s31005_t4_factor,True,True,COMPLETE_SUCCESS,False,stationary,factor,4,0,False,77.29583400214324,109.02716700366,109.03625000355532,2.761029419716996e-08,True,True,COLLISION_WITNESSED,207197956397/18014398509481984,True,True,0.06862500595161691,5.007334002584685,0.1988340009120293,68.15666700276779,3.0096660048002377,30.97154200077057,"[""1439225555005752929964699831"",""1941220828929983623171407872""]","{""axis"":1,""sign"":-1}","{""lower"":[""14320884193385063129670543585932732193772075959422734788975952544827744114430015177506548297790438406364326556999852385047311386258616375226318018702473591101315234538991127501593768016660881627423462008341777320601140654169248313521294409081056104736192235331325958710201028323591776038542586171153247192306409758049321538119991419036773"",""885727062166263004848892540208747565632090430362238516096695121628765918640143996488489571840296328722196366215692875153846743439704305787713006544679057310753579998773226244948243712917722004345689729631367304479094103773152042440811821361508383506512817620563248427147209397997482279675061360963093225961186018022546102109899923128320""],""ok"":true,""upper"":[""28884753642026963872610769071215508943569"",""1786482426334926933182716689016783110144""]}","[""1844385502694378820673633232750448116019510295531028293"",""103040500573051910937669734486339634064810891383144448""]",-16.56587399338605,-18.941374990390614
31005,5,0,31005_5,53aa546c5f1a86565f982776eb5724aad7ae07179858dd78056dc37c81df235f,fdd937a50ec8c4a28c62f2b1ec78ba15e46c7a39d0a01c699522bffc62cd1f36,39c75ee513e4a6561ba26d5df93519b85af6c42334b4156a9f8301ebc5e3b0b2,A_r0_s31005_t5_conic,True,True,COMPLETE_SUCCESS,False,optimal,conic,0,32,False,33.631541999056935,67.73458400130039,67.7369999975781,3.2215669347924793e-06,False,False,NO_NEGATIVE_WITNESS_FOUND,2304301/18014398509481984,True,True,0.07308400381589308,26.208499999484047,0.3011250009876676,2.7008749966626056,3.7681659960071556,33.548709005117416,"[""0"",""1""]","{""axis"":null,""sign"":null}","{""lower"":[""10046771908563751423263490914624618614407984779118318209709023156213107743521159293494636275351784052477522553257519002856323853887766093790315620427983880115594824359765477765835909479128856763140291069303008236249094998558165885066893358974389477034177645813282696918134222586539664621534065851867835593079924001550029"",""624925101445512853221677135256493751706226501554966141836322097222624420748016743122783458429786897621664279775415103672072277132168165119817454522210158404892179062281456293001815342878246222840055742321383787239268886019708892600210084165778028389262510871836824788764426227997318705827471529077171903567368281915392""],""ok"":true,""upper"":[""1927424148481802493637646464948830271968744911411"",""119888806187300630008896021433757591456150716416""]}","[""459533726781787507545072072244748870939159"",""28583718821358830930923467024268529762304""]",A_r0_s31005_t5_factor,True,True,COMPLETE_SUCCESS,False,optimal,conic,4,32,True,42.252667000866495,76.75604199903319,76.75920800102176,3.2215669347924793e-06,False,False,NO_NEGATIVE_WITNESS_FOUND,2304301/18014398509481984,True,True,0.06283300172071904,34.47766699537169,0.3170420022797771,2.838041000359226,3.6554160033119842,33.66029199969489,"[""0"",""1""]","{""axis"":null,""sign"":null}","{""lower"":[""10046771908563751423263490914624618614407984779118318209709023156213107743521159293494636275351784052477522553257519002856323853887766093790315620427983880115594824359765477765835909479128856763140291069303008236249094998558165885066893358974389477034177645813282696918134222586539664621534065851867835593079924001550029"",""624925101445512853221677135256493751706226501554966141836322097222624420748016743122783458429786897621664279775415103672072277132168165119817454522210158404892179062281456293001815342878246222840055742321383787239268886019708892600210084165778028389262510871836824788764426227997318705827471529077171903567368281915392""],""ok"":true,""upper"":[""1927424148481802493637646464948830271968744911411"",""119888806187300630008896021433757591456150716416""]}","[""459533726781787507545072072244748870939159"",""28583718821358830930923467024268529762304""]",8.62112500180956,9.021457997732796
31005,5,1,31005_5,53aa546c5f1a86565f982776eb5724aad7ae07179858dd78056dc37c81df235f,fdd937a50ec8c4a28c62f2b1ec78ba15e46c7a39d0a01c699522bffc62cd1f36,39c75ee513e4a6561ba26d5df93519b85af6c42334b4156a9f8301ebc5e3b0b2,A_r1_s31005_t5_conic,True,True,COMPLETE_SUCCESS,False,optimal,conic,0,32,False,34.09808300057193,68.45312500081491,68.45612500183051,3.2215669347924793e-06,False,False,NO_NEGATIVE_WITNESS_FOUND,2304301/18014398509481984,True,True,0.059124999097548425,26.662250005756505,0.306415997329168,2.631791001476813,3.772459000174422,33.79300000233343,"[""0"",""1""]","{""axis"":null,""sign"":null}","{""lower"":[""10046771908563751423263490914624618614407984779118318209709023156213107743521159293494636275351784052477522553257519002856323853887766093790315620427983880115594824359765477765835909479128856763140291069303008236249094998558165885066893358974389477034177645813282696918134222586539664621534065851867835593079924001550029"",""624925101445512853221677135256493751706226501554966141836322097222624420748016743122783458429786897621664279775415103672072277132168165119817454522210158404892179062281456293001815342878246222840055742321383787239268886019708892600210084165778028389262510871836824788764426227997318705827471529077171903567368281915392""],""ok"":true,""upper"":[""1927424148481802493637646464948830271968744911411"",""119888806187300630008896021433757591456150716416""]}","[""459533726781787507545072072244748870939159"",""28583718821358830930923467024268529762304""]",A_r1_s31005_t5_factor,True,True,COMPLETE_SUCCESS,False,optimal,conic,4,32,True,44.11383299884619,82.14020800369326,82.1431250005844,3.2215669347924793e-06,False,False,NO_NEGATIVE_WITNESS_FOUND,2304301/18014398509481984,True,True,0.07575000199722126,34.879250000813045,0.31304200092563406,3.097749999142252,4.603791996487416,37.122417001228314,"[""0"",""1""]","{""axis"":null,""sign"":null}","{""lower"":[""10046771908563751423263490914624618614407984779118318209709023156213107743521159293494636275351784052477522553257519002856323853887766093790315620427983880115594824359765477765835909479128856763140291069303008236249094998558165885066893358974389477034177645813282696918134222586539664621534065851867835593079924001550029"",""624925101445512853221677135256493751706226501554966141836322097222624420748016743122783458429786897621664279775415103672072277132168165119817454522210158404892179062281456293001815342878246222840055742321383787239268886019708892600210084165778028389262510871836824788764426227997318705827471529077171903567368281915392""],""ok"":true,""upper"":[""1927424148481802493637646464948830271968744911411"",""119888806187300630008896021433757591456150716416""]}","[""459533726781787507545072072244748870939159"",""28583718821358830930923467024268529762304""]",10.01574999827426,13.687083002878353
31005,6,0,31005_6,f34bf573c1cd257f0cacb94a6685bb612a30d813dd4753e43d76ad4d5b585dcf,fdd937a50ec8c4a28c62f2b1ec78ba15e46c7a39d0a01c699522bffc62cd1f36,39c75ee513e4a6561ba26d5df93519b85af6c42334b4156a9f8301ebc5e3b0b2,A_r0_s31005_t6_conic,True,True,COMPLETE_SUCCESS,False,optimal,conic,0,30,False,31.98766599962255,65.95529100013664,65.96025000180816,6.723538350005019e-06,False,False,NO_NEGATIVE_WITNESS_FOUND,1845549/18014398509481984,True,True,0.06220799696166068,25.014916995132808,0.3065409982809797,2.6755830040201545,3.3925829993677326,33.394708996638656,"[""0"",""1""]","{""axis"":null,""sign"":null}","{""lower"":[""280601255027285959032905383633980267784744833337691355600079698007689875970916892287360958225109767587999406888629838740752224199390251098267589743919011292168390384100123417357000928788397038529675434954798676724745286006437888565615617331667920816833511903492385557128048504156723482345659091759334971967694242623681"",""17503690215487731119464848415873867825772629960212796216168719685117139058233391425303167768562277659573463583919705357252176704460401215689698490992591935990605782678963641913301788649815115214861934455689543702712187862986026145569060146305361611295442762810692628947286070992195733045570638200606833325707173560320""],""ok"":true,""upper"":[""15375483992254404881372104687788740137201652440993"",""959110449498405040071168171470060731649205731328""]}","[""1832900522958077163749753876223052114743271"",""114334875285435323723693868097074119049216""]",A_r0_s31005_t6_factor,True,True,COMPLETE_SUCCESS,False,stationary,factor,4,0,False,12.248541999724694,43.88879199541407,43.89183299645083,1.4116577841169111e-08,False,False,NO_NEGATIVE_WITNESS_FOUND,10541/18014398509481984,True,True,0.06800000119255856,5.228916998021305,0.2114589951816015,2.5980829959735274,3.5973749982076697,31.082250003237277,"[""0"",""1""]","{""axis"":null,""sign"":null}","{""lower"":[""2667792358053424202605207131130221274442341603072315001922802208432361961816638846029955452566220260744732273369757828613960911186701730067117560713034186923314852003734590041526642528393565542411099401535327886571195768858536851488113004191798654055072506626332861503763028578179043824774480720265304727121947593154763134401601214471429123923867"",""166414763378825639149950757823244900412067609369212701228069690589355267523320016412139376609375217215500029983517033734142886588927273374168982021425357407777986768944654789618514370104926604373518992633403978871341112288545163030733502351164056353808305858579626765413368688772704279424978401809517945304493736650372531378138924051839120834560""],""ok"":true,""upper"":[""47983224701832222564804565026372799335035582334809483"",""2993155353253689176481146537402947624255349848014848""]}","[""1832900522892444630744459326490141135472831"",""114334875285435323723693868097074119049216""]",-19.739123999897856,-22.066499004722573
31005,6,1,31005_6,f34bf573c1cd257f0cacb94a6685bb612a30d813dd4753e43d76ad4d5b585dcf,fdd937a50ec8c4a28c62f2b1ec78ba15e46c7a39d0a01c699522bffc62cd1f36,39c75ee513e4a6561ba26d5df93519b85af6c42334b4156a9f8301ebc5e3b0b2,A_r1_s31005_t6_conic,True,True,COMPLETE_SUCCESS,False,optimal,conic,0,30,False,32.2641249949811,66.72925000020768,66.73387499904493,6.723538350005019e-06,False,False,NO_NEGATIVE_WITNESS_FOUND,1845549/18014398509481984,True,True,0.06712499452987686,25.29974999924889,0.3099169989582151,2.669166999112349,3.3683340006973594,33.89633299957495,"[""0"",""1""]","{""axis"":null,""sign"":null}","{""lower"":[""280601255027285959032905383633980267784744833337691355600079698007689875970916892287360958225109767587999406888629838740752224199390251098267589743919011292168390384100123417357000928788397038529675434954798676724745286006437888565615617331667920816833511903492385557128048504156723482345659091759334971967694242623681"",""17503690215487731119464848415873867825772629960212796216168719685117139058233391425303167768562277659573463583919705357252176704460401215689698490992591935990605782678963641913301788649815115214861934455689543702712187862986026145569060146305361611295442762810692628947286070992195733045570638200606833325707173560320""],""ok"":true,""upper"":[""15375483992254404881372104687788740137201652440993"",""959110449498405040071168171470060731649205731328""]}","[""1832900522958077163749753876223052114743271"",""114334875285435323723693868097074119049216""]",A_r1_s31005_t6_factor,True,True,COMPLETE_SUCCESS,False,stationary,factor,4,0,False,12.343332993623335,44.67337499954738,44.67616599868052,1.4116577841169111e-08,False,False,NO_NEGATIVE_WITNESS_FOUND,10541/18014398509481984,True,True,0.07458299660356715,5.00320900027873,0.19674999930430204,2.724416997807566,3.7798749981448054,31.770708999829367,"[""0"",""1""]","{""axis"":null,""sign"":null}","{""lower"":[""2667792358053424202605207131130221274442341603072315001922802208432361961816638846029955452566220260744732273369757828613960911186701730067117560713034186923314852003734590041526642528393565542411099401535327886571195768858536851488113004191798654055072506626332861503763028578179043824774480720265304727121947593154763134401601214471429123923867"",""166414763378825639149950757823244900412067609369212701228069690589355267523320016412139376609375217215500029983517033734142886588927273374168982021425357407777986768944654789618514370104926604373518992633403978871341112288545163030733502351164056353808305858579626765413368688772704279424978401809517945304493736650372531378138924051839120834560""],""ok"":true,""upper"":[""47983224701832222564804565026372799335035582334809483"",""2993155353253689176481146537402947624255349848014848""]}","[""1832900522892444630744459326490141135472831"",""114334875285435323723693868097074119049216""]",-19.920792001357768,-22.055875000660308
31005,7,0,31005_7,b9c59640253ccccdb891e0fab8013ce43c499b3d4d7d79d84de812c1bf35878f,fdd937a50ec8c4a28c62f2b1ec78ba15e46c7a39d0a01c699522bffc62cd1f36,39c75ee513e4a6561ba26d5df93519b85af6c42334b4156a9f8301ebc5e3b0b2,A_r0_s31005_t7_conic,True,True,COMPLETE_SUCCESS,False,optimal,conic,0,32,False,33.47225000470644,67.39533400104847,67.39829200523673,2.605836685399003e-06,False,False,NO_NEGATIVE_WITNESS_FOUND,9251117/18014398509481984,True,True,0.07033400470390916,26.26958299515536,0.28904200007673353,2.702416000829544,3.5797500022454187,33.36208399559837,"[""0"",""1""]","{""axis"":null,""sign"":null}","{""lower"":[""5922366105805750124563667958998090841345637234046236101552597951303960392020383787058585732815152590848320192023841892129615263739580848552974225261864104038519541601624946594202564494218528879490337241330795863548893217173660039353598793670956619931183285666578255149455721784001046113334516622211340742108686235499586811"",""370075184669929858961457267321469248942271176346194711187933549979136549084935125360609716492004005904423435801268300562758548621398877542398467758426963336767450274022888871836177191024113900086179304985158642070922092441588062509597544103841471618144412211790720277196549521232538458029855301135465252026780475782594560""],""ok"":true,""upper"":[""239824752934287061682767109380356575507563892477"",""14986100773412578751112002679219698932018839552""]}","[""78067953425043427783147266037113085261804551"",""4878288012178573812210938372141829079433216""]",A_r0_s31005_t7_factor,True,True,COMPLETE_SUCCESS,False,stationary,factor,4,0,False,74.88150000426685,117.91237500438001,117.915125003492,1.4483564955731177e-08,True,True,NO_NEGATIVE_WITNESS_FOUND,3481545681197/18014398509481984,True,True,0.06016700353939086,4.8106250033015385,0.20195799879729748,66.08141600008821,2.922041996498592,42.26037499756785,"[""1485844686723021639905445975"",""1941220828929983623171407872""]","{""axis"":1,""sign"":-1}","{""lower"":[""1030977622942020926942171431300829478777008478596811031917505077631093166259355429673248828514531519691235659535116888730901152416400691660702956552124502545921221771614087749789134202674635194563446627461422987614609746797329757736620112659192880170207450396228071772175189854541412787579115708050413989224911403413545617447250132706758123123763457"",""64423435772953148833143810989773102548563746044758000898740300403591490455170007078313077106055308339430854762915672462494103915882105087278650197994277802002236256752591128525156217056374593003192338430929548597789662515457553914003006270846671102628985511185005843371410112044192086774228034757794650547808376257899658721794234321532508910387200""],""ok"":true,""upper"":[""2319442687904460343035973567521810784202141851118288278119788617758567731"",""144936673282601839536129873107817534501473288415578117658413008699785216""]}","[""362984692890767754184103873721760549360079437334792836021"",""19783776110025966900032589021377209740443691145563734016""]",41.409249999560416,50.51704100333154
31005,7,1,31005_7,b9c59640253ccccdb891e0fab8013ce43c499b3d4d7d79d84de812c1bf35878f,fdd937a50ec8c4a28c62f2b1ec78ba15e46c7a39d0a01c699522bffc62cd1f36,39c75ee513e4a6561ba26d5df93519b85af6c42334b4156a9f8301ebc5e3b0b2,A_r1_s31005_t7_conic,True,True,COMPLETE_SUCCESS,False,optimal,conic,0,32,False,34.042874998704065,68.2335419987794,68.2364169988432,2.605836685399003e-06,False,False,NO_NEGATIVE_WITNESS_FOUND,9251117/18014398509481984,True,True,0.061166996601969004,26.64366699900711,0.3080829992541112,2.7884579976671375,3.6633749987231568,33.6094590020366,"[""0"",""1""]","{""axis"":null,""sign"":null}","{""lower"":[""5922366105805750124563667958998090841345637234046236101552597951303960392020383787058585732815152590848320192023841892129615263739580848552974225261864104038519541601624946594202564494218528879490337241330795863548893217173660039353598793670956619931183285666578255149455721784001046113334516622211340742108686235499586811"",""370075184669929858961457267321469248942271176346194711187933549979136549084935125360609716492004005904423435801268300562758548621398877542398467758426963336767450274022888871836177191024113900086179304985158642070922092441588062509597544103841471618144412211790720277196549521232538458029855301135465252026780475782594560""],""ok"":true,""upper"":[""239824752934287061682767109380356575507563892477"",""14986100773412578751112002679219698932018839552""]}","[""78067953425043427783147266037113085261804551"",""4878288012178573812210938372141829079433216""]",A_r1_s31005_t7_factor,True,True,COMPLETE_SUCCESS,False,stationary,factor,4,0,False,76.69308299955446,119.38566599565092,119.38870799349388,1.4483564955731177e-08,True,True,NO_NEGATIVE_WITNESS_FOUND,3481545681197/18014398509481984,True,True,0.06349999603116885,5.275540999718942,0.2055829972960055,67.44112500018673,2.8074579968233593,41.83375000138767,"[""1485844686723021639905445975"",""1941220828929983623171407872""]","{""axis"":1,""sign"":-1}","{""lower"":[""1030977622942020926942171431300829478777008478596811031917505077631093166259355429673248828514531519691235659535116888730901152416400691660702956552124502545921221771614087749789134202674635194563446627461422987614609746797329757736620112659192880170207450396228071772175189854541412787579115708050413989224911403413545617447250132706758123123763457"",""64423435772953148833143810989773102548563746044758000898740300403591490455170007078313077106055308339430854762915672462494103915882105087278650197994277802002236256752591128525156217056374593003192338430929548597789662515457553914003006270846671102628985511185005843371410112044192086774228034757794650547808376257899658721794234321532508910387200""],""ok"":true,""upper"":[""2319442687904460343035973567521810784202141851118288278119788617758567731"",""144936673282601839536129873107817534501473288415578117658413008699785216""]}","[""362984692890767754184103873721760549360079437334792836021"",""19783776110025966900032589021377209740443691145563734016""]",42.6502080008504,51.152123996871524
31006,0,0,31006_0,e7632ff128197c84bd59470b69763374c9305d09107f5a18f8f37ee75bff7747,fdd937a50ec8c4a28c62f2b1ec78ba15e46c7a39d0a01c699522bffc62cd1f36,39c75ee513e4a6561ba26d5df93519b85af6c42334b4156a9f8301ebc5e3b0b2,A_r0_s31006_t0_conic,True,True,COMPLETE_SUCCESS,False,optimal,conic,0,30,False,90.29054100392386,124.96412500331644,124.96700000338024,6.3526111715737385e-06,False,False,NO_NEGATIVE_WITNESS_FOUND,2959557/9007199254740992,True,True,32.71991600195179,50.67241699725855,0.3214169992133975,2.663291001226753,3.351583996845875,34.10045800410444,"[""0"",""1""]","{""axis"":null,""sign"":null}","{""lower"":[""15407490368959160274137480667195200941305734015681929305741051531716876824175283471046382790153915002162113415234866481272287476207551274732754567313869869855813294422942626191085607991858618184224219779053520139331037338705095466751584386333306410302424609520987382655258146702456968674426640926292684575142684594407"",""961745983326946351566153720561003109511077068524862272462657578091226793786152369489192729906822686811148913596057434487762585953240647779380173147935894156531022144582014076104209510299267431075459195575597059336293054112242187776782244956766807196857753359852118281084804574179185196803706517591597909480700903424""],""ok"":true,""upper"":[""91459966272282022857503667534861859254227137141"",""5708990770823839524233143877797980545530986496""]}","[""1221122291218987186455834647800999142504509"",""76223250190290215815795912064716079366144""]",A_r0_s31006_t0_factor,True,True,COMPLETE_SUCCESS,False,optimal,conic,0,30,True,94.36375000223052,128.3279589988524,128.33041699923342,6.3526111715737385e-06,False,False,NO_NEGATIVE_WITNESS_FOUND,2959557/9007199254740992,True,True,33.75358400080586,53.59483399661258,0.3092500046477653,2.722291996178683,3.302582998003345,33.287082995229866,"[""0"",""1""]","{""axis"":null,""sign"":null}","{""lower"":[""15407490368959160274137480667195200941305734015681929305741051531716876824175283471046382790153915002162113415234866481272287476207551274732754567313869869855813294422942626191085607991858618184224219779053520139331037338705095466751584386333306410302424609520987382655258146702456968674426640926292684575142684594407"",""961745983326946351566153720561003109511077068524862272462657578091226793786152369489192729906822686811148913596057434487762585953240647779380173147935894156531022144582014076104209510299267431075459195575597059336293054112242187776782244956766807196857753359852118281084804574179185196803706517591597909480700903424""],""ok"":true,""upper"":[""91459966272282022857503667534861859254227137141"",""5708990770823839524233143877797980545530986496""]}","[""1221122291218987186455834647800999142504509"",""76223250190290215815795912064716079366144""]",4.073208998306654,3.3638339955359697
31006,0,1,31006_0,e7632ff128197c84bd59470b69763374c9305d09107f5a18f8f37ee75bff7747,fdd937a50ec8c4a28c62f2b1ec78ba15e46c7a39d0a01c699522bffc62cd1f36,39c75ee513e4a6561ba26d5df93519b85af6c42334b4156a9f8301ebc5e3b0b2,A_r1_s31006_t0_conic,True,True,COMPLETE_SUCCESS,False,optimal,conic,0,30,False,91.8717500026105,126.08424999780254,126.08704099693568,6.3526111715737385e-06,False,False,NO_NEGATIVE_WITNESS_FOUND,2959557/9007199254740992,True,True,33.17187500215368,51.428417005809024,0.3217919947928749,2.7039170017815195,3.601707998313941,33.61270800087368,"[""0"",""1""]","{""axis"":null,""sign"":null}","{""lower"":[""15407490368959160274137480667195200941305734015681929305741051531716876824175283471046382790153915002162113415234866481272287476207551274732754567313869869855813294422942626191085607991858618184224219779053520139331037338705095466751584386333306410302424609520987382655258146702456968674426640926292684575142684594407"",""961745983326946351566153720561003109511077068524862272462657578091226793786152369489192729906822686811148913596057434487762585953240647779380173147935894156531022144582014076104209510299267431075459195575597059336293054112242187776782244956766807196857753359852118281084804574179185196803706517591597909480700903424""],""ok"":true,""upper"":[""91459966272282022857503667534861859254227137141"",""5708990770823839524233143877797980545530986496""]}","[""1221122291218987186455834647800999142504509"",""76223250190290215815795912064716079366144""]",A_r1_s31006_t0_factor,True,True,COMPLETE_SUCCESS,False,optimal,conic,0,30,True,94.54475000529783,158.50258400314488,158.5051250003744,6.3526111715737385e-06,False,False,NO_NEGATIVE_WITNESS_FOUND,2959557/9007199254740992,True,True,33.0017090018373,54.29066700162366,0.3138329993817024,2.6477089995751157,3.5979589956696145,63.24762500298675,"[""0"",""1""]","{""axis"":null,""sign"":null}","{""lower"":[""15407490368959160274137480667195200941305734015681929305741051531716876824175283471046382790153915002162113415234866481272287476207551274732754567313869869855813294422942626191085607991858618184224219779053520139331037338705095466751584386333306410302424609520987382655258146702456968674426640926292684575142684594407"",""961745983326946351566153720561003109511077068524862272462657578091226793786152369489192729906822686811148913596057434487762585953240647779380173147935894156531022144582014076104209510299267431075459195575597059336293054112242187776782244956766807196857753359852118281084804574179185196803706517591597909480700903424""],""ok"":true,""upper"":[""91459966272282022857503667534861859254227137141"",""5708990770823839524233143877797980545530986496""]}","[""1221122291218987186455834647800999142504509"",""76223250190290215815795912064716079366144""]",2.6730000026873313,32.41833400534233
31006,1,0,31006_1,54cc5811adb88cb9d2202e790af6bf14f093ae674f36d1a0a2f53c2e46f67c49,fdd937a50ec8c4a28c62f2b1ec78ba15e46c7a39d0a01c699522bffc62cd1f36,39c75ee513e4a6561ba26d5df93519b85af6c42334b4156a9f8301ebc5e3b0b2,A_r0_s31006_t1_conic,True,True,COMPLETE_SUCCESS,False,optimal,conic,0,30,False,32.592166993708815,66.82995799928904,66.83279199933168,1.8811106287696045e-05,False,False,NO_NEGATIVE_WITNESS_FOUND,166085/9007199254740992,True,True,0.07299999560927972,25.190166998072527,0.29670899675693363,2.8204169939272106,3.676791995530948,33.606624994718004,"[""0"",""1""]","{""axis"":null,""sign"":null}","{""lower"":[""115891232031989948944333040204456365264772686576899979786640405499154679554325349336127454599278925872330303175458507323360148619011996078739634129606170406966532605688942989380914383627158754030796988267633269026912221383811945137703435924792829951708792048762165707438629303047769522864324231434462757698402321735"",""7219640454993344058356006170194738750488118902971248591362377039972124033068064261509746580041843993052960581226213754499046529411060338077544002085492495695303472875012714840979824189993097964556770286175096655119405571770821348072606071451755018656094018101671984871853755276209511016691733537739753483076108288""],""ok"":true,""upper"":[""962241667333366263391987117094068184408488306193"",""59944403093650315004448010716878795728075358208""]}","[""9559012124414993976546930115598655147793"",""595494142111642311060905563005594370048""]",A_r0_s31006_t1_factor,True,True,COMPLETE_SUCCESS,False,stationary,factor,4,0,False,77.37037500191946,143.70762500038836,143.71029200265184,1.567981397954298e-08,True,True,NO_NEGATIVE_WITNESS_FOUND,4998930733481/36028797018963968,True,True,0.07091700535966083,5.161749999388121,0.18658299813978374,68.19941700086929,2.903249995142687,65.51204100105679,"[""66458300519245536900439991379"",""124238133051518951882970103808""]","{""axis"":1,""sign"":1}","{""lower"":[""35256647722999459008850631175740712962980216486769342980250422501304614737812962073253772653446169089425786990778335301435579363785314781222971755930317517316472566782464021404182141660324855772718579401238086574988964153724736298107463652206270889669674703955504634280665039973259358489078200397767825574647310145232696657952599555943705360879083"",""2196369974177226987136695749118552947073731427901342605249247063581880174951175185086455287596876663752253041727704633994114172707435901925719242724787967180197667907587889472753531728487037499360456309305732870453707190768240234925314309641816140907355365888233855513381803893594274807371326596891106167421329527284050535323390747060569836093440""],""ok"":true,""upper"":[""504491759013012462143149748005018217211879793135191659"",""31428131209163736353052038642730950054681173404155904""]}","[""7429930780289807866623461970611406787379198171075102413373"",""422053890347220627200695232456047141129465411105359659008""]",44.77820800821064,76.87766700109933
31006,1,1,31006_1,54cc5811adb88cb9d2202e790af6bf14f093ae674f36d1a0a2f53c2e46f67c49,fdd937a50ec8c4a28c62f2b1ec78ba15e46c7a39d0a01c699522bffc62cd1f36,39c75ee513e4a6561ba26d5df93519b85af6c42334b4156a9f8301ebc5e3b0b2,A_r1_s31006_t1_conic,True,True,COMPLETE_SUCCESS,False,optimal,conic,0,30,False,32.60758300166344,67.34024999605026,67.34458299615653,1.8811106287696045e-05,False,False,NO_NEGATIVE_WITNESS_FOUND,166085/9007199254740992,True,True,0.061541002651210874,25.485750004008878,0.30783300462644547,2.678249999007676,3.5093749975203536,34.163584001362324,"[""0"",""1""]","{""axis"":null,""sign"":null}","{""lower"":[""115891232031989948944333040204456365264772686576899979786640405499154679554325349336127454599278925872330303175458507323360148619011996078739634129606170406966532605688942989380914383627158754030796988267633269026912221383811945137703435924792829951708792048762165707438629303047769522864324231434462757698402321735"",""7219640454993344058356006170194738750488118902971248591362377039972124033068064261509746580041843993052960581226213754499046529411060338077544002085492495695303472875012714840979824189993097964556770286175096655119405571770821348072606071451755018656094018101671984871853755276209511016691733537739753483076108288""],""ok"":true,""upper"":[""962241667333366263391987117094068184408488306193"",""59944403093650315004448010716878795728075358208""]}","[""9559012124414993976546930115598655147793"",""595494142111642311060905563005594370048""]",A_r1_s31006_t1_factor,True,True,COMPLETE_SUCCESS,False,stationary,factor,4,0,False,79.01054200192448,117.43670899886638,117.43979200400645,1.567981397954298e-08,True,True,NO_NEGATIVE_WITNESS_FOUND,4998930733481/36028797018963968,True,True,0.075916999776382,5.022499994083773,0.20195900287944824,69.87349999690196,2.9766250008833595,37.63295800308697,"[""66458300519245536900439991379"",""124238133051518951882970103808""]","{""axis"":1,""sign"":1}","{""lower"":[""35256647722999459008850631175740712962980216486769342980250422501304614737812962073253772653446169089425786990778335301435579363785314781222971755930317517316472566782464021404182141660324855772718579401238086574988964153724736298107463652206270889669674703955504634280665039973259358489078200397767825574647310145232696657952599555943705360879083"",""2196369974177226987136695749118552947073731427901342605249247063581880174951175185086455287596876663752253041727704633994114172707435901925719242724787967180197667907587889472753531728487037499360456309305732870453707190768240234925314309641816140907355365888233855513381803893594274807371326596891106167421329527284050535323390747060569836093440""],""ok"":true,""upper"":[""504491759013012462143149748005018217211879793135191659"",""31428131209163736353052038642730950054681173404155904""]}","[""7429930780289807866623461970611406787379198171075102413373"",""422053890347220627200695232456047141129465411105359659008""]",46.402959000261035,50.09645900281612
31006,2,0,31006_2,ed3d2edf28d297b90e9b5fb9399e90b91f46780f345d3ecb3a1aa8b9da5b9276,fdd937a50ec8c4a28c62f2b1ec78ba15e46c7a39d0a01c699522bffc62cd1f36,39c75ee513e4a6561ba26d5df93519b85af6c42334b4156a9f8301ebc5e3b0b2,A_r0_s31006_t2_conic,True,True,COMPLETE_SUCCESS,False,optimal,conic,0,26,False,29.975083998579066,63.8753339953837,63.87774999893736,2.889958829716155e-05,False,False,NO_NEGATIVE_WITNESS_FOUND,2074821/9007199254740992,True,True,0.06145899533294141,22.737207997124642,0.3101249967585318,2.627292000397574,3.6998330033384264,33.3547499976703,"[""0"",""1""]","{""axis"":null,""sign"":null}","{""lower"":[""4399460563480454634014203639803362503444224608095360447307487606472356630069489284798867872077876819315152870770092788912571645760746680155120628706019018878605449098017723074862349980571456488984254359616301393813459870802346997597082875567141941741354218072261218307665087988766872817593226048028798422207433"",""272999795619161037153425957387444275851912560894411937289223788665223433196832072989772765818573615810933728347516881833487082866214680010170600193231113958255840747700473858952299568313058981099813641965336845967334848238099850995957107078425111247182221178622912868186936120595815346952828991496042535976960""],""ok"":true,""upper"":[""966020907634869825033061809045510676072096412263"",""59944403093650315004448010716878795728075358208""]}","[""4798277750523290865404639983335092756119"",""297747071055821155530452781502797185024""]",A_r0_s31006_t2_factor,True,True,COMPLETE_SUCCESS,False,stationary,factor,4,0,False,67.86912499956088,100.84800000186078,100.85429200262297,1.5570664319930488e-08,True,True,COLLISION_WITNESSED,13048692644265/36028797018963968,True,True,0.06695900083286688,4.875250000623055,0.1998329971684143,59.07416699483292,2.8566670007421635,32.141042000148445,"[""30375638756469915180665684823"",""62119066525759475941485051904""]","{""axis"":1,""sign"":1}","{""lower"":[""23389192509799291879527780107709049058597622200179239829648030816095010806675828982776004297027324972519760317108945455912964794541396791448475676606678941339401064157236800522410807360062147229572496547437502485820583349589969853789411262223511943496647038333532638677432269225513854483989705843364298067044312012895617393426719148970520160785243"",""1451367330847425788853200229790685118040081996943504628574488183944684185969273556917777684725357371278083922069944424955684502743933929284352267300225320565972002292359606113614943027567651495836327995306027888859092810366687704191981479101130740603126593587309379399154259797665751067207051235228601112538745130992730442655398754249702092308480""],""ok"":true,""upper"":[""291961904161153836767124205189193292016851819260167942800611972563735717"",""18117084160325229942016234138477191812684161051947264707301626087473152""]}","[""1856205123822981837368559987505433269837161980124021221637"",""105513472586805156800173808114011785282366352776339914752""]",37.894041000981815,36.972666006477084
31006,2,1,31006_2,ed3d2edf28d297b90e9b5fb9399e90b91f46780f345d3ecb3a1aa8b9da5b9276,fdd937a50ec8c4a28c62f2b1ec78ba15e46c7a39d0a01c699522bffc62cd1f36,39c75ee513e4a6561ba26d5df93519b85af6c42334b4156a9f8301ebc5e3b0b2,A_r1_s31006_t2_conic,True,True,COMPLETE_SUCCESS,False,optimal,conic,0,26,False,35.341082999366336,70.11558299564058,70.11820800107671,2.889958829716155e-05,False,False,NO_NEGATIVE_WITNESS_FOUND,2074821/9007199254740992,True,True,0.07133300096029416,23.152750000008382,0.319416998536326,4.382708000775892,6.670292001217604,34.19974999997066,"[""0"",""1""]","{""axis"":null,""sign"":null}","{""lower"":[""4399460563480454634014203639803362503444224608095360447307487606472356630069489284798867872077876819315152870770092788912571645760746680155120628706019018878605449098017723074862349980571456488984254359616301393813459870802346997597082875567141941741354218072261218307665087988766872817593226048028798422207433"",""272999795619161037153425957387444275851912560894411937289223788665223433196832072989772765818573615810933728347516881833487082866214680010170600193231113958255840747700473858952299568313058981099813641965336845967334848238099850995957107078425111247182221178622912868186936120595815346952828991496042535976960""],""ok"":true,""upper"":[""966020907634869825033061809045510676072096412263"",""59944403093650315004448010716878795728075358208""]}","[""4798277750523290865404639983335092756119"",""297747071055821155530452781502797185024""]",A_r1_s31006_t2_factor,True,True,COMPLETE_SUCCESS,False,stationary,factor,4,0,False,69.36070799565641,103.04116599581903,103.04449999966891,1.5570664319930488e-08,True,True,COLLISION_WITNESSED,13048692644265/36028797018963968,True,True,0.07958299829624593,4.9454580002930015,0.20195899560349062,60.33362499874784,2.923000000009779,32.88487499958137,"[""30375638756469915180665684823"",""62119066525759475941485051904""]","{""axis"":1,""sign"":1}","{""lower"":[""23389192509799291879527780107709049058597622200179239829648030816095010806675828982776004297027324972519760317108945455912964794541396791448475676606678941339401064157236800522410807360062147229572496547437502485820583349589969853789411262223511943496647038333532638677432269225513854483989705843364298067044312012895617393426719148970520160785243"",""1451367330847425788853200229790685118040081996943504628574488183944684185969273556917777684725357371278083922069944424955684502743933929284352267300225320565972002292359606113614943027567651495836327995306027888859092810366687704191981479101130740603126593587309379399154259797665751067207051235228601112538745130992730442655398754249702092308480""],""ok"":true,""upper"":[""291961904161153836767124205189193292016851819260167942800611972563735717"",""18117084160325229942016234138477191812684161051947264707301626087473152""]}","[""1856205123822981837368559987505433269837161980124021221637"",""105513472586805156800173808114011785282366352776339914752""]",34.01962499629008,32.92558300017845
31006,3,0,31006_3,3148a2880b7222ecec593e60e6e11ba8a14015c375066d4b488c6660318a7e73,fdd937a50ec8c4a28c62f2b1ec78ba15e46c7a39d0a01c699522bffc62cd1f36,39c75ee513e4a6561ba26d5df93519b85af6c42334b4156a9f8301ebc5e3b0b2,A_r0_s31006_t3_conic,True,True,COMPLETE_SUCCESS,False,optimal,conic,0,27,False,30.142499999783468,64.06033399980515,64.06337500084192,4.241065181521975e-06,False,False,NO_NEGATIVE_WITNESS_FOUND,1247429/9007199254740992,True,True,0.06704199768137187,22.92779200070072,0.320332997944206,2.657124998222571,3.5584159995778464,33.35641699959524,"[""0"",""1""]","{""axis"":null,""sign"":null}","{""lower"":[""5313112980387196888080367261027544529820039246734780042511165406558638472077239003448574968263365886295644467646023345563745907051513389354651091462862582274546204254747809183462895967197690141400099089072055153575127106641992670864655467400306729807551761500453506861899556180909091497559513208008907926616800679943131"",""328376489953717511395134776860006041420587598316656036617462954238409608118734802548843511583178165544982087541255841651749408529049391027867316913559297461728064164159877268648108043341400312910216537944281242970487883496277943501580223102790074524585156095778002709500049000607245377682835531913568908517178595082240""],""ok"":true,""upper"":[""496587415528443979508321708315507740834895515653461"",""30691534383948961282277381487041943412774583402496""]}","[""9635063964680576200911715075936289056523"",""595494142111642311060905563005594370048""]",A_r0_s31006_t3_factor,True,True,COMPLETE_SUCCESS,False,optimal,conic,5,27,True,39.92033300164621,74.17158300086157,74.17437500407686,4.241065181521975e-06,False,False,NO_NEGATIVE_WITNESS_FOUND,1247429/9007199254740992,True,True,0.07012500282144174,32.24991600291105,0.31779100390849635,2.771459003270138,3.6274160011089407,33.28612499899464,"[""0"",""1""]","{""axis"":null,""sign"":null}","{""lower"":[""5313112980387196888080367261027544529820039246734780042511165406558638472077239003448574968263365886295644467646023345563745907051513389354651091462862582274546204254747809183462895967197690141400099089072055153575127106641992670864655467400306729807551761500453506861899556180909091497559513208008907926616800679943131"",""328376489953717511395134776860006041420587598316656036617462954238409608118734802548843511583178165544982087541255841651749408529049391027867316913559297461728064164159877268648108043341400312910216537944281242970487883496277943501580223102790074524585156095778002709500049000607245377682835531913568908517178595082240""],""ok"":true,""upper"":[""496587415528443979508321708315507740834895515653461"",""30691534383948961282277381487041943412774583402496""]}","[""9635063964680576200911715075936289056523"",""595494142111642311060905563005594370048""]",9.777833001862746,10.111249001056422
31006,3,1,31006_3,3148a2880b7222ecec593e60e6e11ba8a14015c375066d4b488c6660318a7e73,fdd937a50ec8c4a28c62f2b1ec78ba15e46c7a39d0a01c699522bffc62cd1f36,39c75ee513e4a6561ba26d5df93519b85af6c42334b4156a9f8301ebc5e3b0b2,A_r1_s31006_t3_conic,True,True,COMPLETE_SUCCESS,False,optimal,conic,0,27,False,30.695749999722466,65.58758400205988,65.59008399926824,4.241065181521975e-06,False,False,NO_NEGATIVE_WITNESS_FOUND,1247429/9007199254740992,True,True,0.06658399797743186,23.577874999318738,0.3190830029780045,2.583499997854233,3.6022080021211877,34.3190420026076,"[""0"",""1""]","{""axis"":null,""sign"":null}","{""lower"":[""5313112980387196888080367261027544529820039246734780042511165406558638472077239003448574968263365886295644467646023345563745907051513389354651091462862582274546204254747809183462895967197690141400099089072055153575127106641992670864655467400306729807551761500453506861899556180909091497559513208008907926616800679943131"",""328376489953717511395134776860006041420587598316656036617462954238409608118734802548843511583178165544982087541255841651749408529049391027867316913559297461728064164159877268648108043341400312910216537944281242970487883496277943501580223102790074524585156095778002709500049000607245377682835531913568908517178595082240""],""ok"":true,""upper"":[""496587415528443979508321708315507740834895515653461"",""30691534383948961282277381487041943412774583402496""]}","[""9635063964680576200911715075936289056523"",""595494142111642311060905563005594370048""]",A_r1_s31006_t3_factor,True,True,COMPLETE_SUCCESS,False,optimal,conic,5,27,True,40.27562500414206,75.13429199752863,75.13729199854424,4.241065181521975e-06,False,False,NO_NEGATIVE_WITNESS_FOUND,1247429/9007199254740992,True,True,0.07000000186963007,32.778458000393584,0.3007499981322326,2.693292000913061,3.5443750020931475,33.8992499964661,"[""0"",""1""]","{""axis"":null,""sign"":null}","{""lower"":[""5313112980387196888080367261027544529820039246734780042511165406558638472077239003448574968263365886295644467646023345563745907051513389354651091462862582274546204254747809183462895967197690141400099089072055153575127106641992670864655467400306729807551761500453506861899556180909091497559513208008907926616800679943131"",""328376489953717511395134776860006041420587598316656036617462954238409608118734802548843511583178165544982087541255841651749408529049391027867316913559297461728064164159877268648108043341400312910216537944281242970487883496277943501580223102790074524585156095778002709500049000607245377682835531913568908517178595082240""],""ok"":true,""upper"":[""496587415528443979508321708315507740834895515653461"",""30691534383948961282277381487041943412774583402496""]}","[""9635063964680576200911715075936289056523"",""595494142111642311060905563005594370048""]",9.579875004419591,9.54670799546875
31006,4,0,31006_4,90123f83bf57ae2d10bc359595c374a30043d277720cdf70b41351f52c49769e,fdd937a50ec8c4a28c62f2b1ec78ba15e46c7a39d0a01c699522bffc62cd1f36,39c75ee513e4a6561ba26d5df93519b85af6c42334b4156a9f8301ebc5e3b0b2,A_r0_s31006_t4_conic,True,True,COMPLETE_SUCCESS,False,optimal,conic,0,28,False,31.22458400321193,65.1094170025317,65.11441700422438,2.6463735036335013e-06,False,False,NO_NEGATIVE_WITNESS_FOUND,411845/9007199254740992,True,True,0.06883400055812672,23.83579199522501,0.320167004247196,2.8436659995350055,3.597249997255858,33.31933399749687,"[""0"",""1""]","{""axis"":null,""sign"":null}","{""lower"":[""268414950785025197998636428641703369922696113180806213972227985379807198403566698884637913505997821013787598374609575280523719013392418556103441662186400445550505140613033745840474452295225774504885890908881986445540918403818727352666399497034344737115424660129596349866322668589544084221276975498995325696250806683652461"",""16696712623542623187793386336942694258332870750161472789680028862571063944758174548470146765934539384201807288229560505467726366863879160491974973114730032478337460689895424095168868819160409264905190231600348118687384716405661146423147653298566871459088361719434281644346724949907654019939840509904134506528046621655040""],""ok"":true,""upper"":[""3854645406598285268870000279412603670522202135977"",""239777612374601260017792042867515182912301432832""]}","[""114877385091616949440809717604983572148121"",""7145929705339707732730866756067132440576""]",A_r0_s31006_t4_factor,True,True,COMPLETE_SUCCESS,False,stationary,factor,4,0,False,25.4233750019921,57.271582998509984,57.277500003692694,1.5096010772655045e-08,False,False,NO_NEGATIVE_WITNESS_FOUND,-5947/9007199254740992,True,True,0.06491599924629554,5.057415997725911,0.18845799786504358,2.8188340002088808,16.73925000068266,31.285000004572794,"[""0"",""1""]","{""axis"":null,""sign"":null}","{""lower"":[""21805282394548352408922969732384900700579757112217010256317826874005559104155405930166117116104903674403459031352339424930027977153096609327237802904468375483958241396411482083365948577044543995319762831221142589140120496511606945389435533446620123946976554550075576400622257338118922918832181261795427058988679424041068910284876359752529936361939"",""1356394169490407046018921743376181363849816088624755843102183678712411652373472108538504276036407780822759192038835503672937359641020914275967581107823619357095890666863337584589929507079275924340998499226196469404557564586889161179800809801966080899469742079822097715942404639036594263328078102889329639534531508535100831846831072451433657794560""],""ok"":true,""upper"":[""7894313792208320112802995645335232421439479593121391"",""491064550143183380516438103792671094604393334439936""]}","[""229754770180685448949312420345815468447697"",""14291859410679415465461733512134264881152""]",-5.801209001219831,-7.837834004021715
31006,4,1,31006_4,90123f83bf57ae2d10bc359595c374a30043d277720cdf70b41351f52c49769e,fdd937a50ec8c4a28c62f2b1ec78ba15e46c7a39d0a01c699522bffc62cd1f36,39c75ee513e4a6561ba26d5df93519b85af6c42334b4156a9f8301ebc5e3b0b2,A_r1_s31006_t4_conic,True,True,COMPLETE_SUCCESS,False,optimal,conic,0,28,False,31.4485419949051,65.94187500013504,65.94466699607437,2.6463735036335013e-06,False,False,NO_NEGATIVE_WITNESS_FOUND,411845/9007199254740992,True,True,0.06195799505803734,24.226500005170237,0.3031250016647391,2.6181669963989407,3.6695840026368387,33.9197499997681,"[""0"",""1""]","{""axis"":null,""sign"":null}","{""lower"":[""268414950785025197998636428641703369922696113180806213972227985379807198403566698884637913505997821013787598374609575280523719013392418556103441662186400445550505140613033745840474452295225774504885890908881986445540918403818727352666399497034344737115424660129596349866322668589544084221276975498995325696250806683652461"",""16696712623542623187793386336942694258332870750161472789680028862571063944758174548470146765934539384201807288229560505467726366863879160491974973114730032478337460689895424095168868819160409264905190231600348118687384716405661146423147653298566871459088361719434281644346724949907654019939840509904134506528046621655040""],""ok"":true,""upper"":[""3854645406598285268870000279412603670522202135977"",""239777612374601260017792042867515182912301432832""]}","[""114877385091616949440809717604983572148121"",""7145929705339707732730866756067132440576""]",A_r1_s31006_t4_factor,True,True,COMPLETE_SUCCESS,False,stationary,factor,4,0,False,22.030166001059115,54.11708299652673,54.12008299754234,1.5096010772655045e-08,False,False,NO_NEGATIVE_WITNESS_FOUND,-5947/9007199254740992,True,True,0.07333300163736567,4.895666999800596,0.20312500419095159,2.74837499455316,13.549875002354383,31.505792001553345,"[""0"",""1""]","{""axis"":null,""sign"":null}","{""lower"":[""21805282394548352408922969732384900700579757112217010256317826874005559104155405930166117116104903674403459031352339424930027977153096609327237802904468375483958241396411482083365948577044543995319762831221142589140120496511606945389435533446620123946976554550075576400622257338118922918832181261795427058988679424041068910284876359752529936361939"",""1356394169490407046018921743376181363849816088624755843102183678712411652373472108538504276036407780822759192038835503672937359641020914275967581107823619357095890666863337584589929507079275924340998499226196469404557564586889161179800809801966080899469742079822097715942404639036594263328078102889329639534531508535100831846831072451433657794560""],""ok"":true,""upper"":[""7894313792208320112802995645335232421439479593121391"",""491064550143183380516438103792671094604393334439936""]}","[""229754770180685448949312420345815468447697"",""14291859410679415465461733512134264881152""]",-9.418375993845984,-11.824792003608309
31006,5,0,31006_5,791e186e185207b23e77311a8235014c48f772957cc3a3b3c488cc758cbe00e0,fdd937a50ec8c4a28c62f2b1ec78ba15e46c7a39d0a01c699522bffc62cd1f36,39c75ee513e4a6561ba26d5df93519b85af6c42334b4156a9f8301ebc5e3b0b2,A_r0_s31006_t5_conic,True,True,COMPLETE_SUCCESS,False,optimal,conic,0,32,False,33.580208000785206,68.48991599690635,68.49258299916983,1.5489455092990345e-05,False,False,NO_NEGATIVE_WITNESS_FOUND,6932677/9007199254740992,True,True,0.05650000093737617,26.562792001641355,0.2958330005640164,2.6550000038696453,3.3697499966365285,34.34891699725995,"[""0"",""1""]","{""axis"":null,""sign"":null}","{""lower"":[""320457938057737234909153703461944925755211804805471888674900165705677195426265196129001644933996204576592647614846304776184021414935464782154100825325368767327529950455110147822283532213833646071549353947806148507210288709306703376371956501469898291607680369305332294861381841935276249519983747130692270507760811977"",""20010737486953522846415029925142968482412400991303599177975358308153354355107237374040035998725046984479968268434193769986729252603787177721426153453583981666860281710237944788473834844740753098432649989052630551407277924027710784251062673120189704399605674212401897367154332651151101496148633172794847556691558400""],""ok"":true,""upper"":[""7679748297576678911495030298698249618602840236169"",""479555224749202520035584085735030365824602865664""]}","[""1046282672243649476244611309746913418348727"",""65334214448820184984967924626899496599552""]",A_r0_s31006_t5_factor,True,True,COMPLETE_SUCCESS,False,stationary,factor,4,0,False,26.39975000056438,58.4748750043218,58.4783750018687,1.501689742047507e-08,False,False,NO_NEGATIVE_WITNESS_FOUND,-5947/9007199254740992,True,True,0.0622080042376183,5.0029170015477575,0.1954160034074448,2.6958330054185353,17.900500002724584,31.432042000233196,"[""0"",""1""]","{""axis"":null,""sign"":null}","{""lower"":[""2599694727090403857313393164481545518156987628391983818459243454193164540433146275802307911089352368915694818757580201777796110666825760194349174429803525289870490861398539839154846044675407682462167084285185781658960114454884340998899023822727198856410703442515609781423722458924865413087648143812971193187081105684776414057057088342283650689941"",""162335683735227904241055802256609732102906305329690276728673779897648001026221306023742548612484603361795801917137260893741116970542251914760739133949891602753525299054178821620894004667026853345802425746362264664711020924238279696854092035599272064510956570309086743191893772682016219694229313180977490677976099136268138170761239526279827423232""],""ok"":true,""upper"":[""5059512547810906221727178292983960691880553168598579312775712222863"",""315936875005671560093754083051011296956685286201647333762932932608""]}","[""174380445354914797044228229535706865614697"",""10889035741470030830827987437816582766592""]",-7.180458000220824,-10.015040992584545
31006,5,1,31006_5,791e186e185207b23e77311a8235014c48f772957cc3a3b3c488cc758cbe00e0,fdd937a50ec8c4a28c62f2b1ec78ba15e46c7a39d0a01c699522bffc62cd1f36,39c75ee513e4a6561ba26d5df93519b85af6c42334b4156a9f8301ebc5e3b0b2,A_r1_s31006_t5_conic,True,True,COMPLETE_SUCCESS,False,optimal,conic,0,32,False,33.905959004187025,68.47437500255182,68.47716699849116,1.5489455092990345e-05,False,False,NO_NEGATIVE_WITNESS_FOUND,6932677/9007199254740992,True,True,0.0680840021232143,26.67058299994096,0.3042499956791289,2.7772920002462342,3.528375003952533,33.99804099899484,"[""0"",""1""]","{""axis"":null,""sign"":null}","{""lower"":[""320457938057737234909153703461944925755211804805471888674900165705677195426265196129001644933996204576592647614846304776184021414935464782154100825325368767327529950455110147822283532213833646071549353947806148507210288709306703376371956501469898291607680369305332294861381841935276249519983747130692270507760811977"",""20010737486953522846415029925142968482412400991303599177975358308153354355107237374040035998725046984479968268434193769986729252603787177721426153453583981666860281710237944788473834844740753098432649989052630551407277924027710784251062673120189704399605674212401897367154332651151101496148633172794847556691558400""],""ok"":true,""upper"":[""7679748297576678911495030298698249618602840236169"",""479555224749202520035584085735030365824602865664""]}","[""1046282672243649476244611309746913418348727"",""65334214448820184984967924626899496599552""]",A_r1_s31006_t5_factor,True,True,COMPLETE_SUCCESS,False,stationary,factor,4,0,False,22.78200000000652,55.089082998165395,55.09195799822919,1.501689742047507e-08,False,False,NO_NEGATIVE_WITNESS_FOUND,-5947/9007199254740992,True,True,0.0625000029685907,4.882375003944617,0.1985420021810569,2.7039999986300245,14.3141669977922,31.729583999549504,"[""0"",""1""]","{""axis"":null,""sign"":null}","{""lower"":[""2599694727090403857313393164481545518156987628391983818459243454193164540433146275802307911089352368915694818757580201777796110666825760194349174429803525289870490861398539839154846044675407682462167084285185781658960114454884340998899023822727198856410703442515609781423722458924865413087648143812971193187081105684776414057057088342283650689941"",""162335683735227904241055802256609732102906305329690276728673779897648001026221306023742548612484603361795801917137260893741116970542251914760739133949891602753525299054178821620894004667026853345802425746362264664711020924238279696854092035599272064510956570309086743191893772682016219694229313180977490677976099136268138170761239526279827423232""],""ok"":true,""upper"":[""5059512547810906221727178292983960691880553168598579312775712222863"",""315936875005671560093754083051011296956685286201647333762932932608""]}","[""174380445354914797044228229535706865614697"",""10889035741470030830827987437816582766592""]",-11.123959004180506,-13.385292004386429
31006,6,0,31006_6,f0c9ae3a6f46dfa6d73c3444fa2196f0bc41b536d36a7c9b4cb1c5fadce8ba45,fdd937a50ec8c4a28c62f2b1ec78ba15e46c7a39d0a01c699522bffc62cd1f36,39c75ee513e4a6561ba26d5df93519b85af6c42334b4156a9f8301ebc5e3b0b2,A_r0_s31006_t6_conic,True,True,COMPLETE_SUCCESS,False,optimal,conic,0,35,False,34.50149999844143,68.423791002715,68.42687500466127,6.583093089172607e-06,False,False,NO_NEGATIVE_WITNESS_FOUND,45983239080133/9007199254740992,True,True,0.062083003285806626,28.183374997752253,0.2948339970316738,2.8837919962825254,2.475582994520664,33.31879100005608,"[""0"",""1""]","{""axis"":null,""sign"":null}","{""lower"":[""11095277561174509114223299737599406400235205059810410220207712993890228537597326342369776676961161113114225629607434514129558621116240137382540021929359435151579732899537668387553549368452696316137058031005825341166118291463609713664241162649177912310252181443510442887172095903438524986037201248841979735905929055497"",""693455132796292830145079742453544354873071635999864862443442060728897460646683922596888371056700962069573536474880181096676056682094822834515884815709221097868683687381031487067731442320884936326776750998268385390316134494706223951342576545934022342548708500017522794982659300324917656447091785944867098645590179840""],""ok"":true,""upper"":[""15345767194067808859401638484707163328692572895923"",""959110449498405040071168171470060731649205731328""]}","[""5115255730780218093673164700144500843965026691121"",""319703483166135013357056057156686910549735243776""]",A_r0_s31006_t6_factor,True,True,COMPLETE_SUCCESS,False,optimal,conic,4,35,True,43.499624996911734,82.01245900272625,82.01612500124611,6.583093089172607e-06,False,False,NO_NEGATIVE_WITNESS_FOUND,45983239080133/9007199254740992,True,True,0.06758399831596762,36.6063750043395,0.34870799572672695,2.9429999995045364,2.5742500001797453,37.45291700033704,"[""0"",""1""]","{""axis"":null,""sign"":null}","{""lower"":[""11095277561174509114223299737599406400235205059810410220207712993890228537597326342369776676961161113114225629607434514129558621116240137382540021929359435151579732899537668387553549368452696316137058031005825341166118291463609713664241162649177912310252181443510442887172095903438524986037201248841979735905929055497"",""693455132796292830145079742453544354873071635999864862443442060728897460646683922596888371056700962069573536474880181096676056682094822834515884815709221097868683687381031487067731442320884936326776750998268385390316134494706223951342576545934022342548708500017522794982659300324917656447091785944867098645590179840""],""ok"":true,""upper"":[""15345767194067808859401638484707163328692572895923"",""959110449498405040071168171470060731649205731328""]}","[""5115255730780218093673164700144500843965026691121"",""319703483166135013357056057156686910549735243776""]",8.998124998470303,13.58866800001124
31006,6,1,31006_6,f0c9ae3a6f46dfa6d73c3444fa2196f0bc41b536d36a7c9b4cb1c5fadce8ba45,fdd937a50ec8c4a28c62f2b1ec78ba15e46c7a39d0a01c699522bffc62cd1f36,39c75ee513e4a6561ba26d5df93519b85af6c42334b4156a9f8301ebc5e3b0b2,A_r1_s31006_t6_conic,True,True,COMPLETE_SUCCESS,False,optimal,conic,0,35,False,34.88708300574217,69.5221659989329,69.52470800024457,6.583093089172607e-06,False,False,NO_NEGATIVE_WITNESS_FOUND,45983239080133/9007199254740992,True,True,0.08166600309778005,28.70854100183351,0.2893330020015128,2.656917000422254,2.587999995739665,34.064874998875894,"[""0"",""1""]","{""axis"":null,""sign"":null}","{""lower"":[""11095277561174509114223299737599406400235205059810410220207712993890228537597326342369776676961161113114225629607434514129558621116240137382540021929359435151579732899537668387553549368452696316137058031005825341166118291463609713664241162649177912310252181443510442887172095903438524986037201248841979735905929055497"",""693455132796292830145079742453544354873071635999864862443442060728897460646683922596888371056700962069573536474880181096676056682094822834515884815709221097868683687381031487067731442320884936326776750998268385390316134494706223951342576545934022342548708500017522794982659300324917656447091785944867098645590179840""],""ok"":true,""upper"":[""15345767194067808859401638484707163328692572895923"",""959110449498405040071168171470060731649205731328""]}","[""5115255730780218093673164700144500843965026691121"",""319703483166135013357056057156686910549735243776""]",A_r1_s31006_t6_factor,True,True,COMPLETE_SUCCESS,False,optimal,conic,4,35,True,42.86895899713272,77.84820900269551,77.85070899990387,6.583093089172607e-06,False,False,NO_NEGATIVE_WITNESS_FOUND,45983239080133/9007199254740992,True,True,0.0652919989079237,36.12566599622369,0.30787500145379454,2.9100000028847717,2.559125001425855,33.944333998078946,"[""0"",""1""]","{""axis"":null,""sign"":null}","{""lower"":[""11095277561174509114223299737599406400235205059810410220207712993890228537597326342369776676961161113114225629607434514129558621116240137382540021929359435151579732899537668387553549368452696316137058031005825341166118291463609713664241162649177912310252181443510442887172095903438524986037201248841979735905929055497"",""693455132796292830145079742453544354873071635999864862443442060728897460646683922596888371056700962069573536474880181096676056682094822834515884815709221097868683687381031487067731442320884936326776750998268385390316134494706223951342576545934022342548708500017522794982659300324917656447091785944867098645590179840""],""ok"":true,""upper"":[""15345767194067808859401638484707163328692572895923"",""959110449498405040071168171470060731649205731328""]}","[""5115255730780218093673164700144500843965026691121"",""319703483166135013357056057156686910549735243776""]",7.981875991390552,8.326043003762607
31006,7,0,31006_7,a4273b4da24cd6e31f7d463cc32fde469a439c16a5b47928ab0f400429bcb3ca,fdd937a50ec8c4a28c62f2b1ec78ba15e46c7a39d0a01c699522bffc62cd1f36,39c75ee513e4a6561ba26d5df93519b85af6c42334b4156a9f8301ebc5e3b0b2,A_r0_s31006_t7_conic,True,True,COMPLETE_SUCCESS,False,optimal,conic,0,32,False,32.30720799911069,66.61095799790928,66.61420800082851,1.6497785463857978e-06,False,False,NO_NEGATIVE_WITNESS_FOUND,1571640484168949/36028797018963968,True,True,0.05662500188918784,26.13079200091306,0.37933300336590037,2.784958000120241,2.356416000111494,33.72062500420725,"[""0"",""1""]","{""axis"":null,""sign"":null}","{""lower"":[""2512998174802072447463376389351560314845557865779629549972134553457548081358631131214422454020932429172022480033012804075910239076690714752812010819254466924738984834562439175725548302506302884882525982862581604713325591041529082124765741860911172083070125849977632983182536486875922720675931027688522969865207177761470298087"",""157062402114035643577355502150937984549354409114028504045983433182776302647467228510564955183027076118735426999596533167904540776971250342413750606658435181853399660192247392398778428434064247964016572429386780986051481848210937173364885913165528255055973552408692367188192580083941717457850220746763778485698444967689584640""],""ok"":true,""upper"":[""81844091693646815849986451889997492533752014745851"",""5115255730658160213712896914506990568795763900416""]}","[""2192252456000181209765358921073738742048959301959"",""137015778499772148581595453067151533092743675904""]",A_r0_s31006_t7_factor,True,True,COMPLETE_SUCCESS,False,stationary,factor,5,0,False,12.284666998311877,44.261958995775785,44.26479199901223,1.5020175928375028e-08,False,False,NO_NEGATIVE_WITNESS_FOUND,1571685318657269/36028797018963968,True,True,0.06941699393792078,6.129332999989856,0.19354100368218496,2.797249995637685,2.5455419963691384,31.39687499788124,"[""0"",""1""]","{""axis"":null,""sign"":null}","{""lower"":[""361752823027959395467832719448618758043870004045492905503144590409632771767759050021198799270441867361147659833429508780117332239271233504760377489922789822984322943801114521659811282339610201092826779193775844448590666838135410198812768371603322417462621907553989331560836666698137553526369185739885208471332558778774739649188675554432460367"",""22609551460472427254111070319603020142012760675452424023945734196647867897738749546294584099685318712825461809252692968964945752954384763857302649881348254887354043457954231040042269524525037634229942519390446804012631086169844095622112906446643397550532032553488264431659037645654780941240392790867888066675330135490930117952971641758679040""],""ok"":true,""upper"":[""131518384635334660761810913420202875226303560526283800622720807328973484632312080292229974177235454956214409711"",""8219899039708416297613182088762679595814888921179119547475518400362731587901129552122946494346690460611772416""]}","[""2109106183089924736648825246197775942964590467303225823980751"",""131819136443120296040551577887360994738149464333744724770816""]",-20.02254100079881,-22.348999002133496
31006,7,1,31006_7,a4273b4da24cd6e31f7d463cc32fde469a439c16a5b47928ab0f400429bcb3ca,fdd937a50ec8c4a28c62f2b1ec78ba15e46c7a39d0a01c699522bffc62cd1f36,39c75ee513e4a6561ba26d5df93519b85af6c42334b4156a9f8301ebc5e3b0b2,A_r1_s31006_t7_conic,True,True,COMPLETE_SUCCESS,False,optimal,conic,0,32,False,32.09337499720277,66.79487499786774,66.79766700108303,1.6497785463857978e-06,False,False,NO_NEGATIVE_WITNESS_FOUND,1571640484168949/36028797018963968,True,True,0.059416997828520834,25.88254100555787,0.29908399301348254,2.694750000955537,2.512833998480346,34.11954200419132,"[""0"",""1""]","{""axis"":null,""sign"":null}","{""lower"":[""2512998174802072447463376389351560314845557865779629549972134553457548081358631131214422454020932429172022480033012804075910239076690714752812010819254466924738984834562439175725548302506302884882525982862581604713325591041529082124765741860911172083070125849977632983182536486875922720675931027688522969865207177761470298087"",""157062402114035643577355502150937984549354409114028504045983433182776302647467228510564955183027076118735426999596533167904540776971250342413750606658435181853399660192247392398778428434064247964016572429386780986051481848210937173364885913165528255055973552408692367188192580083941717457850220746763778485698444967689584640""],""ok"":true,""upper"":[""81844091693646815849986451889997492533752014745851"",""5115255730658160213712896914506990568795763900416""]}","[""2192252456000181209765358921073738742048959301959"",""137015778499772148581595453067151533092743675904""]",A_r1_s31006_t7_factor,True,True,COMPLETE_SUCCESS,False,stationary,factor,5,0,False,12.417124999046791,44.48020899872063,44.482749995950144,1.5020175928375028e-08,False,False,NO_NEGATIVE_WITNESS_FOUND,1571685318657269/36028797018963968,True,True,0.059250000049360096,6.077208003262058,0.20058399968547747,2.845625000190921,2.620749997731764,31.48687499924563,"[""0"",""1""]","{""axis"":null,""sign"":null}","{""lower"":[""361752823027959395467832719448618758043870004045492905503144590409632771767759050021198799270441867361147659833429508780117332239271233504760377489922789822984322943801114521659811282339610201092826779193775844448590666838135410198812768371603322417462621907553989331560836666698137553526369185739885208471332558778774739649188675554432460367"",""22609551460472427254111070319603020142012760675452424023945734196647867897738749546294584099685318712825461809252692968964945752954384763857302649881348254887354043457954231040042269524525037634229942519390446804012631086169844095622112906446643397550532032553488264431659037645654780941240392790867888066675330135490930117952971641758679040""],""ok"":true,""upper"":[""131518384635334660761810913420202875226303560526283800622720807328973484632312080292229974177235454956214409711"",""8219899039708416297613182088762679595814888921179119547475518400362731587901129552122946494346690460611772416""]}","[""2109106183089924736648825246197775942964590467303225823980751"",""131819136443120296040551577887360994738149464333744724770816""]",-19.67624999815598,-22.31466599914711
31007,0,0,31007_0,29982d17da9ae8b45c65c64ba581d13d4fd6b1d6fbc5922bb43e8eae85badefc,fdd937a50ec8c4a28c62f2b1ec78ba15e46c7a39d0a01c699522bffc62cd1f36,39c75ee513e4a6561ba26d5df93519b85af6c42334b4156a9f8301ebc5e3b0b2,A_r0_s31007_t0_conic,True,True,COMPLETE_SUCCESS,False,optimal,conic,0,34,False,93.77887500158977,127.49983400135534,127.5029589960468,1.7266191027551394e-06,False,False,NO_NEGATIVE_WITNESS_FOUND,277615/4503599627370496,True,True,33.129458999610506,53.7442920031026,0.31345900060841814,2.5534579981467687,3.4790419958881103,33.13716699631186,"[""0"",""1""]","{""axis"":null,""sign"":null}","{""lower"":[""7190433573366165936809732479405546944138971866928133913161948297770953766066566081019906973293635337714076295769986232001364242781511965642804799483282033068700490213824490393421806251568797108143048472601347906674009044678477061250686132551218706220758188369294839215259714183881886667625704878861549950874287049103356683383"",""448636215842124089389058276834833247233211768031848424700700484649716301694915765136147735078481964492190777092988312630446116543754364540880480273386949451065382943052446605688658108607413809624447580361728788967418522108558425879030484199793416262903236687920435379438975151894555781061423580969254969205861571042538946560""],""ok"":true,""upper"":[""10247977427389779781645981126263554783265026646217"",""639406966332270026714112114313373821099470487552""]}","[""916240581307513231832946840350850494118973"",""57167437642717661861846934048537059524608""]",A_r0_s31007_t0_factor,True,True,COMPLETE_SUCCESS,False,optimal,conic,0,34,True,96.2786249947385,131.37133399868617,131.3735839939909,1.7266191027551394e-06,False,False,NO_NEGATIVE_WITNESS_FOUND,277615/4503599627370496,True,True,32.65737499896204,56.47116700129118,0.28729200130328536,2.6312499976484105,3.5258330026408657,34.451208004611544,"[""0"",""1""]","{""axis"":null,""sign"":null}","{""lower"":[""7190433573366165936809732479405546944138971866928133913161948297770953766066566081019906973293635337714076295769986232001364242781511965642804799483282033068700490213824490393421806251568797108143048472601347906674009044678477061250686132551218706220758188369294839215259714183881886667625704878861549950874287049103356683383"",""448636215842124089389058276834833247233211768031848424700700484649716301694915765136147735078481964492190777092988312630446116543754364540880480273386949451065382943052446605688658108607413809624447580361728788967418522108558425879030484199793416262903236687920435379438975151894555781061423580969254969205861571042538946560""],""ok"":true,""upper"":[""10247977427389779781645981126263554783265026646217"",""639406966332270026714112114313373821099470487552""]}","[""916240581307513231832946840350850494118973"",""57167437642717661861846934048537059524608""]",2.4997499931487255,3.8714999973308295
31007,0,1,31007_0,29982d17da9ae8b45c65c64ba581d13d4fd6b1d6fbc5922bb43e8eae85badefc,fdd937a50ec8c4a28c62f2b1ec78ba15e46c7a39d0a01c699522bffc62cd1f36,39c75ee513e4a6561ba26d5df93519b85af6c42334b4156a9f8301ebc5e3b0b2,A_r1_s31007_t0_conic,True,True,COMPLETE_SUCCESS,False,optimal,conic,0,34,False,94.40729199559428,129.2505829987931,129.26479199813912,1.7266191027551394e-06,False,False,NO_NEGATIVE_WITNESS_FOUND,277615/4503599627370496,True,True,33.078624997870065,54.146374997799285,0.3026670019607991,2.7443750004749745,3.539666999131441,34.28558299492579,"[""0"",""1""]","{""axis"":null,""sign"":null}","{""lower"":[""7190433573366165936809732479405546944138971866928133913161948297770953766066566081019906973293635337714076295769986232001364242781511965642804799483282033068700490213824490393421806251568797108143048472601347906674009044678477061250686132551218706220758188369294839215259714183881886667625704878861549950874287049103356683383"",""448636215842124089389058276834833247233211768031848424700700484649716301694915765136147735078481964492190777092988312630446116543754364540880480273386949451065382943052446605688658108607413809624447580361728788967418522108558425879030484199793416262903236687920435379438975151894555781061423580969254969205861571042538946560""],""ok"":true,""upper"":[""10247977427389779781645981126263554783265026646217"",""639406966332270026714112114313373821099470487552""]}","[""916240581307513231832946840350850494118973"",""57167437642717661861846934048537059524608""]",A_r1_s31007_t0_factor,True,True,COMPLETE_SUCCESS,False,optimal,conic,0,34,True,98.50300000107381,133.0483749989071,133.05099999706727,1.7266191027551394e-06,False,False,NO_NEGATIVE_WITNESS_FOUND,277615/4503599627370496,True,True,33.110124997620005,58.131208999839146,0.30383299599634483,2.682582999113947,3.5847920007654466,33.86925000086194,"[""0"",""1""]","{""axis"":null,""sign"":null}","{""lower"":[""7190433573366165936809732479405546944138971866928133913161948297770953766066566081019906973293635337714076295769986232001364242781511965642804799483282033068700490213824490393421806251568797108143048472601347906674009044678477061250686132551218706220758188369294839215259714183881886667625704878861549950874287049103356683383"",""448636215842124089389058276834833247233211768031848424700700484649716301694915765136147735078481964492190777092988312630446116543754364540880480273386949451065382943052446605688658108607413809624447580361728788967418522108558425879030484199793416262903236687920435379438975151894555781061423580969254969205861571042538946560""],""ok"":true,""upper"":[""10247977427389779781645981126263554783265026646217"",""639406966332270026714112114313373821099470487552""]}","[""916240581307513231832946840350850494118973"",""57167437642717661861846934048537059524608""]",4.095708005479537,3.7977920001139864
31007,1,0,31007_1,79536caeef8bc12f6e39968c4a3b15f183d41bb8837c856700e3ea0defb86d22,fdd937a50ec8c4a28c62f2b1ec78ba15e46c7a39d0a01c699522bffc62cd1f36,39c75ee513e4a6561ba26d5df93519b85af6c42334b4156a9f8301ebc5e3b0b2,A_r0_s31007_t1_conic,True,True,COMPLETE_SUCCESS,False,optimal,conic,0,34,False,34.51354199933121,68.53262500226265,68.53508399944985,1.1043911657481339e-05,False,False,NO_NEGATIVE_WITNESS_FOUND,3910767/4503599627370496,True,True,0.072750000981614,27.543749994947575,0.28399999428074807,2.5795000037760474,3.485332999844104,33.45483299926855,"[""0"",""1""]","{""axis"":null,""sign"":null}","{""lower"":[""1383777408727776628150611869500283824773711542708236795512687250093777183392014438303964444237418139453407786761105631883518857337474895280069592202956436109473388641914762696525332289097655403580791733522101754291412216885049572192541809598461370479381002082232450544009658779210029437297869637871305839825100737833"",""86403856283873280896349808783370835658692809890767902716784347349575178845278581325928672149195883562150089847885479245757535142795330214476900209169230988788841333515350661855786543448420565866474267024124985657211232388113000613201627872642133756716146366313916205381823952350740053862179920871662629639243694080""],""ok"":true,""upper"":[""3840095641531570165284292568368057554634476423437"",""239777612374601260017792042867515182912301432832""]}","[""915550146281134050791438082116476791518303"",""57167437642717661861846934048537059524608""]",A_r0_s31007_t1_factor,True,True,COMPLETE_SUCCESS,False,stationary,factor,4,0,False,71.31787500111386,104.0308340016054,104.03349999978673,1.650854743379129e-08,True,True,COLLISION_WITNESSED,1870108978761/9007199254740992,True,True,0.06529200618388131,5.011208006180823,0.1890419953269884,62.322792000486515,2.8988749982090667,31.936667000991292,"[""851972792599832151202161273"",""990544703980805301444018176""]","{""axis"":1,""sign"":-1}","{""lower"":[""11226586996297971925594287029026476341493636780580059272619214666948340097111172272269471053837556788326781212367010751616599502967858580549375178131353792084409990098953086299623590345315303547675638206777202071124778520291079927680655213249465394753384090492736946332225920039598091732719344345879731422564399189884273708690270659807819294763471"",""700994058439527419997662508948015958079533674368899624096777659092232806379253462977601508336230899605912548555047533249769453065588710754749721416993506301052547322348119552258865229532097913807388936211954655480123108937708460789679118610658073284827271275582352777798171306726397798404358406384705868017630616823898238223194166358209435009024""],""ok"":true,""upper"":[""92236017577780656088833324876814429307411843221506009849293101529"",""5759265950624221147542392138950726767439575529717529521720131584""]}","[""223807861666886461980699275839825395805080601742590553"",""11498189186536185960953436912723454906868602647871488""]",36.80433300178265,35.49820899934275
31007,1,1,31007_1,79536caeef8bc12f6e39968c4a3b15f183d41bb8837c856700e3ea0defb86d22,fdd937a50ec8c4a28c62f2b1ec78ba15e46c7a39d0a01c699522bffc62cd1f36,39c75ee513e4a6561ba26d5df93519b85af6c42334b4156a9f8301ebc5e3b0b2,A_r1_s31007_t1_conic,True,True,COMPLETE_SUCCESS,False,optimal,conic,0,34,False,35.25433300092118,69.58229100564495,69.58483299968066,1.1043911657481339e-05,False,False,NO_NEGATIVE_WITNESS_FOUND,3910767/4503599627370496,True,True,0.08475000504404306,28.07629099697806,0.3191249998053536,2.6406249962747097,3.5962089968961664,33.74670800258173,"[""0"",""1""]","{""axis"":null,""sign"":null}","{""lower"":[""1383777408727776628150611869500283824773711542708236795512687250093777183392014438303964444237418139453407786761105631883518857337474895280069592202956436109473388641914762696525332289097655403580791733522101754291412216885049572192541809598461370479381002082232450544009658779210029437297869637871305839825100737833"",""86403856283873280896349808783370835658692809890767902716784347349575178845278581325928672149195883562150089847885479245757535142795330214476900209169230988788841333515350661855786543448420565866474267024124985657211232388113000613201627872642133756716146366313916205381823952350740053862179920871662629639243694080""],""ok"":true,""upper"":[""3840095641531570165284292568368057554634476423437"",""239777612374601260017792042867515182912301432832""]}","[""915550146281134050791438082116476791518303"",""57167437642717661861846934048537059524608""]",A_r1_s31007_t1_factor,True,True,COMPLETE_SUCCESS,False,stationary,factor,4,0,False,79.01929199579172,112.94441700010793,112.94774999987567,1.650854743379129e-08,True,True,COLLISION_WITNESSED,1870108978761/9007199254740992,True,True,0.06212500011315569,5.152292003913317,0.2255830040667206,69.86379199952353,2.886665999540128,33.066625001083594,"[""851972792599832151202161273"",""990544703980805301444018176""]","{""axis"":1,""sign"":-1}","{""lower"":[""11226586996297971925594287029026476341493636780580059272619214666948340097111172272269471053837556788326781212367010751616599502967858580549375178131353792084409990098953086299623590345315303547675638206777202071124778520291079927680655213249465394753384090492736946332225920039598091732719344345879731422564399189884273708690270659807819294763471"",""700994058439527419997662508948015958079533674368899624096777659092232806379253462977601508336230899605912548555047533249769453065588710754749721416993506301052547322348119552258865229532097913807388936211954655480123108937708460789679118610658073284827271275582352777798171306726397798404358406384705868017630616823898238223194166358209435009024""],""ok"":true,""upper"":[""92236017577780656088833324876814429307411843221506009849293101529"",""5759265950624221147542392138950726767439575529717529521720131584""]}","[""223807861666886461980699275839825395805080601742590553"",""11498189186536185960953436912723454906868602647871488""]",43.76495899487054,43.362125994462986
31007,2,0,31007_2,62ef7efa2f5c9281f5d488d8c90210c715d1e761baaca0699beee2694d072c99,fdd937a50ec8c4a28c62f2b1ec78ba15e46c7a39d0a01c699522bffc62cd1f36,39c75ee513e4a6561ba26d5df93519b85af6c42334b4156a9f8301ebc5e3b0b2,A_r0_s31007_t2_conic,True,True,COMPLETE_SUCCESS,False,optimal,conic,0,33,False,33.99020800134167,67.73262500064448,67.73495800007368,1.2665392913175586e-05,False,False,NO_NEGATIVE_WITNESS_FOUND,11218031/4503599627370496,True,True,0.06937499711057171,26.995249994797632,0.2812079983414151,2.6933329936582595,3.4065419968101196,33.212375004950445,"[""0"",""1""]","{""axis"":null,""sign"":null}","{""lower"":[""52212715829587737345845210685508534343060906731263758380082458334782140798240830706240197862806826523965619716007461755290186996920015942748775651277543051468883874255272878762803117066404432263107324379151915333599281150305518557171223768133339154585652035733103079819020862111390514040666160084103286940499940403"",""3262487523413531721854414739654518232238180887382282782140299098112030045651661197326176587007455839099219330702192002524255705443682181357766661950902211678013668574664525745675808817056806430608306579614725360355859550547498058028186002256757447402033136198873106757311237080943742043438247520061427594045685760""],""ok"":true,""upper"":[""15349576242227030591256295736156059764126735853933"",""959110449498405040071168171470060731649205731328""]}","[""9758997750947837241848390189121351702820827"",""609786001522321726526367296517728634929152""]",A_r0_s31007_t2_factor,True,True,COMPLETE_SUCCESS,False,stationary,factor,4,0,False,74.07370799774071,106.99941599887097,107.00187499605818,1.6634047278395553e-08,True,True,COLLISION_WITNESSED,1860516490825/9007199254740992,True,True,0.060999998822808266,5.286749998049345,0.19675000658025965,65.0707090026117,2.6738330052467063,32.18012500292389,"[""6490401393702293022006046611"",""7924357631846442411552145408""]","{""axis"":1,""sign"":-1}","{""lower"":[""4066462170665472732688780413196363089462868587252962061534622107064157537022799443590339000513025510751473688247337334823820604991330320000380658375438464083588734485718501572027561769563237778136254577154231677749273273200211630988688687866398947791441956696205110342052214604218184481697731066292619478873010287588686865924523679965456180850087229"",""254090816848181979194751915180365509711224807151044981680917548273028719288787184876804005285083113942943035287101964106293446563273491044599816019351840644832690021515107865103004678137939533879253877289792983867654982720615351170978880798068810745803869989091147650964122968452935019604481583441180254411636113363679026884426351884572616955002880""],""ok"":true,""upper"":[""59822482142038034115211713606310543135883787030222055840964319290309433500617473104254893039059243"",""3737977312861592644191287985796716200554732914124142347407322813688884520116120962540183652139008""]}","[""13980771156923962136340981901922941259104934811705826897"",""735884107938315901501019962414301114039590569463775232""]",40.08349999639904,39.2667909982265
31007,2,1,31007_2,62ef7efa2f5c9281f5d488d8c90210c715d1e761baaca0699beee2694d072c99,fdd937a50ec8c4a28c62f2b1ec78ba15e46c7a39d0a01c699522bffc62cd1f36,39c75ee513e4a6561ba26d5df93519b85af6c42334b4156a9f8301ebc5e3b0b2,A_r1_s31007_t2_conic,True,True,COMPLETE_SUCCESS,False,optimal,conic,0,33,False,34.36800000054063,68.44770799943944,68.45070800045505,1.2665392913175586e-05,False,False,NO_NEGATIVE_WITNESS_FOUND,11218031/4503599627370496,True,True,0.06770799518562853,27.2740420041373,0.30291700386442244,2.7293339953757823,3.4352500006207265,33.511125002405606,"[""0"",""1""]","{""axis"":null,""sign"":null}","{""lower"":[""52212715829587737345845210685508534343060906731263758380082458334782140798240830706240197862806826523965619716007461755290186996920015942748775651277543051468883874255272878762803117066404432263107324379151915333599281150305518557171223768133339154585652035733103079819020862111390514040666160084103286940499940403"",""3262487523413531721854414739654518232238180887382282782140299098112030045651661197326176587007455839099219330702192002524255705443682181357766661950902211678013668574664525745675808817056806430608306579614725360355859550547498058028186002256757447402033136198873106757311237080943742043438247520061427594045685760""],""ok"":true,""upper"":[""15349576242227030591256295736156059764126735853933"",""959110449498405040071168171470060731649205731328""]}","[""9758997750947837241848390189121351702820827"",""609786001522321726526367296517728634929152""]",A_r1_s31007_t2_factor,True,True,COMPLETE_SUCCESS,False,stationary,factor,4,0,False,74.8926250016666,108.4856250017765,108.4880419948604,1.6634047278395553e-08,True,True,COLLISION_WITNESSED,1860516490825/9007199254740992,True,True,0.05499999679159373,5.2873329987050965,0.20162500004516914,65.83529099589214,2.707792002183851,32.81554199929815,"[""6490401393702293022006046611"",""7924357631846442411552145408""]","{""axis"":1,""sign"":-1}","{""lower"":[""4066462170665472732688780413196363089462868587252962061534622107064157537022799443590339000513025510751473688247337334823820604991330320000380658375438464083588734485718501572027561769563237778136254577154231677749273273200211630988688687866398947791441956696205110342052214604218184481697731066292619478873010287588686865924523679965456180850087229"",""254090816848181979194751915180365509711224807151044981680917548273028719288787184876804005285083113942943035287101964106293446563273491044599816019351840644832690021515107865103004678137939533879253877289792983867654982720615351170978880798068810745803869989091147650964122968452935019604481583441180254411636113363679026884426351884572616955002880""],""ok"":true,""upper"":[""59822482142038034115211713606310543135883787030222055840964319290309433500617473104254893039059243"",""3737977312861592644191287985796716200554732914124142347407322813688884520116120962540183652139008""]}","[""13980771156923962136340981901922941259104934811705826897"",""735884107938315901501019962414301114039590569463775232""]",40.52462500112597,40.03791700233705
31007,3,0,31007_3,8dea88f15ca1b7ed02072b707bbbe6dea6d35e91c718692ad4f82716df07e951,fdd937a50ec8c4a28c62f2b1ec78ba15e46c7a39d0a01c699522bffc62cd1f36,39c75ee513e4a6561ba26d5df93519b85af6c42334b4156a9f8301ebc5e3b0b2,A_r0_s31007_t3_conic,True,True,COMPLETE_SUCCESS,False,optimal,conic,0,34,False,34.226540999952704,68.3622500000638,68.36483300139662,6.162670581405345e-06,False,False,NO_NEGATIVE_WITNESS_FOUND,11620750421103/4503599627370496,True,True,0.06904100155225024,28.113665997807402,0.28666599973803386,2.677166005014442,2.5317500039818697,33.56916600023396,"[""0"",""1""]","{""axis"":null,""sign"":null}","{""lower"":[""46014339642912515214017458734852206387391611231164888263691046623685350895033907332420036248159986455232376284477964175851771450362675969352250326473177408560087571846611632407541041127789748160510454610432847304742904231691665280368485187750413766246416201770113710625109910896314551170277539336791133419969350357424047"",""2875897335023321779281231304564378721277312310884735292019246719923349123908470917296396916256463849351065053301720344313115366564011868129271556389726493124904074166938799305660428393550329848899804202252273450898358306951069018569380565732532923069991523422187921129145405281861199238859601255064748855296533767127040""],""ok"":true,""upper"":[""1918220899236399005383809305283100966641909663821"",""119888806187300630008896021433757591456150716416""]}","[""119888806189810482911097163194238894303628479591"",""7493050386706289375556001339609849466009419776""]",A_r0_s31007_t3_factor,True,True,COMPLETE_SUCCESS,False,optimal,conic,4,34,True,42.34362499846611,77.31695899565239,77.32049999322044,6.162670581405345e-06,False,False,NO_NEGATIVE_WITNESS_FOUND,11620750421103/4503599627370496,True,True,0.06562499766005203,35.84929099451983,0.31833400134928524,2.71575000078883,2.5538749978295527,34.065624997310806,"[""0"",""1""]","{""axis"":null,""sign"":null}","{""lower"":[""46014339642912515214017458734852206387391611231164888263691046623685350895033907332420036248159986455232376284477964175851771450362675969352250326473177408560087571846611632407541041127789748160510454610432847304742904231691665280368485187750413766246416201770113710625109910896314551170277539336791133419969350357424047"",""2875897335023321779281231304564378721277312310884735292019246719923349123908470917296396916256463849351065053301720344313115366564011868129271556389726493124904074166938799305660428393550329848899804202252273450898358306951069018569380565732532923069991523422187921129145405281861199238859601255064748855296533767127040""],""ok"":true,""upper"":[""1918220899236399005383809305283100966641909663821"",""119888806187300630008896021433757591456150716416""]}","[""119888806189810482911097163194238894303628479591"",""7493050386706289375556001339609849466009419776""]",8.117083998513408,8.95470899558859
31007,3,1,31007_3,8dea88f15ca1b7ed02072b707bbbe6dea6d35e91c718692ad4f82716df07e951,fdd937a50ec8c4a28c62f2b1ec78ba15e46c7a39d0a01c699522bffc62cd1f36,39c75ee513e4a6561ba26d5df93519b85af6c42334b4156a9f8301ebc5e3b0b2,A_r1_s31007_t3_conic,True,True,COMPLETE_SUCCESS,False,optimal,conic,0,34,False,34.345209001912735,68.85908399999607,68.86187499912921,6.162670581405345e-06,False,False,NO_NEGATIVE_WITNESS_FOUND,11620750421103/4503599627370496,True,True,0.06804199801990762,28.01750000071479,0.301334002870135,2.740458003245294,2.6342080018366687,33.942750000278465,"[""0"",""1""]","{""axis"":null,""sign"":null}","{""lower"":[""46014339642912515214017458734852206387391611231164888263691046623685350895033907332420036248159986455232376284477964175851771450362675969352250326473177408560087571846611632407541041127789748160510454610432847304742904231691665280368485187750413766246416201770113710625109910896314551170277539336791133419969350357424047"",""2875897335023321779281231304564378721277312310884735292019246719923349123908470917296396916256463849351065053301720344313115366564011868129271556389726493124904074166938799305660428393550329848899804202252273450898358306951069018569380565732532923069991523422187921129145405281861199238859601255064748855296533767127040""],""ok"":true,""upper"":[""1918220899236399005383809305283100966641909663821"",""119888806187300630008896021433757591456150716416""]}","[""119888806189810482911097163194238894303628479591"",""7493050386706289375556001339609849466009419776""]",A_r1_s31007_t3_factor,True,True,COMPLETE_SUCCESS,False,optimal,conic,4,34,True,42.68995799793629,77.15762499719858,77.16083300329046,6.162670581405345e-06,False,False,NO_NEGATIVE_WITNESS_FOUND,11620750421103/4503599627370496,True,True,0.06608299736399204,35.88645900163101,0.3039580042241141,2.8404170006979257,2.6805420056916773,33.56662500300445,"[""0"",""1""]","{""axis"":null,""sign"":null}","{""lower"":[""46014339642912515214017458734852206387391611231164888263691046623685350895033907332420036248159986455232376284477964175851771450362675969352250326473177408560087571846611632407541041127789748160510454610432847304742904231691665280368485187750413766246416201770113710625109910896314551170277539336791133419969350357424047"",""2875897335023321779281231304564378721277312310884735292019246719923349123908470917296396916256463849351065053301720344313115366564011868129271556389726493124904074166938799305660428393550329848899804202252273450898358306951069018569380565732532923069991523422187921129145405281861199238859601255064748855296533767127040""],""ok"":true,""upper"":[""1918220899236399005383809305283100966641909663821"",""119888806187300630008896021433757591456150716416""]}","[""119888806189810482911097163194238894303628479591"",""7493050386706289375556001339609849466009419776""]",8.344748996023554,8.298540997202508
31007,4,0,31007_4,368e20cb33d0f39be120bf20bfd7d4eff0b810cfbe2474416b71fda1a0e95e16,fdd937a50ec8c4a28c62f2b1ec78ba15e46c7a39d0a01c699522bffc62cd1f36,39c75ee513e4a6561ba26d5df93519b85af6c42334b4156a9f8301ebc5e3b0b2,A_r0_s31007_t4_conic,True,True,COMPLETE_SUCCESS,False,optimal,conic,0,30,False,31.120209001528565,65.49908399756532,65.50145900109783,4.395357485240441e-06,False,False,NO_NEGATIVE_WITNESS_FOUND,11070362177097/9007199254740992,True,True,0.06145899533294141,25.043000001460314,0.2756670000962913,2.6742080008261837,2.525457995943725,33.813041998655535,"[""0"",""1""]","{""axis"":null,""sign"":null}","{""lower"":[""230071763181966318804401480219804326144028189993713723100875935407445627240177406545925454110644845506615221985381140279343571802715743300032940603338209102812122205794258648658094961710923715320819471943668757190093258623366321781349272121760639776606553702589059811286631395691506181359853274741824835401085800554601673"",""14379489147377167359304259470779755719621867118465017292202866689222114697311612608932753133379743563744466350460172275393977729037778033900813874610233872057218497239636972096266029117235803791242660193160560118032974297736442578556234836082281011632076742422890231834421177833530572787813234105169397652526302872207360""],""ok"":true,""upper"":[""2557627865628417005589812863522581052069868492403"",""159851741583067506678528028578343455274867621888""]}","[""479555224750803113326232084581253141009084468969"",""29972201546825157502224005358439397864037679104""]",A_r0_s31007_t4_factor,True,True,COMPLETE_SUCCESS,False,stationary,factor,5,0,False,13.153833999240305,45.00979199656285,45.01229200104717,1.661117713328651e-08,False,False,NO_NEGATIVE_WITNESS_FOUND,11097146117705/9007199254740992,True,True,0.07845900108804926,6.804333999752998,0.21695900068152696,2.8554579985211603,2.6590419947751798,31.30362500087358,"[""0"",""1""]","{""axis"":null,""sign"":null}","{""lower"":[""22785218607843700363651468937611965554992056235921465237555029203367328586101042463943036701340855023226632047492358080095193997640505859444176448082037376952743912741834253212920331110090165313186083854810127048535116550408363264110627551508414216395876336264994529648563341280039321985448940848392914876514089721467543774822392827207135212096745"",""1424076164468705111433274009844337058536098311643099443591316150395489711889788240749226634975431516300760321745474268465978314321166358668517422135140031849784634567328699353417160622409469967862635911207693105927644361487670002953505055977418049220209461098074081782916200185660772139469135625386035583581985543213486399821553012298230072868864""],""ok"":true,""upper"":[""1541231069945328055802471641644930503547551393433375703345528512892748087468772243378606263262627595461333943"",""96326941871583003487654477602687651513455729545067807196978731254250760795716361938940779230625278835294208""]}","[""5492464018463345668356315745313579183952923556031516573439"",""343279001153959104272269734081669257130597563369126887424""]",-17.96637500228826,-20.489292001002468
31007,4,1,31007_4,368e20cb33d0f39be120bf20bfd7d4eff0b810cfbe2474416b71fda1a0e95e16,fdd937a50ec8c4a28c62f2b1ec78ba15e46c7a39d0a01c699522bffc62cd1f36,39c75ee513e4a6561ba26d5df93519b85af6c42334b4156a9f8301ebc5e3b0b2,A_r1_s31007_t4_conic,True,True,COMPLETE_SUCCESS,False,optimal,conic,0,30,False,31.373249999887776,65.77216599544045,65.77445799484849,4.395357485240441e-06,False,False,NO_NEGATIVE_WITNESS_FOUND,11070362177097/9007199254740992,True,True,0.060375001339707524,25.20758299942827,0.3081659961026162,2.641250001033768,2.6257499994244426,33.84337500028778,"[""0"",""1""]","{""axis"":null,""sign"":null}","{""lower"":[""230071763181966318804401480219804326144028189993713723100875935407445627240177406545925454110644845506615221985381140279343571802715743300032940603338209102812122205794258648658094961710923715320819471943668757190093258623366321781349272121760639776606553702589059811286631395691506181359853274741824835401085800554601673"",""14379489147377167359304259470779755719621867118465017292202866689222114697311612608932753133379743563744466350460172275393977729037778033900813874610233872057218497239636972096266029117235803791242660193160560118032974297736442578556234836082281011632076742422890231834421177833530572787813234105169397652526302872207360""],""ok"":true,""upper"":[""2557627865628417005589812863522581052069868492403"",""159851741583067506678528028578343455274867621888""]}","[""479555224750803113326232084581253141009084468969"",""29972201546825157502224005358439397864037679104""]",A_r1_s31007_t4_factor,True,True,COMPLETE_SUCCESS,False,stationary,factor,5,0,False,12.500459000875708,44.78825000114739,44.79104199708672,1.661117713328651e-08,False,False,NO_NEGATIVE_WITNESS_FOUND,11097146117705/9007199254740992,True,True,0.05979200068395585,6.135167001048103,0.18854199879569933,2.8575830001500435,2.7094170000054874,31.687000002420973,"[""0"",""1""]","{""axis"":null,""sign"":null}","{""lower"":[""22785218607843700363651468937611965554992056235921465237555029203367328586101042463943036701340855023226632047492358080095193997640505859444176448082037376952743912741834253212920331110090165313186083854810127048535116550408363264110627551508414216395876336264994529648563341280039321985448940848392914876514089721467543774822392827207135212096745"",""1424076164468705111433274009844337058536098311643099443591316150395489711889788240749226634975431516300760321745474268465978314321166358668517422135140031849784634567328699353417160622409469967862635911207693105927644361487670002953505055977418049220209461098074081782916200185660772139469135625386035583581985543213486399821553012298230072868864""],""ok"":true,""upper"":[""1541231069945328055802471641644930503547551393433375703345528512892748087468772243378606263262627595461333943"",""96326941871583003487654477602687651513455729545067807196978731254250760795716361938940779230625278835294208""]}","[""5492464018463345668356315745313579183952923556031516573439"",""343279001153959104272269734081669257130597563369126887424""]",-18.872790999012068,-20.983915994293056
31007,5,0,31007_5,f50ea94ed79361b25bb1b9e3f34827cc6571b52d5ce8c5d53fdfe0e46e6dfe68,fdd937a50ec8c4a28c62f2b1ec78ba15e46c7a39d0a01c699522bffc62cd1f36,39c75ee513e4a6561ba26d5df93519b85af6c42334b4156a9f8301ebc5e3b0b2,A_r0_s31007_t5_conic,True,True,COMPLETE_SUCCESS,False,optimal,conic,0,35,False,38.53112499928102,73.40645800286438,73.40970799850766,5.790330199102255e-06,False,False,NO_NEGATIVE_WITNESS_FOUND,3714633/9007199254740992,True,True,0.06437500269385055,31.26062500086846,0.30212500132620335,2.7838329988298938,3.523999999742955,34.232334000989795,"[""0"",""1""]","{""axis"":null,""sign"":null}","{""lower"":[""29339714382939185992683536038929400557791347596712680551697452681844309028359835831605393323070679911314647652534383301471367621802335021666177452291302415587034902096167275420445541857493448132746601864048660080073020516454541533406487195284460386770415765282710013464336132388652350339216146350333373702156210690029"",""1833259203647905740864096431665205295623939139798890473601880781797772173577282836636140594480117382688743095695989997987796907293760594247647907838140570334938338255800265756968783276355595676768567611880604814694151328270776556469208253527221541853622471019246783733988319432717494414041169024044517907370459791360""],""ok"":true,""upper"":[""479679114236607900633558023546545001116087931669"",""29972201546825157502224005358439397864037679104""]}","[""4879548280718281144503523787715991849145181"",""304893000761160863263183648258864317464576""]",A_r0_s31007_t5_factor,True,True,COMPLETE_SUCCESS,False,optimal,conic,3,35,True,42.90891599521274,77.29195799765876,77.29483299772255,5.790330199102255e-06,False,False,NO_NEGATIVE_WITNESS_FOUND,3714633/9007199254740992,True,True,0.07441599882440642,35.53608399670338,0.3109580065938644,2.7069999996456318,3.3673330035526305,33.50199999840697,"[""0"",""1""]","{""axis"":null,""sign"":null}","{""lower"":[""29339714382939185992683536038929400557791347596712680551697452681844309028359835831605393323070679911314647652534383301471367621802335021666177452291302415587034902096167275420445541857493448132746601864048660080073020516454541533406487195284460386770415765282710013464336132388652350339216146350333373702156210690029"",""1833259203647905740864096431665205295623939139798890473601880781797772173577282836636140594480117382688743095695989997987796907293760594247647907838140570334938338255800265756968783276355595676768567611880604814694151328270776556469208253527221541853622471019246783733988319432717494414041169024044517907370459791360""],""ok"":true,""upper"":[""479679114236607900633558023546545001116087931669"",""29972201546825157502224005358439397864037679104""]}","[""4879548280718281144503523787715991849145181"",""304893000761160863263183648258864317464576""]",4.3777909959317185,3.8854999947943725
31007,5,1,31007_5,f50ea94ed79361b25bb1b9e3f34827cc6571b52d5ce8c5d53fdfe0e46e6dfe68,fdd937a50ec8c4a28c62f2b1ec78ba15e46c7a39d0a01c699522bffc62cd1f36,39c75ee513e4a6561ba26d5df93519b85af6c42334b4156a9f8301ebc5e3b0b2,A_r1_s31007_t5_conic,True,True,COMPLETE_SUCCESS,False,optimal,conic,0,35,False,35.598374997789506,69.95195799390785,69.95474999712314,5.790330199102255e-06,False,False,NO_NEGATIVE_WITNESS_FOUND,3714633/9007199254740992,True,True,0.06345799920381978,28.597958000318613,0.3081659961026162,2.587791001133155,3.48212500102818,33.780582998588216,"[""0"",""1""]","{""axis"":null,""sign"":null}","{""lower"":[""29339714382939185992683536038929400557791347596712680551697452681844309028359835831605393323070679911314647652534383301471367621802335021666177452291302415587034902096167275420445541857493448132746601864048660080073020516454541533406487195284460386770415765282710013464336132388652350339216146350333373702156210690029"",""1833259203647905740864096431665205295623939139798890473601880781797772173577282836636140594480117382688743095695989997987796907293760594247647907838140570334938338255800265756968783276355595676768567611880604814694151328270776556469208253527221541853622471019246783733988319432717494414041169024044517907370459791360""],""ok"":true,""upper"":[""479679114236607900633558023546545001116087931669"",""29972201546825157502224005358439397864037679104""]}","[""4879548280718281144503523787715991849145181"",""304893000761160863263183648258864317464576""]",A_r1_s31007_t5_factor,True,True,COMPLETE_SUCCESS,False,optimal,conic,3,35,True,43.55495899653761,78.13008399534738,78.13304199953564,5.790330199102255e-06,False,False,NO_NEGATIVE_WITNESS_FOUND,3714633/9007199254740992,True,True,0.05416699423221871,36.068499997782055,0.31237499933922663,2.6100420000148006,3.546375002770219,33.651790996373165,"[""0"",""1""]","{""axis"":null,""sign"":null}","{""lower"":[""29339714382939185992683536038929400557791347596712680551697452681844309028359835831605393323070679911314647652534383301471367621802335021666177452291302415587034902096167275420445541857493448132746601864048660080073020516454541533406487195284460386770415765282710013464336132388652350339216146350333373702156210690029"",""1833259203647905740864096431665205295623939139798890473601880781797772173577282836636140594480117382688743095695989997987796907293760594247647907838140570334938338255800265756968783276355595676768567611880604814694151328270776556469208253527221541853622471019246783733988319432717494414041169024044517907370459791360""],""ok"":true,""upper"":[""479679114236607900633558023546545001116087931669"",""29972201546825157502224005358439397864037679104""]}","[""4879548280718281144503523787715991849145181"",""304893000761160863263183648258864317464576""]",7.956583998748101,8.178126001439523
31007,6,0,31007_6,ba02cc609d3885874416baf9c833c80417610a47e5af365354ff46d080f58365,fdd937a50ec8c4a28c62f2b1ec78ba15e46c7a39d0a01c699522bffc62cd1f36,39c75ee513e4a6561ba26d5df93519b85af6c42334b4156a9f8301ebc5e3b0b2,A_r0_s31007_t6_conic,True,True,COMPLETE_SUCCESS,False,optimal,conic,0,32,False,33.5503329988569,67.37745799910044,67.38241599668982,3.1883635759451004e-05,False,False,NO_NEGATIVE_WITNESS_FOUND,12095049/9007199254740992,True,True,0.061915998230688274,26.76170799531974,0.33025000448105857,2.725959006056655,3.1215410053846426,33.25408300588606,"[""0"",""1""]","{""axis"":null,""sign"":null}","{""lower"":[""1045637891639750867016005030929523629706893415458130395096300771215287459382943549617927051830953098074611358597462201748328667071072792938436243094670502583519616325666260224106831815612646347339393950527436685841710279839024878383432878156202094401775455516755115578987549128770736928552676486785977538305991"",""65246352750859649345501648478910652426511556308043542459647641097923043085343877430562761342562023301540089580435451934388473870337184555962888487600435369355795730609039667379565813066788909551899363764962591382531461405133807638561979776900191109038443594364036022849761665285448876892198039797977223004160""],""ok"":true,""upper"":[""30741464655393679849242220277565025067283138346741"",""1918220898996810080142336342940121463298411462656""]}","[""610778026494999663806289345115638857788867"",""38111625095145107907897956032358039683072""]",A_r0_s31007_t6_factor,True,True,COMPLETE_SUCCESS,False,stationary,factor,4,0,False,61.20858299982501,94.93625000322936,94.93837500485824,1.6378897980964994e-08,True,True,COLLISION_WITNESSED,2587588349513/9007199254740992,True,True,0.07137500506360084,5.14458300312981,0.20466699788812548,52.071957994485274,2.6840000064112246,33.01087499858113,"[""638314543548304479906345"",""967328812481255177191424""]","{""axis"":1,""sign"":-1}","{""lower"":[""1853160806053908121794009325997836778415926177296024839615563417962982206755661639393754536455464844147472840419912313890718178348723910241001956412562368562206838575031924155790168222400083312124906580339780730344146282528354234781257547281315698688871502790043812455537208531991721709555574432791895628466833712546842108909419206295374825290691"",""115634431669178079569698493675625773658340397518825999082296842213071681970604343401193142723122733880433282160966941658904317438844703654205170423110087034667138745437484431814832906461586467153082274468025743236606833403639912498928488084558180545700251785797323642550011633542957766549282087387779696888292567545384961550292793833630507991040""],""ok"":true,""upper"":[""515756192230544716780363702762085944901778857331234594991"",""32182406358183666025525287570156492855993521565855645696""]}","[""5504843275964387708574918100908572328875590424973521"",""314403610569348834869820540582281970109688353652736""]",27.65825000096811,27.558792004128918
31007,6,1,31007_6,ba02cc609d3885874416baf9c833c80417610a47e5af365354ff46d080f58365,fdd937a50ec8c4a28c62f2b1ec78ba15e46c7a39d0a01c699522bffc62cd1f36,39c75ee513e4a6561ba26d5df93519b85af6c42334b4156a9f8301ebc5e3b0b2,A_r1_s31007_t6_conic,True,True,COMPLETE_SUCCESS,False,optimal,conic,0,32,False,33.37245900183916,68.04941700102063,68.05225000425708,3.1883635759451004e-05,False,False,NO_NEGATIVE_WITNESS_FOUND,12095049/9007199254740992,True,True,0.06012499943608418,26.593374997901265,0.3010829968843609,2.6405419994262047,3.224250001949258,34.11416599556105,"[""0"",""1""]","{""axis"":null,""sign"":null}","{""lower"":[""1045637891639750867016005030929523629706893415458130395096300771215287459382943549617927051830953098074611358597462201748328667071072792938436243094670502583519616325666260224106831815612646347339393950527436685841710279839024878383432878156202094401775455516755115578987549128770736928552676486785977538305991"",""65246352750859649345501648478910652426511556308043542459647641097923043085343877430562761342562023301540089580435451934388473870337184555962888487600435369355795730609039667379565813066788909551899363764962591382531461405133807638561979776900191109038443594364036022849761665285448876892198039797977223004160""],""ok"":true,""upper"":[""30741464655393679849242220277565025067283138346741"",""1918220898996810080142336342940121463298411462656""]}","[""610778026494999663806289345115638857788867"",""38111625095145107907897956032358039683072""]",A_r1_s31007_t6_factor,True,True,COMPLETE_SUCCESS,False,stationary,factor,4,0,False,92.2622920043068,126.83362499956274,126.83633399865357,1.6378897980964994e-08,True,True,COLLISION_WITNESSED,2587588349513/9007199254740992,True,True,0.06566700176335871,5.297416006214917,0.19391600653761998,53.8672080001561,2.8796670012525283,33.80470800038893,"[""638314543548304479906345"",""967328812481255177191424""]","{""axis"":1,""sign"":-1}","{""lower"":[""1853160806053908121794009325997836778415926177296024839615563417962982206755661639393754536455464844147472840419912313890718178348723910241001956412562368562206838575031924155790168222400083312124906580339780730344146282528354234781257547281315698688871502790043812455537208531991721709555574432791895628466833712546842108909419206295374825290691"",""115634431669178079569698493675625773658340397518825999082296842213071681970604343401193142723122733880433282160966941658904317438844703654205170423110087034667138745437484431814832906461586467153082274468025743236606833403639912498928488084558180545700251785797323642550011633542957766549282087387779696888292567545384961550292793833630507991040""],""ok"":true,""upper"":[""515756192230544716780363702762085944901778857331234594991"",""32182406358183666025525287570156492855993521565855645696""]}","[""5504843275964387708574918100908572328875590424973521"",""314403610569348834869820540582281970109688353652736""]",58.88983300246764,58.784207998542115
31007,7,0,31007_7,a4698a3c9bcc6d903c99696e047c92046e73ebf267152217229a805e046d5098,fdd937a50ec8c4a28c62f2b1ec78ba15e46c7a39d0a01c699522bffc62cd1f36,39c75ee513e4a6561ba26d5df93519b85af6c42334b4156a9f8301ebc5e3b0b2,A_r0_s31007_t7_conic,True,True,COMPLETE_SUCCESS,False,optimal,conic,0,32,False,33.04083400144009,66.94579200120643,66.94829199841479,8.843309575446771e-06,False,False,NO_NEGATIVE_WITNESS_FOUND,2371145/9007199254740992,True,True,0.07483400258934125,26.111416998901404,0.283792003756389,2.556833998824004,3.427999996347353,33.33204099908471,"[""0"",""1""]","{""axis"":null,""sign"":null}","{""lower"":[""1778128123668632551625166541716985986729821225319168962142486546622024858291225087657736758237728449442781904100843719272689140520297407996616652848556364665187284441242092130466818329250035644406800939001255125849548787304251328222821673073011028452286736984656861436227750098926836754409182637388372248960370444083"",""110691425407307996957619225839771830266875575976050480879083702243830148683125611455115051222681264018100026813037231393378055623161240445491556776560400676389765680027536434399897803000277063940954598801664001351146391764229678698102309296522038991838016567177231848983717384542302429456120512406190743540511801344""],""ok"":true,""upper"":[""240734291936856248937748593223773616051783585387"",""14986100773412578751112002679219698932018839552""]}","[""65594888931317419570909549119180027307927"",""4083388403051261561560495289181218537472""]",A_r0_s31007_t7_factor,True,True,COMPLETE_SUCCESS,False,stationary,factor,4,0,False,28.759667002304923,69.54820800456218,69.55137500335695,1.6002145274568966e-08,False,False,NO_NEGATIVE_WITNESS_FOUND,-4535/9007199254740992,True,True,0.05504200089490041,5.3157079964876175,0.19854199490509927,5.704125003830995,16.947292002441827,40.22408300079405,"[""0"",""1""]","{""axis"":null,""sign"":null}","{""lower"":[""50713897365938798852218208782441303234382150875837191675618847492979163467068822801906243640100851725891451551292456691532591484453873021899195387013748972640266590242394256951279448316117982388669392826732425991841290958764436805474459542469279384183491818081372408312551416556169114492346373836616601509598240382592177508580484864263952702430037"",""3157022505341161883528246346384936366399171844648141101037768797631300124273040719637009963311835864621638092965733268899109849074563316627972116317295155652392485969287507724353613143573997660334418761544815176424312435992539162424741854705818604630307578586195469868370895761135408026207344437199924317858374736036787581236643255093005731758080""],""ok"":true,""upper"":[""76291742401610594475474820492151623418358014863406527028137629059696598110483"",""4749284910124297077919903681996964970544276714801663759430877469074561957888""]}","[""8199361116112679446315431490249365574589"",""510423550381407695195061911147652317184""]",-4.281166999135166,2.6024160033557564
31007,7,1,31007_7,a4698a3c9bcc6d903c99696e047c92046e73ebf267152217229a805e046d5098,fdd937a50ec8c4a28c62f2b1ec78ba15e46c7a39d0a01c699522bffc62cd1f36,39c75ee513e4a6561ba26d5df93519b85af6c42334b4156a9f8301ebc5e3b0b2,A_r1_s31007_t7_conic,True,True,COMPLETE_SUCCESS,False,optimal,conic,0,32,False,34.25575000437675,68.89275000139605,68.89520899858326,8.843309575446771e-06,False,False,NO_NEGATIVE_WITNESS_FOUND,2371145/9007199254740992,True,True,0.06275000487221405,26.77554100228008,0.3062920004595071,2.9100420069880784,3.6499170018942095,34.068125001795124,"[""0"",""1""]","{""axis"":null,""sign"":null}","{""lower"":[""1778128123668632551625166541716985986729821225319168962142486546622024858291225087657736758237728449442781904100843719272689140520297407996616652848556364665187284441242092130466818329250035644406800939001255125849548787304251328222821673073011028452286736984656861436227750098926836754409182637388372248960370444083"",""110691425407307996957619225839771830266875575976050480879083702243830148683125611455115051222681264018100026813037231393378055623161240445491556776560400676389765680027536434399897803000277063940954598801664001351146391764229678698102309296522038991838016567177231848983717384542302429456120512406190743540511801344""],""ok"":true,""upper"":[""240734291936856248937748593223773616051783585387"",""14986100773412578751112002679219698932018839552""]}","[""65594888931317419570909549119180027307927"",""4083388403051261561560495289181218537472""]",A_r1_s31007_t7_factor,True,True,COMPLETE_SUCCESS,False,stationary,factor,4,0,False,25.81787500093924,68.05279199761571,68.05520800116938,1.6002145274568966e-08,False,False,NO_NEGATIVE_WITNESS_FOUND,-4535/9007199254740992,True,True,0.06904199835844338,5.2765410000574775,0.20029200095450506,5.894417001400143,13.823417000821792,41.64516699529486,"[""0"",""1""]","{""axis"":null,""sign"":null}","{""lower"":[""50713897365938798852218208782441303234382150875837191675618847492979163467068822801906243640100851725891451551292456691532591484453873021899195387013748972640266590242394256951279448316117982388669392826732425991841290958764436805474459542469279384183491818081372408312551416556169114492346373836616601509598240382592177508580484864263952702430037"",""3157022505341161883528246346384936366399171844648141101037768797631300124273040719637009963311835864621638092965733268899109849074563316627972116317295155652392485969287507724353613143573997660334418761544815176424312435992539162424741854705818604630307578586195469868370895761135408026207344437199924317858374736036787581236643255093005731758080""],""ok"":true,""upper"":[""76291742401610594475474820492151623418358014863406527028137629059696598110483"",""4749284910124297077919903681996964970544276714801663759430877469074561957888""]}","[""8199361116112679446315431490249365574589"",""510423550381407695195061911147652317184""]",-8.437875003437512,-0.8399580037803389
31008,0,0,31008_0,ea404f25e59c4951879f37f172abd2759cd2daf414833c1b9f24722caac7e18b,fdd937a50ec8c4a28c62f2b1ec78ba15e46c7a39d0a01c699522bffc62cd1f36,39c75ee513e4a6561ba26d5df93519b85af6c42334b4156a9f8301ebc5e3b0b2,A_r0_s31008_t0_conic,True,True,COMPLETE_SUCCESS,False,optimal,conic,0,37,False,95.71370799676515,129.4950829978916,129.4975409982726,4.0845841609741675e-06,False,False,NO_NEGATIVE_WITNESS_FOUND,593427/18014398509481984,True,True,32.46370799752185,55.12408300273819,0.28374999965308234,2.753583998128306,4.526625001744833,33.243582998693455,"[""0"",""1""]","{""axis"":null,""sign"":null}","{""lower"":[""13607121870014184918597994733064577153203200762021836928005702550357640828183945134858132802647825506568528204321697146842315572401607348775186248272725377112972855161242028631462863121968646749508726020772861397694457741337733661672279680522852596408847734325302230113042538779386337164054974157789805582919418260141391"",""849861717070860904595961207515484740348692151044253537962403758005288345383781504495354608116875192673575182246161048057821175598698368030259753231610456116090994330230641089923674999470839091136801757470678054289515099502632115617157317444666749541162807552919047029974115234555198990678043239113645003689953329152000""],""ok"":true,""upper"":[""10237536954835548711661316103738728941059890163067"",""639406966332270026714112114313373821099470487552""]}","[""228826782569217198083891976226114262509067"",""14291859410679415465461733512134264881152""]",A_r0_s31008_t0_factor,True,True,COMPLETE_SUCCESS,False,optimal,conic,0,37,True,140.0777079979889,174.08787499880418,174.09195799700683,4.0845841609741675e-06,False,False,NO_NEGATIVE_WITNESS_FOUND,593427/18014398509481984,True,True,69.11316699552117,62.671125000633765,0.31441600003745407,2.8329589986242354,4.4667089969152585,33.34920800261898,"[""0"",""1""]","{""axis"":null,""sign"":null}","{""lower"":[""13607121870014184918597994733064577153203200762021836928005702550357640828183945134858132802647825506568528204321697146842315572401607348775186248272725377112972855161242028631462863121968646749508726020772861397694457741337733661672279680522852596408847734325302230113042538779386337164054974157789805582919418260141391"",""849861717070860904595961207515484740348692151044253537962403758005288345383781504495354608116875192673575182246161048057821175598698368030259753231610456116090994330230641089923674999470839091136801757470678054289515099502632115617157317444666749541162807552919047029974115234555198990678043239113645003689953329152000""],""ok"":true,""upper"":[""10237536954835548711661316103738728941059890163067"",""639406966332270026714112114313373821099470487552""]}","[""228826782569217198083891976226114262509067"",""14291859410679415465461733512134264881152""]",44.36400000122376,44.592792000912596
31008,0,1,31008_0,ea404f25e59c4951879f37f172abd2759cd2daf414833c1b9f24722caac7e18b,fdd937a50ec8c4a28c62f2b1ec78ba15e46c7a39d0a01c699522bffc62cd1f36,39c75ee513e4a6561ba26d5df93519b85af6c42334b4156a9f8301ebc5e3b0b2,A_r1_s31008_t0_conic,True,True,COMPLETE_SUCCESS,False,optimal,conic,0,37,False,96.70283300511073,130.88316599896643,130.88620800408535,4.0845841609741675e-06,False,False,NO_NEGATIVE_WITNESS_FOUND,593427/18014398509481984,True,True,33.00204100378323,55.466083002102096,0.30066699400776997,2.7537080022739246,4.582749999826774,33.62008299882291,"[""0"",""1""]","{""axis"":null,""sign"":null}","{""lower"":[""13607121870014184918597994733064577153203200762021836928005702550357640828183945134858132802647825506568528204321697146842315572401607348775186248272725377112972855161242028631462863121968646749508726020772861397694457741337733661672279680522852596408847734325302230113042538779386337164054974157789805582919418260141391"",""849861717070860904595961207515484740348692151044253537962403758005288345383781504495354608116875192673575182246161048057821175598698368030259753231610456116090994330230641089923674999470839091136801757470678054289515099502632115617157317444666749541162807552919047029974115234555198990678043239113645003689953329152000""],""ok"":true,""upper"":[""10237536954835548711661316103738728941059890163067"",""639406966332270026714112114313373821099470487552""]}","[""228826782569217198083891976226114262509067"",""14291859410679415465461733512134264881152""]",A_r1_s31008_t0_factor,True,True,COMPLETE_SUCCESS,False,optimal,conic,0,37,True,110.61191599583253,145.17441600037273,145.17683299345663,4.0845841609741675e-06,False,False,NO_NEGATIVE_WITNESS_FOUND,593427/18014398509481984,True,True,32.96845799923176,69.20525000168709,0.30966600024839863,2.824542003509123,4.656875004002359,33.88758300570771,"[""0"",""1""]","{""axis"":null,""sign"":null}","{""lower"":[""13607121870014184918597994733064577153203200762021836928005702550357640828183945134858132802647825506568528204321697146842315572401607348775186248272725377112972855161242028631462863121968646749508726020772861397694457741337733661672279680522852596408847734325302230113042538779386337164054974157789805582919418260141391"",""849861717070860904595961207515484740348692151044253537962403758005288345383781504495354608116875192673575182246161048057821175598698368030259753231610456116090994330230641089923674999470839091136801757470678054289515099502632115617157317444666749541162807552919047029974115234555198990678043239113645003689953329152000""],""ok"":true,""upper"":[""10237536954835548711661316103738728941059890163067"",""639406966332270026714112114313373821099470487552""]}","[""228826782569217198083891976226114262509067"",""14291859410679415465461733512134264881152""]",13.9090829907218,14.291250001406297
31008,1,0,31008_1,77bd122f90f3c9d1e021efc73989815a5a49a35475acd87c3fd984176760f0ef,fdd937a50ec8c4a28c62f2b1ec78ba15e46c7a39d0a01c699522bffc62cd1f36,39c75ee513e4a6561ba26d5df93519b85af6c42334b4156a9f8301ebc5e3b0b2,A_r0_s31008_t1_conic,True,True,COMPLETE_SUCCESS,False,optimal,conic,0,28,False,88.53191600064747,122.7524159985478,122.75537499954225,6.063373577062489e-06,True,True,COLLISION_WITNESSED,4988890205715/18014398509481984,True,True,0.08458299998892471,24.216249999881256,0.31870899692876264,60.378375004802365,2.7052090008510277,33.46412500104634,"[""5293682030099664433865699307"",""7764883315719934492685631488""]","{""axis"":1,""sign"":-1}","{""lower"":[""113374126652542769334143159176091712508040524379223604523284427946208937192902658801186403381031635679962413657769130487024066119664126849946179819324085052723747045554357612567784037162328997448837734834166485056289325770068916485918149501772480838568079918303506173163795675851374503319670673204844177901434961"",""7020897856517998415123264166356056948382235618145550714326926066635511552209250674364397593357936349246901656473812886067510799461114603671118364318673744854243741811836087209618824624465254043000401241915265267396971473498211754844404976389489544748497737933738203009384513425719436621559012655199823404728320""],""ok"":true,""upper"":[""495610003744030629449880324894302984773546010581321"",""30691534383948961282277381487041943412774583402496""]}","[""88794294576118704275740435005124989870831143338137045479"",""4945944027506491725008147255344302435110922786390933504""]",A_r0_s31008_t1_factor,True,True,COMPLETE_SUCCESS,False,optimal,conic,5,28,True,97.50879200146301,132.32387499738252,132.32720799715025,6.063373577062489e-06,True,True,COLLISION_WITNESSED,4988890205715/18014398509481984,True,True,0.06991699774516746,32.46087500156136,0.30741700174985453,60.83812499855412,2.7659589977702126,33.69266600202536,"[""5293682030099664433865699307"",""7764883315719934492685631488""]","{""axis"":1,""sign"":-1}","{""lower"":[""113374126652542769334143159176091712508040524379223604523284427946208937192902658801186403381031635679962413657769130487024066119664126849946179819324085052723747045554357612567784037162328997448837734834166485056289325770068916485918149501772480838568079918303506173163795675851374503319670673204844177901434961"",""7020897856517998415123264166356056948382235618145550714326926066635511552209250674364397593357936349246901656473812886067510799461114603671118364318673744854243741811836087209618824624465254043000401241915265267396971473498211754844404976389489544748497737933738203009384513425719436621559012655199823404728320""],""ok"":true,""upper"":[""495610003744030629449880324894302984773546010581321"",""30691534383948961282277381487041943412774583402496""]}","[""88794294576118704275740435005124989870831143338137045479"",""4945944027506491725008147255344302435110922786390933504""]",8.976876000815537,9.571458998834714
31008,1,1,31008_1,77bd122f90f3c9d1e021efc73989815a5a49a35475acd87c3fd984176760f0ef,fdd937a50ec8c4a28c62f2b1ec78ba15e46c7a39d0a01c699522bffc62cd1f36,39c75ee513e4a6561ba26d5df93519b85af6c42334b4156a9f8301ebc5e3b0b2,A_r1_s31008_t1_conic,True,True,COMPLETE_SUCCESS,False,optimal,conic,0,28,False,89.66095800133189,123.9912919991184,123.99399999412708,6.063373577062489e-06,True,True,COLLISION_WITNESSED,4988890205715/18014398509481984,True,True,0.07791700045345351,23.998541000764817,0.3260000012232922,61.403125000651926,2.8391250016284175,33.57379099907121,"[""5293682030099664433865699307"",""7764883315719934492685631488""]","{""axis"":1,""sign"":-1}","{""lower"":[""113374126652542769334143159176091712508040524379223604523284427946208937192902658801186403381031635679962413657769130487024066119664126849946179819324085052723747045554357612567784037162328997448837734834166485056289325770068916485918149501772480838568079918303506173163795675851374503319670673204844177901434961"",""7020897856517998415123264166356056948382235618145550714326926066635511552209250674364397593357936349246901656473812886067510799461114603671118364318673744854243741811836087209618824624465254043000401241915265267396971473498211754844404976389489544748497737933738203009384513425719436621559012655199823404728320""],""ok"":true,""upper"":[""495610003744030629449880324894302984773546010581321"",""30691534383948961282277381487041943412774583402496""]}","[""88794294576118704275740435005124989870831143338137045479"",""4945944027506491725008147255344302435110922786390933504""]",A_r1_s31008_t1_factor,True,True,COMPLETE_SUCCESS,False,optimal,conic,5,28,True,99.11045800254215,133.86712500505382,133.86958299815888,6.063373577062489e-06,True,True,COLLISION_WITNESSED,4988890205715/18014398509481984,True,True,0.0662079983158037,32.77837500354508,0.323041997035034,62.01158300245879,2.761791998636909,33.68716599652544,"[""5293682030099664433865699307"",""7764883315719934492685631488""]","{""axis"":1,""sign"":-1}","{""lower"":[""113374126652542769334143159176091712508040524379223604523284427946208937192902658801186403381031635679962413657769130487024066119664126849946179819324085052723747045554357612567784037162328997448837734834166485056289325770068916485918149501772480838568079918303506173163795675851374503319670673204844177901434961"",""7020897856517998415123264166356056948382235618145550714326926066635511552209250674364397593357936349246901656473812886067510799461114603671118364318673744854243741811836087209618824624465254043000401241915265267396971473498211754844404976389489544748497737933738203009384513425719436621559012655199823404728320""],""ok"":true,""upper"":[""495610003744030629449880324894302984773546010581321"",""30691534383948961282277381487041943412774583402496""]}","[""88794294576118704275740435005124989870831143338137045479"",""4945944027506491725008147255344302435110922786390933504""]",9.449500001210254,9.87583300593542
31008,2,0,31008_2,4dc3c277185763ac487b224e02b1eaf3de5a9db94a73e5ab95de47fa3af1fdd0,fdd937a50ec8c4a28c62f2b1ec78ba15e46c7a39d0a01c699522bffc62cd1f36,39c75ee513e4a6561ba26d5df93519b85af6c42334b4156a9f8301ebc5e3b0b2,A_r0_s31008_t2_conic,True,True,COMPLETE_SUCCESS,False,optimal,conic,0,27,False,102.936540999508,136.954000001424,136.95662499958416,2.370292976224184e-05,True,True,COLLISION_WITNESSED,780706729491/18014398509481984,True,True,0.06495800334960222,23.692208000284154,0.31241599936038256,75.1062080016709,2.99220799934119,33.271833999606315,"[""5001731454023066514372353775"",""7764883315719934492685631488""]","{""axis"":1,""sign"":-1}","{""lower"":[""128264753831888471601675640072466647001015519785418212696152437448693969279111255784799837230849525990862481949067711743808871601738193776960406412879025334046744325278304752526659895242776180101137358899958787396559805633676063663633629301131531880571749265913097310771148627026900235442180247425126118959"",""7895618833460810133407032181011779527877046761439674698551750391161954701632307487469356244911865463416495497395110001188793435024362774079102320044425183004762227040738634252451548431133911445534110423585861933998105007662555028538987781482935540432805991786133370474261305023462363671252161240498176000""],""ok"":true,""upper"":[""1947602964919066555834257789721928607991281324961"",""119888806187300630008896021433757591456150716416""]}","[""86473794006434285087925449285200653388679757771271758719"",""4945944027506491725008147255344302435110922786390933504""]",A_r0_s31008_t2_factor,True,True,COMPLETE_SUCCESS,False,stationary,factor,5,0,False,76.25254199956544,114.0288749957108,114.03166699892608,1.587668358014376e-08,True,True,COLLISION_WITNESSED,830236446227/18014398509481984,True,True,0.06629199924645945,6.072624993976206,0.19837499712593853,66.03012500272598,3.0104999968898483,37.02779200102668,"[""5001721820466241536372128625"",""7764883315719934492685631488""]","{""axis"":1,""sign"":-1}","{""lower"":[""958072079411737577471600321467916324146160764948681133636916484310046893976307709013071717854097034020115516731436364226799190232987339721745066184972228594581727891563994191492630357682664036463055257357126437080903402907389914387438153387808255068398391354329556744389916062614145078235739473202647553368488825021455591378102288484085963"",""58976146639657759800150733975595212752550286592314585225357241534121968406496879608675457596432540644157482309047854298378960848762091284150890020973071689491179401667064703610110479869149995346064412630415135911982398435216977207578105140911837359812267959836961851309844837020565697867529784047729818223582322628647167096262560359383040""],""ok"":true,""upper"":[""16583740397977541929668531375912179906273"",""1020847100762815390390123822295304634368""]}","[""28824599333045321245949806964796471867971399618329267093"",""1648648009168830575002715751781434145036974262130311168""]",-26.68399899994256,-22.9251250057132
31008,2,1,31008_2,4dc3c277185763ac487b224e02b1eaf3de5a9db94a73e5ab95de47fa3af1fdd0,fdd937a50ec8c4a28c62f2b1ec78ba15e46c7a39d0a01c699522bffc62cd1f36,39c75ee513e4a6561ba26d5df93519b85af6c42334b4156a9f8301ebc5e3b0b2,A_r1_s31008_t2_conic,True,True,COMPLETE_SUCCESS,False,optimal,conic,0,27,False,93.59016599773895,127.62845799443312,127.63233299483545,2.370292976224184e-05,True,True,COLLISION_WITNESSED,780706729491/18014398509481984,True,True,0.06441599543904886,23.784791999787558,0.2901659972849302,65.6321670030593,2.984624996315688,33.25420799956191,"[""5001731454023066514372353775"",""7764883315719934492685631488""]","{""axis"":1,""sign"":-1}","{""lower"":[""128264753831888471601675640072466647001015519785418212696152437448693969279111255784799837230849525990862481949067711743808871601738193776960406412879025334046744325278304752526659895242776180101137358899958787396559805633676063663633629301131531880571749265913097310771148627026900235442180247425126118959"",""7895618833460810133407032181011779527877046761439674698551750391161954701632307487469356244911865463416495497395110001188793435024362774079102320044425183004762227040738634252451548431133911445534110423585861933998105007662555028538987781482935540432805991786133370474261305023462363671252161240498176000""],""ok"":true,""upper"":[""1947602964919066555834257789721928607991281324961"",""119888806187300630008896021433757591456150716416""]}","[""86473794006434285087925449285200653388679757771271758719"",""4945944027506491725008147255344302435110922786390933504""]",A_r1_s31008_t2_factor,True,True,COMPLETE_SUCCESS,False,stationary,factor,5,0,False,77.68800000485498,114.82370800513308,114.8263750001206,1.587668358014376e-08,True,True,COLLISION_WITNESSED,830236446227/18014398509481984,True,True,0.0677920033922419,6.164833001093939,0.200250004127156,67.34233399765799,3.0568330039386638,36.38183300063247,"[""5001721820466241536372128625"",""7764883315719934492685631488""]","{""axis"":1,""sign"":-1}","{""lower"":[""958072079411737577471600321467916324146160764948681133636916484310046893976307709013071717854097034020115516731436364226799190232987339721745066184972228594581727891563994191492630357682664036463055257357126437080903402907389914387438153387808255068398391354329556744389916062614145078235739473202647553368488825021455591378102288484085963"",""58976146639657759800150733975595212752550286592314585225357241534121968406496879608675457596432540644157482309047854298378960848762091284150890020973071689491179401667064703610110479869149995346064412630415135911982398435216977207578105140911837359812267959836961851309844837020565697867529784047729818223582322628647167096262560359383040""],""ok"":true,""upper"":[""16583740397977541929668531375912179906273"",""1020847100762815390390123822295304634368""]}","[""28824599333045321245949806964796471867971399618329267093"",""1648648009168830575002715751781434145036974262130311168""]",-15.902165992883965,-12.804749989300035
31008,3,0,31008_3,db88b14ebb50a80e087acc5f8d38505380cab34d8d4d134f3505ca962b7642df,fdd937a50ec8c4a28c62f2b1ec78ba15e46c7a39d0a01c699522bffc62cd1f36,39c75ee513e4a6561ba26d5df93519b85af6c42334b4156a9f8301ebc5e3b0b2,A_r0_s31008_t3_conic,True,True,COMPLETE_SUCCESS,False,optimal,conic,0,30,False,90.84916600113502,124.95579099777387,124.95850000414066,2.5521413510330766e-05,True,True,COLLISION_WITNESSED,986929516051/18014398509481984,True,True,0.06179100455483422,25.901417000568472,0.3363330033607781,60.93683300423436,2.8198750005685724,33.349624995025806,"[""682307938362747184678373211"",""970610414464991811585703936""]","{""axis"":1,""sign"":-1}","{""lower"":[""2291546862543194624117203458624399644298988817402826717221853420532019516549602472595459897178086937504290033561290805791712137300758341747461503651892748646658500922937006571660956057158228074777878715531670033048448267517443227001998648316444942028270551436783618323532109213620437064037595874795556223791"",""141322670478624247076391076969673052027155844746483254139668112789998546848141389859332084297629811640421741660179089660278931847678224568711585183561085138620046070488920944393541564923878955767943116794402995761726891267708485408498903619136675153793053440782052521508678776298351485666302356059492188160""],""ok"":true,""upper"":[""485999962269997217706462808704557860719481804249"",""29972201546825157502224005358439397864037679104""]}","[""1331424441410174988375720350527928537440775762199363911"",""77280375429788933203252300864754725548608168537358336""]",A_r0_s31008_t3_factor,True,True,COMPLETE_SUCCESS,False,stationary,factor,9,0,False,18.13475000381004,49.71308300446253,49.717583002347965,1.5178293125887965e-08,False,False,NO_NEGATIVE_WITNESS_FOUND,191263/36028797018963968,True,True,0.06275000487221405,9.635833004722372,0.20429200230864808,2.747833001194522,4.932582996843848,30.989083999884315,"[""0"",""1""]","{""axis"":null,""sign"":null}","{""lower"":[""17354797151016639617423407952616566012504661816559037721086840279239954641784601259301707492930693012718877464162242922069574681008130362595227649078638317513297174823876956499985818911097586298072628410145147953737948073526911214331041848068698554054442075489857001155754555863850570877941576267352715323245753192541481980238815500328500577"",""1070291191983960158500264753825384475702669127212642925083924419963095780094241309812102117632031257017565701071683065901084116102055124242301661236711663435142976878219397719452932679281574752691126840131923679942214537790961295524467042078269585499697510269448952751079438307610644465277940942599796113586598762811601293588694591539773440""],""ok"":true,""upper"":[""10124999205769829896629266415109191247899133303"",""624420865558857447963000111634154122167451648""]}","[""1853942725665862407794438725575007757292631"",""114334875285435323723693868097074119049216""]",-72.71441599732498,-75.24270799331134
31008,3,1,31008_3,db88b14ebb50a80e087acc5f8d38505380cab34d8d4d134f3505ca962b7642df,fdd937a50ec8c4a28c62f2b1ec78ba15e46c7a39d0a01c699522bffc62cd1f36,39c75ee513e4a6561ba26d5df93519b85af6c42334b4156a9f8301ebc5e3b0b2,A_r1_s31008_t3_conic,True,True,COMPLETE_SUCCESS,False,optimal,conic,0,30,False,90.7266670037643,125.25904199719662,125.26220900326734,2.5521413510330766e-05,True,True,COLLISION_WITNESSED,986929516051/18014398509481984,True,True,0.06083399784984067,25.75983299902873,0.291000003926456,60.7875419955235,2.982332996907644,33.74329199868953,"[""682307938362747184678373211"",""970610414464991811585703936""]","{""axis"":1,""sign"":-1}","{""lower"":[""2291546862543194624117203458624399644298988817402826717221853420532019516549602472595459897178086937504290033561290805791712137300758341747461503651892748646658500922937006571660956057158228074777878715531670033048448267517443227001998648316444942028270551436783618323532109213620437064037595874795556223791"",""141322670478624247076391076969673052027155844746483254139668112789998546848141389859332084297629811640421741660179089660278931847678224568711585183561085138620046070488920944393541564923878955767943116794402995761726891267708485408498903619136675153793053440782052521508678776298351485666302356059492188160""],""ok"":true,""upper"":[""485999962269997217706462808704557860719481804249"",""29972201546825157502224005358439397864037679104""]}","[""1331424441410174988375720350527928537440775762199363911"",""77280375429788933203252300864754725548608168537358336""]",A_r1_s31008_t3_factor,True,True,COMPLETE_SUCCESS,False,stationary,factor,9,0,False,18.7495830032276,50.998666003579274,51.00166600459488,1.5178293125887965e-08,False,False,NO_NEGATIVE_WITNESS_FOUND,191263/36028797018963968,True,True,0.0622080042376183,10.091167001519352,0.19491700368234888,2.685874998860527,5.152166006155312,31.657625004299916,"[""0"",""1""]","{""axis"":null,""sign"":null}","{""lower"":[""17354797151016639617423407952616566012504661816559037721086840279239954641784601259301707492930693012718877464162242922069574681008130362595227649078638317513297174823876956499985818911097586298072628410145147953737948073526911214331041848068698554054442075489857001155754555863850570877941576267352715323245753192541481980238815500328500577"",""1070291191983960158500264753825384475702669127212642925083924419963095780094241309812102117632031257017565701071683065901084116102055124242301661236711663435142976878219397719452932679281574752691126840131923679942214537790961295524467042078269585499697510269448952751079438307610644465277940942599796113586598762811601293588694591539773440""],""ok"":true,""upper"":[""10124999205769829896629266415109191247899133303"",""624420865558857447963000111634154122167451648""]}","[""1853942725665862407794438725575007757292631"",""114334875285435323723693868097074119049216""]",-71.9770840005367,-74.26037599361734
31008,4,0,31008_4,d522736cced0fd4c7e72122a7f5adab9ae4c2f5416ba1fa8a5d1ee79e7d6daeb,fdd937a50ec8c4a28c62f2b1ec78ba15e46c7a39d0a01c699522bffc62cd1f36,39c75ee513e4a6561ba26d5df93519b85af6c42334b4156a9f8301ebc5e3b0b2,A_r0_s31008_t4_conic,True,True,COMPLETE_SUCCESS,False,optimal,conic,0,28,False,32.33387500222307,66.38754100276856,66.3903750028112,3.3957996367155956e-06,False,False,NO_NEGATIVE_WITNESS_FOUND,642579/18014398509481984,True,True,0.07124999683583155,23.688250003033318,0.2916669982369058,2.8113750013289973,4.888082999968901,33.44729200034635,"[""0"",""1""]","{""axis"":null,""sign"":null}","{""lower"":[""21449769437220765943799266108436896466790585509763427726723442759175128833348890744339021877716057051277395709880576958797950804934109358243092988375232549510012279425897516489750833936153612150547701965545511408453017310644302808113728469564232760997134048690169963563082362499633203420416208735231813872474177507427543"",""1323818880926187338356910047588938274511279222537285401549823850524287073453525607342392268532799372804642628365605312568994101703809872842962112327873474111189311397214010321456589049781784120275058937483220893576613302613391484003587381230742943485810300978637505283541482327400677760993730263897112325262638569226240""],""ok"":true,""upper"":[""370010016270655508818666676003487555988914139459"",""22835963083295358096932575511191922182123945984""]}","[""4824381533378022423501456248115533402889"",""297747071055821155530452781502797185024""]",A_r0_s31008_t4_factor,True,True,COMPLETE_SUCCESS,False,stationary,factor,4,0,False,68.5137910040794,101.57216600055108,101.57462500501424,1.5073291335140896e-08,True,True,COLLISION_WITNESSED,1000759430675/18014398509481984,True,True,0.05879100353922695,4.88795799901709,0.20854199829045683,59.69616700167535,2.8485410002758726,32.2289589967113,"[""42819914726707120954404309"",""60663150904061988224106496""]","{""axis"":1,""sign"":-1}","{""lower"":[""5049063679378875810500502784361351036527193079933872470252949018313005840866522163810733335623992028567605353358370125095670727927363862493197882680671126758149630587814850295786717246155234573013206559068165097227215095473524667745401149511052956869172963091486397299723139931631913919169425259527967730068525353699000606931301741674776267653"",""311613812697110839546140846124234387346904169720949171562295673097258723539785731832107792332071026642391030250975488470800794766376926980132136623448772871466541694197625471358487250686570116510256436431859770438814435304243729911392646523608386317613888676212541528022210798727651211643514554852141813953671961986791785364393670638095564800""],""ok"":true,""upper"":[""177988262918706613829819545529103030028256024356718816158153"",""10984928036926691336712631490613416228179122027812060397568""]}","[""5169946709701794739799544406894690828119676751921251"",""301876466522613020325204300252948146674250658349056""]",36.17991600185633,35.18462499778252
31008,4,1,31008_4,d522736cced0fd4c7e72122a7f5adab9ae4c2f5416ba1fa8a5d1ee79e7d6daeb,fdd937a50ec8c4a28c62f2b1ec78ba15e46c7a39d0a01c699522bffc62cd1f36,39c75ee513e4a6561ba26d5df93519b85af6c42334b4156a9f8301ebc5e3b0b2,A_r1_s31008_t4_conic,True,True,COMPLETE_SUCCESS,False,optimal,conic,0,28,False,34.79620900179725,69.9782090014196,69.98091700370423,3.3957996367155956e-06,False,False,NO_NEGATIVE_WITNESS_FOUND,642579/18014398509481984,True,True,0.07120900409063324,24.70216600340791,0.39541599835501984,3.735582999070175,5.269250003038906,34.613083000294864,"[""0"",""1""]","{""axis"":null,""sign"":null}","{""lower"":[""21449769437220765943799266108436896466790585509763427726723442759175128833348890744339021877716057051277395709880576958797950804934109358243092988375232549510012279425897516489750833936153612150547701965545511408453017310644302808113728469564232760997134048690169963563082362499633203420416208735231813872474177507427543"",""1323818880926187338356910047588938274511279222537285401549823850524287073453525607342392268532799372804642628365605312568994101703809872842962112327873474111189311397214010321456589049781784120275058937483220893576613302613391484003587381230742943485810300978637505283541482327400677760993730263897112325262638569226240""],""ok"":true,""upper"":[""370010016270655508818666676003487555988914139459"",""22835963083295358096932575511191922182123945984""]}","[""4824381533378022423501456248115533402889"",""297747071055821155530452781502797185024""]",A_r1_s31008_t4_factor,True,True,COMPLETE_SUCCESS,False,stationary,factor,4,0,False,68.9970839957823,101.90929199598031,101.91304199543083,1.5073291335140896e-08,True,True,COLLISION_WITNESSED,1000759430675/18014398509481984,True,True,0.06662499799858779,5.063625001639593,0.22941699717193842,59.79962499986868,2.869916002964601,31.963458000973333,"[""42819914726707120954404309"",""60663150904061988224106496""]","{""axis"":1,""sign"":-1}","{""lower"":[""5049063679378875810500502784361351036527193079933872470252949018313005840866522163810733335623992028567605353358370125095670727927363862493197882680671126758149630587814850295786717246155234573013206559068165097227215095473524667745401149511052956869172963091486397299723139931631913919169425259527967730068525353699000606931301741674776267653"",""311613812697110839546140846124234387346904169720949171562295673097258723539785731832107792332071026642391030250975488470800794766376926980132136623448772871466541694197625471358487250686570116510256436431859770438814435304243729911392646523608386317613888676212541528022210798727651211643514554852141813953671961986791785364393670638095564800""],""ok"":true,""upper"":[""177988262918706613829819545529103030028256024356718816158153"",""10984928036926691336712631490613416228179122027812060397568""]}","[""5169946709701794739799544406894690828119676751921251"",""301876466522613020325204300252948146674250658349056""]",34.20087499398505,31.93108299456071
31008,5,0,31008_5,3e5fc1f9b49edd89e79b939d384208f6639ea90be67a63c67276802074fb5e70,fdd937a50ec8c4a28c62f2b1ec78ba15e46c7a39d0a01c699522bffc62cd1f36,39c75ee513e4a6561ba26d5df93519b85af6c42334b4156a9f8301ebc5e3b0b2,A_r0_s31008_t5_conic,True,True,COMPLETE_SUCCESS,False,optimal,conic,0,32,False,94.78808299900265,128.81083299726015,128.81370799732395,3.4802486695102717e-06,True,True,COLLISION_WITNESSED,308986416659/18014398509481984,True,True,0.062083003285806626,26.674125001591165,0.34625000262167305,63.90183299663477,2.967000000353437,33.23650000675116,"[""43195657044990985683223095"",""60663150904061988224106496""]","{""axis"":1,""sign"":-1}","{""lower"":[""493663502111821365694493488202855200947480164823511552193657080994058921257615571148891369083673574527410567600887337984664550952375408488107584755021747151232381234347443774812833924327555006176734017608152939346894004501913430587963957241098173283753446185272939672749893814020634244642484077847955481848034605641885281"",""30380251105020025445713083462280685175578141537720116684415904526909038010502167332334077682814823846034430390143629484556337286987525915255667981370445777620100604618258492873113580423092857687408036942685225336477200962263642958109215798597810058420837308375603474821602541108943586687717505709487170707872150957588480""],""ok"":true,""upper"":[""1948132041363916150573026559689180616436712277721"",""119888806187300630008896021433757591456150716416""]}","[""1720972295790695569020569591664999028752010879178817"",""100625488840871006775068100084316048891416886116352""]",A_r0_s31008_t5_factor,True,True,COMPLETE_SUCCESS,False,stationary,factor,4,0,False,71.64970799931325,104.63608300051419,104.6384580040467,1.5030504980419846e-08,True,True,COLLISION_WITNESSED,295891029523/18014398509481984,True,True,0.06462500459747389,5.052458000136539,0.20645799668272957,62.605457998870406,2.9668749994016252,32.204458002524916,"[""86391284960486251667473695"",""121326301808123976448212992""]","{""axis"":1,""sign"":-1}","{""lower"":[""229169858157696831001748558423374519290223775747740590845025836271697052972201803643151357101992150037692601769911933272407779601923058430632047209126006196915188424423824367853175483997388010113098705168479133321599047422621058758718765403764478877671913924113510651332545779962379581984629063130576692215106002460089754515497771636009782563420729"",""14103202531068981877350152273739210587525593023426615066441683057868635026827653866088969632245041180264994357567991180637061222611489639378515057229931344101114769670627362966610929309211041600629950011852561894779967673714514975258059904799915480851046067574501649097619398423471325786094332730753866693952525364817717098919667766593169244815360""],""ok"":true,""upper"":[""45157499452856273091848271987540235479266155723383769627806332387874428329081049"",""2779010141695588690165703640208509788478479631975373536946982016189915111358464""]}","[""20651662299973702630998574266444316373337273464932189"",""1207505866090452081300817201011792586697002633396224""]",-23.138374999689404,-24.17474999674596
31008,5,1,31008_5,3e5fc1f9b49edd89e79b939d384208f6639ea90be67a63c67276802074fb5e70,fdd937a50ec8c4a28c62f2b1ec78ba15e46c7a39d0a01c699522bffc62cd1f36,39c75ee513e4a6561ba26d5df93519b85af6c42334b4156a9f8301ebc5e3b0b2,A_r1_s31008_t5_conic,True,True,COMPLETE_SUCCESS,False,optimal,conic,0,32,False,95.37450000061654,129.93941600143444,129.9418330017943,3.4802486695102717e-06,True,True,COLLISION_WITNESSED,308986416659/18014398509481984,True,True,0.0686249986756593,26.63925000524614,0.2977089970954694,64.55479199939873,2.993458001583349,33.69679200113751,"[""43195657044990985683223095"",""60663150904061988224106496""]","{""axis"":1,""sign"":-1}","{""lower"":[""493663502111821365694493488202855200947480164823511552193657080994058921257615571148891369083673574527410567600887337984664550952375408488107584755021747151232381234347443774812833924327555006176734017608152939346894004501913430587963957241098173283753446185272939672749893814020634244642484077847955481848034605641885281"",""30380251105020025445713083462280685175578141537720116684415904526909038010502167332334077682814823846034430390143629484556337286987525915255667981370445777620100604618258492873113580423092857687408036942685225336477200962263642958109215798597810058420837308375603474821602541108943586687717505709487170707872150957588480""],""ok"":true,""upper"":[""1948132041363916150573026559689180616436712277721"",""119888806187300630008896021433757591456150716416""]}","[""1720972295790695569020569591664999028752010879178817"",""100625488840871006775068100084316048891416886116352""]",A_r1_s31008_t5_factor,True,True,COMPLETE_SUCCESS,False,stationary,factor,4,0,False,73.49537499976577,106.9634160012356,106.96641600225121,1.5030504980419846e-08,True,True,COLLISION_WITNESSED,295891029523/18014398509481984,True,True,0.07991600432433188,5.085458004032262,0.20616700203390792,64.23454199830303,2.9975420038681477,32.702040996809956,"[""86391284960486251667473695"",""121326301808123976448212992""]","{""axis"":1,""sign"":-1}","{""lower"":[""229169858157696831001748558423374519290223775747740590845025836271697052972201803643151357101992150037692601769911933272407779601923058430632047209126006196915188424423824367853175483997388010113098705168479133321599047422621058758718765403764478877671913924113510651332545779962379581984629063130576692215106002460089754515497771636009782563420729"",""14103202531068981877350152273739210587525593023426615066441683057868635026827653866088969632245041180264994357567991180637061222611489639378515057229931344101114769670627362966610929309211041600629950011852561894779967673714514975258059904799915480851046067574501649097619398423471325786094332730753866693952525364817717098919667766593169244815360""],""ok"":true,""upper"":[""45157499452856273091848271987540235479266155723383769627806332387874428329081049"",""2779010141695588690165703640208509788478479631975373536946982016189915111358464""]}","[""20651662299973702630998574266444316373337273464932189"",""1207505866090452081300817201011792586697002633396224""]",-21.879125000850763,-22.976000000198837
31008,6,0,31008_6,e08d1a5ea168a81691e5ce847d0465d68e697e2a01d46fe1b68bd7db4556b950,fdd937a50ec8c4a28c62f2b1ec78ba15e46c7a39d0a01c699522bffc62cd1f36,39c75ee513e4a6561ba26d5df93519b85af6c42334b4156a9f8301ebc5e3b0b2,A_r0_s31008_t6_conic,True,True,COMPLETE_SUCCESS,False,optimal,conic,0,31,False,94.96029200090561,129.01449999480974,129.0174589958042,1.7279907178925596e-05,True,True,COLLISION_WITNESSED,646166433299/18014398509481984,True,True,0.06745899736415595,26.071332998981234,0.29120800172677264,64.82087499898626,2.8945829981239513,33.27495800476754,"[""349625555564139312344028891"",""485305207232495905792851968""]","{""axis"":1,""sign"":-1}","{""lower"":[""142983629649490608824170070386141633433789947945789284876574302209601004202230846922331317014113395242151900330786626709146350651527027294358449032956962661243261819933714897014241989791326902404078063393448501003976719421216256086731219137053619947787145466729355044836140274169864479477159772662071196582980537199"",""8770250673957779585275967467453075697782557391737809645766496743171479424903801193893463269283230649087336447246616686634153597940955378943177736192026105694875739682589881062140066140692525701297717520280273876520456511272890160113700750898939422587149543213006692661071458358948301192735108369728845149603102720""],""ok"":true,""upper"":[""2606106403617239841307421489174004543093678313253"",""159851741583067506678528028578343455274867621888""]}","[""330049939202818571920599004683424144327755453476841799"",""19320093857447233300813075216188681387152042134339584""]",A_r0_s31008_t6_factor,True,True,COMPLETE_SUCCESS,False,optimal,conic,4,31,True,108.23058399546426,143.06358399335295,143.06620899878908,1.7279907178925596e-05,True,True,COLLISION_WITNESSED,646166433299/18014398509481984,True,True,0.07154199556680396,33.9020830069785,0.28558400663314387,69.86412500555161,2.958166995085776,33.682708999549504,"[""349625555564139312344028891"",""485305207232495905792851968""]","{""axis"":1,""sign"":-1}","{""lower"":[""142983629649490608824170070386141633433789947945789284876574302209601004202230846922331317014113395242151900330786626709146350651527027294358449032956962661243261819933714897014241989791326902404078063393448501003976719421216256086731219137053619947787145466729355044836140274169864479477159772662071196582980537199"",""8770250673957779585275967467453075697782557391737809645766496743171479424903801193893463269283230649087336447246616686634153597940955378943177736192026105694875739682589881062140066140692525701297717520280273876520456511272890160113700750898939422587149543213006692661071458358948301192735108369728845149603102720""],""ok"":true,""upper"":[""2606106403617239841307421489174004543093678313253"",""159851741583067506678528028578343455274867621888""]}","[""330049939202818571920599004683424144327755453476841799"",""19320093857447233300813075216188681387152042134339584""]",13.270291994558647,14.04908399854321
31008,6,1,31008_6,e08d1a5ea168a81691e5ce847d0465d68e697e2a01d46fe1b68bd7db4556b950,fdd937a50ec8c4a28c62f2b1ec78ba15e46c7a39d0a01c699522bffc62cd1f36,39c75ee513e4a6561ba26d5df93519b85af6c42334b4156a9f8301ebc5e3b0b2,A_r1_s31008_t6_conic,True,True,COMPLETE_SUCCESS,False,optimal,conic,0,31,False,95.76304200163577,129.7885829990264,129.79141699906904,1.7279907178925596e-05,True,True,COLLISION_WITNESSED,646166433299/18014398509481984,True,True,0.06462499732151628,26.18154199444689,0.3349999969941564,65.28816699574236,3.047125006560236,33.20170799997868,"[""349625555564139312344028891"",""485305207232495905792851968""]","{""axis"":1,""sign"":-1}","{""lower"":[""142983629649490608824170070386141633433789947945789284876574302209601004202230846922331317014113395242151900330786626709146350651527027294358449032956962661243261819933714897014241989791326902404078063393448501003976719421216256086731219137053619947787145466729355044836140274169864479477159772662071196582980537199"",""8770250673957779585275967467453075697782557391737809645766496743171479424903801193893463269283230649087336447246616686634153597940955378943177736192026105694875739682589881062140066140692525701297717520280273876520456511272890160113700750898939422587149543213006692661071458358948301192735108369728845149603102720""],""ok"":true,""upper"":[""2606106403617239841307421489174004543093678313253"",""159851741583067506678528028578343455274867621888""]}","[""330049939202818571920599004683424144327755453476841799"",""19320093857447233300813075216188681387152042134339584""]",A_r1_s31008_t6_factor,True,True,COMPLETE_SUCCESS,False,optimal,conic,4,31,True,101.8306659971131,136.4575409970712,136.46049999806564,1.7279907178925596e-05,True,True,COLLISION_WITNESSED,646166433299/18014398509481984,True,True,0.0629579953965731,33.52670899766963,0.3108750024694018,63.868000004731584,2.9280420058057643,33.537832998263184,"[""349625555564139312344028891"",""485305207232495905792851968""]","{""axis"":1,""sign"":-1}","{""lower"":[""142983629649490608824170070386141633433789947945789284876574302209601004202230846922331317014113395242151900330786626709146350651527027294358449032956962661243261819933714897014241989791326902404078063393448501003976719421216256086731219137053619947787145466729355044836140274169864479477159772662071196582980537199"",""8770250673957779585275967467453075697782557391737809645766496743171479424903801193893463269283230649087336447246616686634153597940955378943177736192026105694875739682589881062140066140692525701297717520280273876520456511272890160113700750898939422587149543213006692661071458358948301192735108369728845149603102720""],""ok"":true,""upper"":[""2606106403617239841307421489174004543093678313253"",""159851741583067506678528028578343455274867621888""]}","[""330049939202818571920599004683424144327755453476841799"",""19320093857447233300813075216188681387152042134339584""]",6.067623995477334,6.668957998044789
31008,7,0,31008_7,b3f9b4f8868f42fdded384200082ec4f318f7e38fb0180cc4aa9fe817c93178b,fdd937a50ec8c4a28c62f2b1ec78ba15e46c7a39d0a01c699522bffc62cd1f36,39c75ee513e4a6561ba26d5df93519b85af6c42334b4156a9f8301ebc5e3b0b2,A_r0_s31008_t7_conic,True,True,COMPLETE_SUCCESS,False,optimal,conic,0,29,False,93.79287499905331,128.0015829979675,128.00462499581045,1.7822293546135878e-05,True,True,COLLISION_WITNESSED,1211135004179/18014398509481984,True,True,0.07658299728063866,24.443750000500586,0.2828330034390092,65.39945899567101,2.8283749998081475,33.361791996867396,"[""354974425109081654165613783"",""485305207232495905792851968""]","{""axis"":1,""sign"":-1}","{""lower"":[""346139768400084544738028871364887593959093519438366826722339312368360412176852737733586566987701958429558274098101523369801755171351713722304139350369392283378517728965534954780354425680680285178894105009743613983523545382132024976802928268393696123404094706741079864167778497297232020233724010794433024713346033"",""21187231955380066382409543578836251404255037095733901938041715534486890784973304608075388703976644015167710632115716358956676255817283330485453608737596552280858469824688655827637196422477248708443801219026985765145036297904868882090337276517469822905367312411088962839438877376730868426503863520813555059261440""],""ok"":true,""upper"":[""1958647970884084293394948137632613047955911294041"",""119888806187300630008896021433757591456150716416""]}","[""110131018837212595256844204737100663611566941295477573"",""6440031285815744433604358405396227129050680711446528""]",A_r0_s31008_t7_factor,True,True,COMPLETE_SUCCESS,False,stationary,factor,3,0,False,73.49675000295974,109.21375000179978,109.21666700596688,2.8284469191655072e-08,True,True,COLLISION_WITNESSED,1252100181523/18014398509481984,True,True,0.06500000017695129,4.367624998849351,0.20766699890373275,65.14787500054808,2.8909999964525923,34.9630829950911,"[""709950898409090712961733289"",""970610414464991811585703936""]","{""axis"":1,""sign"":-1}","{""lower"":[""86265926640425108426075341052308220129222044236831627661123268471310014217380020651574912368401920834353950418471913839443621499098053766710860224777461612749861427857152100804136768759997280276225145006663444120479902773349845964039152193137136122440089772728504725484454003692574715247778247346764985848979874202161668027652920693051736241293637"",""5280335787429211736630211239210228857056928185823586636894534547688036109978794694346290000119732312802716491710493164524807620649483863348719929122621881948036960379064052814595238778931556981954052394968233898071596989078448338347664695725382045154469946604702077774055428797686203535260652503688215362890318500567316521210149139587502985707520""],""ok"":true,""upper"":[""489661992807784182233580040126564376376340024489"",""29972201546825157502224005358439397864037679104""]}","[""1321572369941588669737843117449012281392439216852708111"",""77280375429788933203252300864754725548608168537358336""]",-20.296124996093567,-18.787832996167708
31008,7,1,31008_7,b3f9b4f8868f42fdded384200082ec4f318f7e38fb0180cc4aa9fe817c93178b,fdd937a50ec8c4a28c62f2b1ec78ba15e46c7a39d0a01c699522bffc62cd1f36,39c75ee513e4a6561ba26d5df93519b85af6c42334b4156a9f8301ebc5e3b0b2,A_r1_s31008_t7_conic,True,True,COMPLETE_SUCCESS,False,optimal,conic,0,29,False,93.62304199748905,127.87275000300724,127.87541699799476,1.7822293546135878e-05,True,True,COLLISION_WITNESSED,1211135004179/18014398509481984,True,True,0.06533400301123038,24.615541005914565,0.30783299735048786,65.06754200381692,2.7431249982328154,33.47129200119525,"[""354974425109081654165613783"",""485305207232495905792851968""]","{""axis"":1,""sign"":-1}","{""lower"":[""346139768400084544738028871364887593959093519438366826722339312368360412176852737733586566987701958429558274098101523369801755171351713722304139350369392283378517728965534954780354425680680285178894105009743613983523545382132024976802928268393696123404094706741079864167778497297232020233724010794433024713346033"",""21187231955380066382409543578836251404255037095733901938041715534486890784973304608075388703976644015167710632115716358956676255817283330485453608737596552280858469824688655827637196422477248708443801219026985765145036297904868882090337276517469822905367312411088962839438877376730868426503863520813555059261440""],""ok"":true,""upper"":[""1958647970884084293394948137632613047955911294041"",""119888806187300630008896021433757591456150716416""]}","[""110131018837212595256844204737100663611566941295477573"",""6440031285815744433604358405396227129050680711446528""]",A_r1_s31008_t7_factor,True,True,COMPLETE_SUCCESS,False,stationary,factor,3,0,False,74.65629199577961,111.0185419966001,111.0249589983141,2.8284469191655072e-08,True,True,COLLISION_WITNESSED,1252100181523/18014398509481984,True,True,0.1252919973921962,4.017666993604507,0.1973329999600537,66.6211670031771,2.855042002920527,35.549415995774325,"[""709950898409090712961733289"",""970610414464991811585703936""]","{""axis"":1,""sign"":-1}","{""lower"":[""86265926640425108426075341052308220129222044236831627661123268471310014217380020651574912368401920834353950418471913839443621499098053766710860224777461612749861427857152100804136768759997280276225145006663444120479902773349845964039152193137136122440089772728504725484454003692574715247778247346764985848979874202161668027652920693051736241293637"",""5280335787429211736630211239210228857056928185823586636894534547688036109978794694346290000119732312802716491710493164524807620649483863348719929122621881948036960379064052814595238778931556981954052394968233898071596989078448338347664695725382045154469946604702077774055428797686203535260652503688215362890318500567316521210149139587502985707520""],""ok"":true,""upper"":[""489661992807784182233580040126564376376340024489"",""29972201546825157502224005358439397864037679104""]}","[""1321572369941588669737843117449012281392439216852708111"",""77280375429788933203252300864754725548608168537358336""]",-18.966750001709443,-16.854208006407134
31009,0,0,31009_0,4d5c406d383063b52fd37b4570f54d1ce28886c5f009384d305553fe4520c23c,fdd937a50ec8c4a28c62f2b1ec78ba15e46c7a39d0a01c699522bffc62cd1f36,39c75ee513e4a6561ba26d5df93519b85af6c42334b4156a9f8301ebc5e3b0b2,A_r0_s31009_t0_conic,True,True,COMPLETE_SUCCESS,False,optimal,conic,0,28,False,151.6620830007014,186.01995799690485,186.02258299506502,1.1290626587149703e-06,True,True,COLLISION_WITNESSED,751463052747/18014398509481984,True,True,32.775332998426165,49.457084001915064,0.30545800109393895,65.56312500470085,2.8395830013323575,33.653375001449604,"[""411049069693976925766485"",""990544703980805301444018176""]","{""axis"":1,""sign"":-1}","{""lower"":[""232905343123399918799557597464339310203910733723860065547627718401152008509317549072308389083570570408307728863943350571683714671675241780762534529423165685577130773656002247907695623379186463335051762245725660132755324712145367465604408063665878544175746394693861499958533056383867734499981251151664396868283133730847733162381"",""14395489375587241652543656718396938257058582520836416095865597508753284508056564179125240365146244517813462874777793619675231621648538620710234524393077054058390474451635724668927183148110357477766020542874360129787459390393189794467105317450174277626564661374008320604467809263236793953917921168530667832662499661629536337920""],""ok"":true,""upper"":[""121230445705023321429828309734307700318783806331"",""7493050386706289375556001339609849466009419776""]}","[""1302254585556382428893450575928432730898897358135181671"",""80487324305753301726674058389064184348080218535100416""]",A_r0_s31009_t0_factor,True,True,COMPLETE_SUCCESS,False,optimal,conic,0,28,True,154.62462499999674,188.99183299799915,188.99408300057985,1.1290626587149703e-06,True,True,COLLISION_WITNESSED,751463052747/18014398509481984,True,True,32.618167002510745,52.475750002486166,0.30779200460528955,65.56058299611323,2.789917001791764,33.52150000137044,"[""411049069693976925766485"",""990544703980805301444018176""]","{""axis"":1,""sign"":-1}","{""lower"":[""232905343123399918799557597464339310203910733723860065547627718401152008509317549072308389083570570408307728863943350571683714671675241780762534529423165685577130773656002247907695623379186463335051762245725660132755324712145367465604408063665878544175746394693861499958533056383867734499981251151664396868283133730847733162381"",""14395489375587241652543656718396938257058582520836416095865597508753284508056564179125240365146244517813462874777793619675231621648538620710234524393077054058390474451635724668927183148110357477766020542874360129787459390393189794467105317450174277626564661374008320604467809263236793953917921168530667832662499661629536337920""],""ok"":true,""upper"":[""121230445705023321429828309734307700318783806331"",""7493050386706289375556001339609849466009419776""]}","[""1302254585556382428893450575928432730898897358135181671"",""80487324305753301726674058389064184348080218535100416""]",2.962541999295354,2.971875001094304
31009,0,1,31009_0,4d5c406d383063b52fd37b4570f54d1ce28886c5f009384d305553fe4520c23c,fdd937a50ec8c4a28c62f2b1ec78ba15e46c7a39d0a01c699522bffc62cd1f36,39c75ee513e4a6561ba26d5df93519b85af6c42334b4156a9f8301ebc5e3b0b2,A_r1_s31009_t0_conic,True,True,COMPLETE_SUCCESS,False,optimal,conic,0,28,False,153.9672079961747,189.12454199744388,189.12741699750768,1.1290626587149703e-06,True,True,COLLISION_WITNESSED,751463052747/18014398509481984,True,True,32.99370799504686,50.33716700563673,0.3138750034850091,66.68345899379347,2.917207995778881,34.40929200587561,"[""411049069693976925766485"",""990544703980805301444018176""]","{""axis"":1,""sign"":-1}","{""lower"":[""232905343123399918799557597464339310203910733723860065547627718401152008509317549072308389083570570408307728863943350571683714671675241780762534529423165685577130773656002247907695623379186463335051762245725660132755324712145367465604408063665878544175746394693861499958533056383867734499981251151664396868283133730847733162381"",""14395489375587241652543656718396938257058582520836416095865597508753284508056564179125240365146244517813462874777793619675231621648538620710234524393077054058390474451635724668927183148110357477766020542874360129787459390393189794467105317450174277626564661374008320604467809263236793953917921168530667832662499661629536337920""],""ok"":true,""upper"":[""121230445705023321429828309734307700318783806331"",""7493050386706289375556001339609849466009419776""]}","[""1302254585556382428893450575928432730898897358135181671"",""80487324305753301726674058389064184348080218535100416""]",A_r1_s31009_t0_factor,True,True,COMPLETE_SUCCESS,False,optimal,conic,0,28,True,162.03358300117543,196.62404200062156,196.62650000100257,1.1290626587149703e-06,True,True,COLLISION_WITNESSED,751463052747/18014398509481984,True,True,33.63795799668878,56.5657499973895,0.302708001981955,67.82020800164901,2.881125001295004,33.78462499676971,"[""411049069693976925766485"",""990544703980805301444018176""]","{""axis"":1,""sign"":-1}","{""lower"":[""232905343123399918799557597464339310203910733723860065547627718401152008509317549072308389083570570408307728863943350571683714671675241780762534529423165685577130773656002247907695623379186463335051762245725660132755324712145367465604408063665878544175746394693861499958533056383867734499981251151664396868283133730847733162381"",""14395489375587241652543656718396938257058582520836416095865597508753284508056564179125240365146244517813462874777793619675231621648538620710234524393077054058390474451635724668927183148110357477766020542874360129787459390393189794467105317450174277626564661374008320604467809263236793953917921168530667832662499661629536337920""],""ok"":true,""upper"":[""121230445705023321429828309734307700318783806331"",""7493050386706289375556001339609849466009419776""]}","[""1302254585556382428893450575928432730898897358135181671"",""80487324305753301726674058389064184348080218535100416""]",8.066375005000737,7.499500003177673
31009,1,0,31009_1,30411ea65767cfd7be755562f0554709eece0bd4d17e95d1843eb24d966694da,fdd937a50ec8c4a28c62f2b1ec78ba15e46c7a39d0a01c699522bffc62cd1f36,39c75ee513e4a6561ba26d5df93519b85af6c42334b4156a9f8301ebc5e3b0b2,A_r0_s31009_t1_conic,True,True,COMPLETE_SUCCESS,False,optimal,conic,0,33,False,99.48504099884303,133.55958300235216,133.56283299799543,1.3340595644962669e-05,True,True,COLLISION_WITNESSED,1014853219787/18014398509481984,True,True,0.07191600161604583,26.93583299696911,0.3032079985132441,68.60125000093831,2.767416001006495,33.35266700014472,"[""425961763705438076353275"",""990544703980805301444018176""]","{""axis"":1,""sign"":-1}","{""lower"":[""1823882814635104235152262081617155464610104975406419536852639523572804315058568125696937623432601882841006033810367238149518598273943410113832640882626516915889676621273310672297003192624140229903436257009690722385629501153269363996942981388950452074019181327322634380188026260446381205066174322429079016344929627"",""112162341045494628098062439388771617424414333095767698915579289418199094022027953525225265333386692796253196053355583253701566292584188083677890904298304065733006366547263625494239416934118248100804600921972579588644712980017245145233522386735688732181222788211075580910753508327596668283357620811999188856340480""],""ok"":true,""upper"":[""243690652567776046621346578804583259445916568427"",""14986100773412578751112002679219698932018839552""]}","[""1308871205323945743237792211372209313854360461931627911"",""80487324305753301726674058389064184348080218535100416""]",A_r0_s31009_t1_factor,True,True,COMPLETE_SUCCESS,False,stationary,factor,4,0,False,25.970082999265287,57.631167001090944,57.634083001175895,1.644035264310362e-08,False,False,NO_NEGATIVE_WITNESS_FOUND,-2613/18014398509481984,True,True,0.06354200013447553,5.538458004593849,0.20487500296439976,2.674999996088445,16.910749996895902,31.102833003387786,"[""0"",""1""]","{""axis"":null,""sign"":null}","{""lower"":[""1183605184325047175135896296035313320696755226248102575658166917950237951962099038236031464311135807530264620985075901866818724556014259229464429598695729496773120399601848793404555037867392389889632182571269746932887933395050336825529863598819299993806459438200298705934915908906765150970327614470594784024202239860284725643860108303638178113509"",""72787472172327838555461948686613070529531806761374369182177004392882054162909340928312260735030138050994449159198758044745443848260134012619216192664519122576687497815705198377647935259390448391136059631728757635303789582239725374893275578536505988338284412211791351676920916247200681414247764833838491176307092584299161167471068429908222935040""],""ok"":true,""upper"":[""243690652481613690463437226976692627552292156687"",""14986100773412578751112002679219698932018839552""]}","[""2075013539464249699996489006842353828521"",""127605887595351923798765477786913079296""]",-73.51495799957775,-75.92841600126121
31009,1,1,31009_1,30411ea65767cfd7be755562f0554709eece0bd4d17e95d1843eb24d966694da,fdd937a50ec8c4a28c62f2b1ec78ba15e46c7a39d0a01c699522bffc62cd1f36,39c75ee513e4a6561ba26d5df93519b85af6c42334b4156a9f8301ebc5e3b0b2,A_r1_s31009_t1_conic,True,True,COMPLETE_SUCCESS,False,optimal,conic,0,33,False,100.79712500009919,135.6332499999553,135.63599999906728,1.3340595644962669e-05,True,True,COLLISION_WITNESSED,1014853219787/18014398509481984,True,True,0.07104199903551489,27.279459005512763,0.3100000030826777,69.416625003214,2.9878749992349185,34.07754200452473,"[""425961763705438076353275"",""990544703980805301444018176""]","{""axis"":1,""sign"":-1}","{""lower"":[""1823882814635104235152262081617155464610104975406419536852639523572804315058568125696937623432601882841006033810367238149518598273943410113832640882626516915889676621273310672297003192624140229903436257009690722385629501153269363996942981388950452074019181327322634380188026260446381205066174322429079016344929627"",""112162341045494628098062439388771617424414333095767698915579289418199094022027953525225265333386692796253196053355583253701566292584188083677890904298304065733006366547263625494239416934118248100804600921972579588644712980017245145233522386735688732181222788211075580910753508327596668283357620811999188856340480""],""ok"":true,""upper"":[""243690652567776046621346578804583259445916568427"",""14986100773412578751112002679219698932018839552""]}","[""1308871205323945743237792211372209313854360461931627911"",""80487324305753301726674058389064184348080218535100416""]",A_r1_s31009_t1_factor,True,True,COMPLETE_SUCCESS,False,stationary,factor,4,0,False,22.429832999478094,84.88895800110186,84.89175000431715,1.644035264310362e-08,False,False,NO_NEGATIVE_WITNESS_FOUND,-2613/18014398509481984,True,True,0.06783300341339782,5.269959001452662,0.20287499501137063,2.646332999574952,13.666791004652623,61.872457998106256,"[""0"",""1""]","{""axis"":null,""sign"":null}","{""lower"":[""1183605184325047175135896296035313320696755226248102575658166917950237951962099038236031464311135807530264620985075901866818724556014259229464429598695729496773120399601848793404555037867392389889632182571269746932887933395050336825529863598819299993806459438200298705934915908906765150970327614470594784024202239860284725643860108303638178113509"",""72787472172327838555461948686613070529531806761374369182177004392882054162909340928312260735030138050994449159198758044745443848260134012619216192664519122576687497815705198377647935259390448391136059631728757635303789582239725374893275578536505988338284412211791351676920916247200681414247764833838491176307092584299161167471068429908222935040""],""ok"":true,""upper"":[""243690652481613690463437226976692627552292156687"",""14986100773412578751112002679219698932018839552""]}","[""2075013539464249699996489006842353828521"",""127605887595351923798765477786913079296""]",-78.36729200062109,-50.74429199885344
31009,2,0,31009_2,455d32f60c309baca86e6205b2ac001cc197a8bc23dcd1ef2a20e8dd4df09b4f,fdd937a50ec8c4a28c62f2b1ec78ba15e46c7a39d0a01c699522bffc62cd1f36,39c75ee513e4a6561ba26d5df93519b85af6c42334b4156a9f8301ebc5e3b0b2,A_r0_s31009_t2_conic,True,True,COMPLETE_SUCCESS,False,optimal,conic,0,31,False,103.12270800204715,137.30733299598796,137.30966600269312,1.461377536485867e-05,True,True,COLLISION_WITNESSED,4005139068363/18014398509481984,True,True,0.07087500125635415,25.588582997443154,0.27516700356500223,73.35495799634373,2.997540999785997,33.337333996314555,"[""2511672128765542726162785"",""3869315249925020708765696""]","{""axis"":1,""sign"":-1}","{""lower"":[""9006745377522478682528565057893535599955282597768699053201897139408200746359826196081753070094320502715802048644903735954694033838839124286552043193882520282443601911467291436611779575579144516817101954040480946877560105913540847541911372148677064115839606847111315135028813703633094655534441721224348473328137"",""556996379962040726523558130203818337877582044388008027070425896719592830266752511291656004096574662983859547330240615350196152202567690568320525806670599696577933076886012592079933249099609806829695233397015576420568715700988203244074805472881967944630619497665276951619387270857005284300618879859104516407296""],""ok"":true,""upper"":[""1938628267011442139491943809947415703865994236931"",""119888806187300630008896021433757591456150716416""]}","[""167800661736023842486000454535327022092914904419873"",""9825112830292151089681891893196311565927761051648""]",A_r0_s31009_t2_factor,True,True,COMPLETE_SUCCESS,False,optimal,conic,4,31,True,105.60075000103097,139.70716699986951,139.71020899771247,1.461377536485867e-05,True,True,COLLISION_WITNESSED,4005139068363/18014398509481984,True,True,0.08579200220992789,33.08683400246082,0.3333330023451708,67.87620900286129,2.872167002351489,33.04145899892319,"[""2511672128765542726162785"",""3869315249925020708765696""]","{""axis"":1,""sign"":-1}","{""lower"":[""9006745377522478682528565057893535599955282597768699053201897139408200746359826196081753070094320502715802048644903735954694033838839124286552043193882520282443601911467291436611779575579144516817101954040480946877560105913540847541911372148677064115839606847111315135028813703633094655534441721224348473328137"",""556996379962040726523558130203818337877582044388008027070425896719592830266752511291656004096574662983859547330240615350196152202567690568320525806670599696577933076886012592079933249099609806829695233397015576420568715700988203244074805472881967944630619497665276951619387270857005284300618879859104516407296""],""ok"":true,""upper"":[""1938628267011442139491943809947415703865994236931"",""119888806187300630008896021433757591456150716416""]}","[""167800661736023842486000454535327022092914904419873"",""9825112830292151089681891893196311565927761051648""]",2.4780419989838265,2.3998340038815513
31009,2,1,31009_2,455d32f60c309baca86e6205b2ac001cc197a8bc23dcd1ef2a20e8dd4df09b4f,fdd937a50ec8c4a28c62f2b1ec78ba15e46c7a39d0a01c699522bffc62cd1f36,39c75ee513e4a6561ba26d5df93519b85af6c42334b4156a9f8301ebc5e3b0b2,A_r1_s31009_t2_conic,True,True,COMPLETE_SUCCESS,False,optimal,conic,0,31,False,97.72837499622256,132.00199999846518,132.004708997556,1.461377536485867e-05,True,True,COLLISION_WITNESSED,4005139068363/18014398509481984,True,True,0.06462499732151628,26.341208002122585,0.31820800359128043,67.31741699331906,2.931083996372763,33.533624999108724,"[""2511672128765542726162785"",""3869315249925020708765696""]","{""axis"":1,""sign"":-1}","{""lower"":[""9006745377522478682528565057893535599955282597768699053201897139408200746359826196081753070094320502715802048644903735954694033838839124286552043193882520282443601911467291436611779575579144516817101954040480946877560105913540847541911372148677064115839606847111315135028813703633094655534441721224348473328137"",""556996379962040726523558130203818337877582044388008027070425896719592830266752511291656004096574662983859547330240615350196152202567690568320525806670599696577933076886012592079933249099609806829695233397015576420568715700988203244074805472881967944630619497665276951619387270857005284300618879859104516407296""],""ok"":true,""upper"":[""1938628267011442139491943809947415703865994236931"",""119888806187300630008896021433757591456150716416""]}","[""167800661736023842486000454535327022092914904419873"",""9825112830292151089681891893196311565927761051648""]",A_r1_s31009_t2_factor,True,True,COMPLETE_SUCCESS,False,optimal,conic,4,31,True,106.18875000363914,140.6648749980377,140.66750000347383,1.461377536485867e-05,True,True,COLLISION_WITNESSED,4005139068363/18014398509481984,True,True,0.07162499969126657,33.56541699758964,0.3126660012640059,68.2064580032602,2.894625002227258,33.41187500336673,"[""2511672128765542726162785"",""3869315249925020708765696""]","{""axis"":1,""sign"":-1}","{""lower"":[""9006745377522478682528565057893535599955282597768699053201897139408200746359826196081753070094320502715802048644903735954694033838839124286552043193882520282443601911467291436611779575579144516817101954040480946877560105913540847541911372148677064115839606847111315135028813703633094655534441721224348473328137"",""556996379962040726523558130203818337877582044388008027070425896719592830266752511291656004096574662983859547330240615350196152202567690568320525806670599696577933076886012592079933249099609806829695233397015576420568715700988203244074805472881967944630619497665276951619387270857005284300618879859104516407296""],""ok"":true,""upper"":[""1938628267011442139491943809947415703865994236931"",""119888806187300630008896021433757591456150716416""]}","[""167800661736023842486000454535327022092914904419873"",""9825112830292151089681891893196311565927761051648""]",8.460375007416587,8.662874999572523
31009,3,0,31009_3,2de2d0b10afc05f2ec86c4114a0dacd061c111887cb63a220bd3fc94ce2d0666,fdd937a50ec8c4a28c62f2b1ec78ba15e46c7a39d0a01c699522bffc62cd1f36,39c75ee513e4a6561ba26d5df93519b85af6c42334b4156a9f8301ebc5e3b0b2,A_r0_s31009_t3_conic,True,True,COMPLETE_SUCCESS,False,optimal,conic,0,34,False,35.34537499945145,69.48224999359809,69.48470899806125,6.739287223962041e-06,False,False,NO_NEGATIVE_WITNESS_FOUND,1488331/18014398509481984,True,True,0.06958399899303913,28.233040997292846,0.3480829982436262,2.6798330000019632,3.4479160021874122,33.571042004041374,"[""0"",""1""]","{""axis"":null,""sign"":null}","{""lower"":[""1020057723175870317130416288926624402257087200140815377948123202212463171640081071768393009537816786023496887455841425591014933409762010271197721315887286502454009286111548572563706710917656635340543346462608102491070873632237428833026794786229951488827430712577871125746101392469790894753772301216512044733377952647"",""63416261719074400405335169149203810944807519430381857611600515785365945918527472965266775435464405989970463925879280980216399152526944554606608938065008945751649856650366854889498298824874795160373876742999227699286585320276656004105122564017946511780222736019414904706254769439533915631101724339850812657238016000""],""ok"":true,""upper"":[""367319196014847853705595715240150952220142336119"",""22835963083295358096932575511191922182123945984""]}","[""9578594460195208831494526715162855274853"",""595494142111642311060905563005594370048""]",A_r0_s31009_t3_factor,True,True,COMPLETE_SUCCESS,False,stationary,factor,4,0,False,27.87562499725027,64.48337499750778,64.48616700072307,1.4680508415063442e-08,False,False,NO_NEGATIVE_WITNESS_FOUND,-2613/18014398509481984,True,True,0.07279199780896306,4.858916996454354,0.2469589962856844,5.840458004968241,16.286790996673517,36.04429199913284,"[""0"",""1""]","{""axis"":null,""sign"":null}","{""lower"":[""215507604698951869349403264652266292337545329107429599805621611304991365336191706002138290513625544925284331049996414299468800085363803727107575255944710883372423366669145617088148542105893853355375838809448484221686095185860200207833714775444892488099383692106071031816799497966723379929018226394346135363075147585913181692308458148492934902397"",""13397948606773578061249933852700466734516483871628457379260475089592857126418439627300759265667845768771301451497772417264203763476667422200105931478923968551663890737620422521990677355421784432257850434391062198552710444349835515130650791858178946998376617847538969912595334606609233452575661634727939622243897684237836089477763564599446077440""],""ok"":true,""upper"":[""282101142486547967629178380327928285133038439810097"",""17538019647970835018444217992595396235871190515712""]}","[""1026277977822421117268016606709178725523"",""63802943797675961899382738893456539648""]",-7.469750002201181,-4.998874996090308
31009,3,1,31009_3,2de2d0b10afc05f2ec86c4114a0dacd061c111887cb63a220bd3fc94ce2d0666,fdd937a50ec8c4a28c62f2b1ec78ba15e46c7a39d0a01c699522bffc62cd1f36,39c75ee513e4a6561ba26d5df93519b85af6c42334b4156a9f8301ebc5e3b0b2,A_r1_s31009_t3_conic,True,True,COMPLETE_SUCCESS,False,optimal,conic,0,34,False,36.13095799664734,70.47670800238848,70.47904100181768,6.739287223962041e-06,False,False,NO_NEGATIVE_WITNESS_FOUND,1488331/18014398509481984,True,True,0.0613329975749366,28.83887500502169,0.2936669989139773,2.669042005436495,3.7249999950290658,33.80404199560871,"[""0"",""1""]","{""axis"":null,""sign"":null}","{""lower"":[""1020057723175870317130416288926624402257087200140815377948123202212463171640081071768393009537816786023496887455841425591014933409762010271197721315887286502454009286111548572563706710917656635340543346462608102491070873632237428833026794786229951488827430712577871125746101392469790894753772301216512044733377952647"",""63416261719074400405335169149203810944807519430381857611600515785365945918527472965266775435464405989970463925879280980216399152526944554606608938065008945751649856650366854889498298824874795160373876742999227699286585320276656004105122564017946511780222736019414904706254769439533915631101724339850812657238016000""],""ok"":true,""upper"":[""367319196014847853705595715240150952220142336119"",""22835963083295358096932575511191922182123945984""]}","[""9578594460195208831494526715162855274853"",""595494142111642311060905563005594370048""]",A_r1_s31009_t3_factor,True,True,COMPLETE_SUCCESS,False,stationary,factor,4,0,False,24.42775000235997,61.58987499657087,61.592624995682854,1.4680508415063442e-08,False,False,NO_NEGATIVE_WITNESS_FOUND,-2613/18014398509481984,True,True,0.07449999975506216,4.913249998935498,0.2010829994105734,5.559916993661318,13.126249999913853,36.59483400406316,"[""0"",""1""]","{""axis"":null,""sign"":null}","{""lower"":[""215507604698951869349403264652266292337545329107429599805621611304991365336191706002138290513625544925284331049996414299468800085363803727107575255944710883372423366669145617088148542105893853355375838809448484221686095185860200207833714775444892488099383692106071031816799497966723379929018226394346135363075147585913181692308458148492934902397"",""13397948606773578061249933852700466734516483871628457379260475089592857126418439627300759265667845768771301451497772417264203763476667422200105931478923968551663890737620422521990677355421784432257850434391062198552710444349835515130650791858178946998376617847538969912595334606609233452575661634727939622243897684237836089477763564599446077440""],""ok"":true,""upper"":[""282101142486547967629178380327928285133038439810097"",""17538019647970835018444217992595396235871190515712""]}","[""1026277977822421117268016606709178725523"",""63802943797675961899382738893456539648""]",-11.703207994287368,-8.886833005817607
31009,4,0,31009_4,77760ba6d34b5b208e7d38a9c62a5e92207937c0ecf2925971b04b413678f0e1,fdd937a50ec8c4a28c62f2b1ec78ba15e46c7a39d0a01c699522bffc62cd1f36,39c75ee513e4a6561ba26d5df93519b85af6c42334b4156a9f8301ebc5e3b0b2,A_r0_s31009_t4_conic,True,True,COMPLETE_SUCCESS,False,optimal,conic,0,30,False,32.717499998398125,95.36579200357664,95.36825000395766,2.207093064293502e-06,False,False,NO_NEGATIVE_WITNESS_FOUND,3192267/18014398509481984,True,True,0.05987499753246084,25.39958399574971,0.3319999959785491,2.763459000561852,3.6145000049145892,62.04766700102482,"[""0"",""1""]","{""axis"":null,""sign"":null}","{""lower"":[""95804419083422223572970244959729190109674867760122183111454443843630501013953239181064598987399794344436715673437172810358259769626127249600265493407374311704238535468321995148714351013060738589325475950930220846943999786296923432823105443533154505630227009822206369432151839860215524060715606231551311678836990921362644813"",""5977948715538992724374475940155297427129722536038189373611178187157459220311513512621397318724586592226518791686760283862413771684820391815939133617286535077850741991315828514174161663706431500511870448217530034264733722926816168472573305457791921940512644489463726383954300655358759648114574773890674640704186824649605120""],""ok"":true,""upper"":[""327914603854063151200557137923021678289724739984259"",""20461022922632640854851587658027962275183055601664""]}","[""7329462554452940563861939758795626630599009"",""457339501141741294894775472388296476196864""]",A_r0_s31009_t4_factor,True,True,COMPLETE_SUCCESS,False,stationary,factor,4,0,False,25.808291997236665,58.48745899857022,58.49062500055879,1.4598946443407256e-08,False,False,NO_NEGATIVE_WITNESS_FOUND,-2613/18014398509481984,True,True,0.06774999928893521,4.978167002263945,0.25837500288616866,2.8279589969315566,17.12487499753479,32.111583997902926,"[""0"",""1""]","{""axis"":null,""sign"":null}","{""lower"":[""3102258882936483432931559205333526034918717730154512767472751763512158711214471084682473558295433823072002248881978943423267734429048299523386898356066863099161010292999173876691954091475400009482292354249599226470241507786156756421335438260681314579814778102190831020415771024053421925814847674434101862302098094760018307986533806134540619731933"",""193572928533704112312680005473211004640469207847063783177530719046321087809925677686628330608712425202194688070050690068655082975747321971723037822064009098578212781965169307139264478857058894189774296311241861089054739898708076638289038589452975544460155264312807963558798850425833921286012724959534654472547489184423805546030678971962076692480""],""ok"":true,""upper"":[""4645598803197441049111602639771646182481411604102482454662359959288682997"",""289873346565203679072259746215635069002946576831156235316826017399570432""]}","[""523533039597711774057080036025115704523451"",""32667107224410092492483962313449748299776""]",-6.90920800116146,-36.878333005006425
31009,4,1,31009_4,77760ba6d34b5b208e7d38a9c62a5e92207937c0ecf2925971b04b413678f0e1,fdd937a50ec8c4a28c62f2b1ec78ba15e46c7a39d0a01c699522bffc62cd1f36,39c75ee513e4a6561ba26d5df93519b85af6c42334b4156a9f8301ebc5e3b0b2,A_r1_s31009_t4_conic,True,True,COMPLETE_SUCCESS,False,optimal,conic,0,30,False,32.7253750001546,66.95775000116555,66.96029200247722,2.207093064293502e-06,False,False,NO_NEGATIVE_WITNESS_FOUND,3192267/18014398509481984,True,True,0.055500000598840415,25.2595419951831,0.2995830000145361,2.657582997926511,3.9059580012690276,33.62279199791374,"[""0"",""1""]","{""axis"":null,""sign"":null}","{""lower"":[""95804419083422223572970244959729190109674867760122183111454443843630501013953239181064598987399794344436715673437172810358259769626127249600265493407374311704238535468321995148714351013060738589325475950930220846943999786296923432823105443533154505630227009822206369432151839860215524060715606231551311678836990921362644813"",""5977948715538992724374475940155297427129722536038189373611178187157459220311513512621397318724586592226518791686760283862413771684820391815939133617286535077850741991315828514174161663706431500511870448217530034264733722926816168472573305457791921940512644489463726383954300655358759648114574773890674640704186824649605120""],""ok"":true,""upper"":[""327914603854063151200557137923021678289724739984259"",""20461022922632640854851587658027962275183055601664""]}","[""7329462554452940563861939758795626630599009"",""457339501141741294894775472388296476196864""]",A_r1_s31009_t4_factor,True,True,COMPLETE_SUCCESS,False,stationary,factor,4,0,False,22.991165998973884,55.764541000826284,55.76687499706168,1.4598946443407256e-08,False,False,NO_NEGATIVE_WITNESS_FOUND,-2613/18014398509481984,True,True,0.06166599632706493,5.540459002077114,0.19700000120792538,2.6755830040201545,13.949041000159923,32.234291997156106,"[""0"",""1""]","{""axis"":null,""sign"":null}","{""lower"":[""3102258882936483432931559205333526034918717730154512767472751763512158711214471084682473558295433823072002248881978943423267734429048299523386898356066863099161010292999173876691954091475400009482292354249599226470241507786156756421335438260681314579814778102190831020415771024053421925814847674434101862302098094760018307986533806134540619731933"",""193572928533704112312680005473211004640469207847063783177530719046321087809925677686628330608712425202194688070050690068655082975747321971723037822064009098578212781965169307139264478857058894189774296311241861089054739898708076638289038589452975544460155264312807963558798850425833921286012724959534654472547489184423805546030678971962076692480""],""ok"":true,""upper"":[""4645598803197441049111602639771646182481411604102482454662359959288682997"",""289873346565203679072259746215635069002946576831156235316826017399570432""]}","[""523533039597711774057080036025115704523451"",""32667107224410092492483962313449748299776""]",-9.734209001180716,-11.193209000339266
31009,5,0,31009_5,ea26a5d4fed6e8dcd4824d6ded689860457d29babd0dd56b6c8747a303a4f672,fdd937a50ec8c4a28c62f2b1ec78ba15e46c7a39d0a01c699522bffc62cd1f36,39c75ee513e4a6561ba26d5df93519b85af6c42334b4156a9f8301ebc5e3b0b2,A_r0_s31009_t5_conic,True,True,COMPLETE_SUCCESS,False,optimal,conic,0,38,False,37.8032499938854,71.58579099632334,71.58849999541417,7.940405986817974e-06,False,False,NO_NEGATIVE_WITNESS_FOUND,39335371/18014398509481984,True,True,0.057040997489821166,30.48520899756113,0.297792001219932,2.772375002678018,3.6597500002244487,33.21324999706121,"[""0"",""1""]","{""axis"":null,""sign"":null}","{""lower"":[""945619196304338176837987855001395836382272535643036349298334139158747452723322833765008645967179663672988167242051705888816116251735157159510633138032500099422828694289662796799449636514196938722577508574298452877643370364627242690583773983343342258585574769873569898430586202543394799218259300897214559192589942003"",""59098012416337303605169176469417465622970353403969211226134034022627129499877927641506390346443356083153577504859622138195290423625781451327530229560104219923270512978854471478067803117089342127527875636941745108167257491090330273398240853934347377706577974964349866885921271644529611154418179198013615856680960000""],""ok"":true,""upper"":[""3836650614011778927692188938422975078785482132167"",""239777612374601260017792042867515182912301432832""]}","[""156113713116142163546067000984312410965402007"",""9756576024357147624421876744283658158866432""]",A_r0_s31009_t5_factor,True,True,COMPLETE_SUCCESS,False,stationary,factor,4,0,False,70.59950000257231,105.36258300271584,105.36516700085485,1.4642798224402817e-08,True,True,COLLISION_WITNESSED,2896356603339/18014398509481984,True,True,0.0698750009178184,4.862292000325397,0.21274999744491652,61.750875000143424,2.9066249990137294,34.00054200028535,"[""20238573525547343176526481"",""30954521999400165670125568""]","{""axis"":1,""sign"":-1}","{""lower"":[""5593980879210073990820048623630596676131235249072458902758821532906918291977184457275825849276816340955479436995750599427949834570510138269570662082872886245146405850991095996448812825593625336581437485653709880776752140697621237607616016927650537179577370932729860671099057793293377134320970397231905834995495287343580053145982203797440688921137"",""349604776480209690313684985918598151104727090500564147641558819481583075722565099495548317032625747882455026511425541543747801822602120704234310004884508419204329928218082207998122933184150594748440057831568037457945475307336568130606131290805708280969963441617856190995252647089905549487295846234846603987435096044026588767467096192695800954880""],""ok"":true,""upper"":[""456320894635478164560865965720850095492544535344738680608944386926077516289880948382874153939"",""28518503668682805207758239637731294254720557511323107508905966290961338196686713886567563264""]}","[""22857861771337493394384614547529917417044582744029292671"",""1287797188892052827626784934225026949569283496561606656""]",32.79625000868691,33.7767920063925
31009,5,1,31009_5,ea26a5d4fed6e8dcd4824d6ded689860457d29babd0dd56b6c8747a303a4f672,fdd937a50ec8c4a28c62f2b1ec78ba15e46c7a39d0a01c699522bffc62cd1f36,39c75ee513e4a6561ba26d5df93519b85af6c42334b4156a9f8301ebc5e3b0b2,A_r1_s31009_t5_conic,True,True,COMPLETE_SUCCESS,False,optimal,conic,0,38,False,38.50912499910919,72.80641599936644,72.8089580006781,7.940405986817974e-06,False,False,NO_NEGATIVE_WITNESS_FOUND,39335371/18014398509481984,True,True,0.06929100345587358,31.05525000137277,0.28904200007673353,2.9027079945080914,3.5575829970184714,33.650749996013474,"[""0"",""1""]","{""axis"":null,""sign"":null}","{""lower"":[""945619196304338176837987855001395836382272535643036349298334139158747452723322833765008645967179663672988167242051705888816116251735157159510633138032500099422828694289662796799449636514196938722577508574298452877643370364627242690583773983343342258585574769873569898430586202543394799218259300897214559192589942003"",""59098012416337303605169176469417465622970353403969211226134034022627129499877927641506390346443356083153577504859622138195290423625781451327530229560104219923270512978854471478067803117089342127527875636941745108167257491090330273398240853934347377706577974964349866885921271644529611154418179198013615856680960000""],""ok"":true,""upper"":[""3836650614011778927692188938422975078785482132167"",""239777612374601260017792042867515182912301432832""]}","[""156113713116142163546067000984312410965402007"",""9756576024357147624421876744283658158866432""]",A_r1_s31009_t5_factor,True,True,COMPLETE_SUCCESS,False,stationary,factor,4,0,False,69.68000000051688,104.68699999910314,104.68962499726331,1.4642798224402817e-08,True,True,COLLISION_WITNESSED,2896356603339/18014398509481984,True,True,0.05991700163576752,5.112915998324752,0.19116699695587158,60.54416700499132,2.958875003969297,34.23912500147708,"[""20238573525547343176526481"",""30954521999400165670125568""]","{""axis"":1,""sign"":-1}","{""lower"":[""5593980879210073990820048623630596676131235249072458902758821532906918291977184457275825849276816340955479436995750599427949834570510138269570662082872886245146405850991095996448812825593625336581437485653709880776752140697621237607616016927650537179577370932729860671099057793293377134320970397231905834995495287343580053145982203797440688921137"",""349604776480209690313684985918598151104727090500564147641558819481583075722565099495548317032625747882455026511425541543747801822602120704234310004884508419204329928218082207998122933184150594748440057831568037457945475307336568130606131290805708280969963441617856190995252647089905549487295846234846603987435096044026588767467096192695800954880""],""ok"":true,""upper"":[""456320894635478164560865965720850095492544535344738680608944386926077516289880948382874153939"",""28518503668682805207758239637731294254720557511323107508905966290961338196686713886567563264""]}","[""22857861771337493394384614547529917417044582744029292671"",""1287797188892052827626784934225026949569283496561606656""]",31.170875001407694,31.8805839997367
31009,6,0,31009_6,f179259fbe269a64194480db42f38008900b92980c8e231f7066cc472115c35b,fdd937a50ec8c4a28c62f2b1ec78ba15e46c7a39d0a01c699522bffc62cd1f36,39c75ee513e4a6561ba26d5df93519b85af6c42334b4156a9f8301ebc5e3b0b2,A_r0_s31009_t6_conic,True,True,COMPLETE_SUCCESS,False,optimal,conic,0,32,False,33.800416997110005,67.88233300176216,67.88487499579787,1.3597540905222689e-06,False,False,NO_NEGATIVE_WITNESS_FOUND,2596807/18014398509481984,True,True,0.06720799865433946,26.39712499512825,0.2969170018332079,2.744165998592507,3.7128339972696267,33.538415998918936,"[""0"",""1""]","{""axis"":null,""sign"":null}","{""lower"":[""67814772459960418413330175414740814403780364928789745175239570778777821506094044465375692063539266435868187564571314127828375286397282567278378570318142729928519069924335243756816894841385436931628857844109499678291265888176806771622070529464858750471306116389564197805087802639852333817656510693039391557952033262979296296861"",""4237442646668000036821168512836333301079162504937651978744431334193414273904293453589899783889161330014790313263052791835294134602801972062814390077007123556177889944100179579395879308045675043217888327350036148030243250746447045431554966222852700167843200816358928644308440921062201968812119391797279644322787116721582899200""],""ok"":true,""upper"":[""30698639649614098710023706713472313537254693575921"",""1918220898996810080142336342940121463298411462656""]}","[""117106016726489144255502506629725593108759059"",""7317432018267860718316407558212743619149824""]",A_r0_s31009_t6_factor,True,True,COMPLETE_SUCCESS,False,optimal,conic,5,32,True,43.14508400420891,77.53112500358839,77.53400000365218,1.3597540905222689e-06,False,False,NO_NEGATIVE_WITNESS_FOUND,2596807/18014398509481984,True,True,0.06399999983841553,35.397874999034684,0.3186250032740645,2.8450000027078204,3.661291004391387,33.49162499944214,"[""0"",""1""]","{""axis"":null,""sign"":null}","{""lower"":[""67814772459960418413330175414740814403780364928789745175239570778777821506094044465375692063539266435868187564571314127828375286397282567278378570318142729928519069924335243756816894841385436931628857844109499678291265888176806771622070529464858750471306116389564197805087802639852333817656510693039391557952033262979296296861"",""4237442646668000036821168512836333301079162504937651978744431334193414273904293453589899783889161330014790313263052791835294134602801972062814390077007123556177889944100179579395879308045675043217888327350036148030243250746447045431554966222852700167843200816358928644308440921062201968812119391797279644322787116721582899200""],""ok"":true,""upper"":[""30698639649614098710023706713472313537254693575921"",""1918220898996810080142336342940121463298411462656""]}","[""117106016726489144255502506629725593108759059"",""7317432018267860718316407558212743619149824""]",9.344667007098906,9.648792001826223
31009,6,1,31009_6,f179259fbe269a64194480db42f38008900b92980c8e231f7066cc472115c35b,fdd937a50ec8c4a28c62f2b1ec78ba15e46c7a39d0a01c699522bffc62cd1f36,39c75ee513e4a6561ba26d5df93519b85af6c42334b4156a9f8301ebc5e3b0b2,A_r1_s31009_t6_conic,True,True,COMPLETE_SUCCESS,False,optimal,conic,0,32,False,35.77204199973494,71.09762499749195,71.10029199975543,1.3597540905222689e-06,False,False,NO_NEGATIVE_WITNESS_FOUND,2596807/18014398509481984,True,True,0.061833001382183284,26.70629100612132,0.31554199813399464,3.4653749971766956,4.534542000328656,34.75162499671569,"[""0"",""1""]","{""axis"":null,""sign"":null}","{""lower"":[""67814772459960418413330175414740814403780364928789745175239570778777821506094044465375692063539266435868187564571314127828375286397282567278378570318142729928519069924335243756816894841385436931628857844109499678291265888176806771622070529464858750471306116389564197805087802639852333817656510693039391557952033262979296296861"",""4237442646668000036821168512836333301079162504937651978744431334193414273904293453589899783889161330014790313263052791835294134602801972062814390077007123556177889944100179579395879308045675043217888327350036148030243250746447045431554966222852700167843200816358928644308440921062201968812119391797279644322787116721582899200""],""ok"":true,""upper"":[""30698639649614098710023706713472313537254693575921"",""1918220898996810080142336342940121463298411462656""]}","[""117106016726489144255502506629725593108759059"",""7317432018267860718316407558212743619149824""]",A_r1_s31009_t6_factor,True,True,COMPLETE_SUCCESS,False,optimal,conic,5,32,True,43.06620799616212,77.58512500004144,77.58783300232608,1.3597540905222689e-06,False,False,NO_NEGATIVE_WITNESS_FOUND,2596807/18014398509481984,True,True,0.06954200216569006,35.304041994095314,0.30141599563648924,2.780499999062158,3.6581250024028122,33.611708000535145,"[""0"",""1""]","{""axis"":null,""sign"":null}","{""lower"":[""67814772459960418413330175414740814403780364928789745175239570778777821506094044465375692063539266435868187564571314127828375286397282567278378570318142729928519069924335243756816894841385436931628857844109499678291265888176806771622070529464858750471306116389564197805087802639852333817656510693039391557952033262979296296861"",""4237442646668000036821168512836333301079162504937651978744431334193414273904293453589899783889161330014790313263052791835294134602801972062814390077007123556177889944100179579395879308045675043217888327350036148030243250746447045431554966222852700167843200816358928644308440921062201968812119391797279644322787116721582899200""],""ok"":true,""upper"":[""30698639649614098710023706713472313537254693575921"",""1918220898996810080142336342940121463298411462656""]}","[""117106016726489144255502506629725593108759059"",""7317432018267860718316407558212743619149824""]",7.294165996427182,6.4875000025494955
31009,7,0,31009_7,588c2f5eeec33dcad7ee00c7876a94981ae1df49e16e56073fd37455ea2c8cb5,fdd937a50ec8c4a28c62f2b1ec78ba15e46c7a39d0a01c699522bffc62cd1f36,39c75ee513e4a6561ba26d5df93519b85af6c42334b4156a9f8301ebc5e3b0b2,A_r0_s31009_t7_conic,True,True,COMPLETE_SUCCESS,False,optimal,conic,0,32,False,99.3090000047232,133.8042920033331,133.80675000371411,1.1878569277476567e-06,True,True,COLLISION_WITNESSED,98385653325/2251799813685248,True,True,0.06341700645862147,26.368458005890716,0.2887090013246052,68.87466600164771,2.8937499955645762,33.72583299642429,"[""5754998627671049839644489"",""7738630499850041417531392""]","{""axis"":1,""sign"":1}","{""lower"":[""796221589569662545508067631875692578989538670091211699614540705855063386747873020399659307060058229176552064676677416796093443031364146944910375364461687824554365850548104626865805089267884411175913433095274707557128967183431802181954879456200983016666897647939276047621223449606090726746347217990116323768133957041961176308747"",""49695812621814952427804249918128592202490298612334060621446014326179831229405172444466114343809982889130347544405092215060182638358769767926783812377178834391182735706518449904534965686014190432141732495889493368342809087667038668986091369815218066729829782993081523045897456777865683121441680793035029614689178490763382620160""],""ok"":true,""upper"":[""245868442591482652878841602497885409618131895399553"",""15345767191974480641138690743520971706387291701248""]}","[""1416391485734681002744920190410035007946774283359499"",""78600902642337208717455135145570492527422088413184""]",A_r0_s31009_t7_factor,True,True,COMPLETE_SUCCESS,False,stationary,factor,4,0,False,78.83441699959803,112.50299999665003,112.5061669954448,1.4530597203718104e-08,True,True,COLLISION_WITNESSED,97322653261/2251799813685248,True,True,0.05670799873769283,5.160249995242339,0.1854579968494363,69.71591600449756,2.878500003134832,32.850499999767635,"[""1438749575216119861583643"",""1934657624962510354382848""]","{""axis"":1,""sign"":1}","{""lower"":[""705005237423164956217047892125528721714360862722778031468545943677649604527354502402902058459932305323933711459156083177552207063865701498127174934213693874679143573585986010189624862373122917960059563830683908515934590069185264649900528751341589915134705512204696947824230861628746057913167511054377787316375035598602753237389405137118265075637733"",""44002581781893659671390919945964742511838905232265711249179261319370818087556308825812201849740419244793804471197496341831396770563624965309999082242579326775719490603529244648850418895665685859356687429531062026307231281047129396933315821096462798111255659449951756535417988753611536390946725795973471704492302159746703169407388520525625745735680""],""ok"":true,""upper"":[""671384760551928605625083146143947809786582001952438797"",""41904174945551648470736051523641266739574897872207872""]}","[""3237464988881313234363580141347971625416487510345037"",""179659206039627905639897451761303982919821916372992""]",-20.47458300512517,-21.30129200668307
31009,7,1,31009_7,588c2f5eeec33dcad7ee00c7876a94981ae1df49e16e56073fd37455ea2c8cb5,fdd937a50ec8c4a28c62f2b1ec78ba15e46c7a39d0a01c699522bffc62cd1f36,39c75ee513e4a6561ba26d5df93519b85af6c42334b4156a9f8301ebc5e3b0b2,A_r1_s31009_t7_conic,True,True,COMPLETE_SUCCESS,False,optimal,conic,0,32,False,99.7727499998291,134.3112079994171,134.3138749944046,1.1878569277476567e-06,True,True,COLLISION_WITNESSED,98385653325/2251799813685248,True,True,0.06491699605248868,26.61683299811557,0.32841599750099704,69.09304200235056,2.825042000040412,33.75541599962162,"[""5754998627671049839644489"",""7738630499850041417531392""]","{""axis"":1,""sign"":1}","{""lower"":[""796221589569662545508067631875692578989538670091211699614540705855063386747873020399659307060058229176552064676677416796093443031364146944910375364461687824554365850548104626865805089267884411175913433095274707557128967183431802181954879456200983016666897647939276047621223449606090726746347217990116323768133957041961176308747"",""49695812621814952427804249918128592202490298612334060621446014326179831229405172444466114343809982889130347544405092215060182638358769767926783812377178834391182735706518449904534965686014190432141732495889493368342809087667038668986091369815218066729829782993081523045897456777865683121441680793035029614689178490763382620160""],""ok"":true,""upper"":[""245868442591482652878841602497885409618131895399553"",""15345767191974480641138690743520971706387291701248""]}","[""1416391485734681002744920190410035007946774283359499"",""78600902642337208717455135145570492527422088413184""]",A_r1_s31009_t7_factor,True,True,COMPLETE_SUCCESS,False,stationary,factor,4,0,False,79.29987499665003,113.26954199466854,113.27254199568415,1.4530597203718104e-08,True,True,COLLISION_WITNESSED,97322653261/2251799813685248,True,True,0.08674999844515696,5.095542001072317,0.19995800539618358,70.22383300500223,2.8890409957966767,33.23600000294391,"[""1438749575216119861583643"",""1934657624962510354382848""]","{""axis"":1,""sign"":1}","{""lower"":[""705005237423164956217047892125528721714360862722778031468545943677649604527354502402902058459932305323933711459156083177552207063865701498127174934213693874679143573585986010189624862373122917960059563830683908515934590069185264649900528751341589915134705512204696947824230861628746057913167511054377787316375035598602753237389405137118265075637733"",""44002581781893659671390919945964742511838905232265711249179261319370818087556308825812201849740419244793804471197496341831396770563624965309999082242579326775719490603529244648850418895665685859356687429531062026307231281047129396933315821096462798111255659449951756535417988753611536390946725795973471704492302159746703169407388520525625745735680""],""ok"":true,""upper"":[""671384760551928605625083146143947809786582001952438797"",""41904174945551648470736051523641266739574897872207872""]}","[""3237464988881313234363580141347971625416487510345037"",""179659206039627905639897451761303982919821916372992""]",-20.47287500317907,-21.04166600474855
31010,0,0,31010_0,5d62748e2d3323f8a1965d3ecc79f076c61f9041b942b83ddc71de8a30076a3c,fdd937a50ec8c4a28c62f2b1ec78ba15e46c7a39d0a01c699522bffc62cd1f36,39c75ee513e4a6561ba26d5df93519b85af6c42334b4156a9f8301ebc5e3b0b2,A_r0_s31010_t0_conic,True,True,COMPLETE_SUCCESS,False,optimal,conic,0,32,False,93.67774999554968,127.80466699769022,127.80799999745796,1.0934464979749225e-05,False,False,NO_NEGATIVE_WITNESS_FOUND,7495427/9007199254740992,True,True,33.289125000010245,52.4990420017275,0.2967079999507405,2.669624998816289,4.384624997328501,33.55516700685257,"[""0"",""1""]","{""axis"":null,""sign"":null}","{""lower"":[""11596816634634074334664756167802404482585771492409327528926106141160752213111419584841283259814412506506903752279794682773628904410710318162541437926135868031816815948557244287405806480851125542153195135549418287205737571119963856310802295932621052617740321601898868407278156978042298826991101481716307499754789775847"",""723442737241199640018809232849232849609721656692328380017730306709659552307721481358751518433214744743082145506972980440768194384758045932781266881327261674912273233456995089969495113345162712098136444394990984293640622897072735310832226555274678926372588518113312040449257552907252201398883123295395967263739740160""],""ok"":true,""upper"":[""160151981018884265167226275529955972938453716123"",""9990733848941719167408001786146465954679226368""]}","[""229099246483318745753650875158468857136867"",""14291859410679415465461733512134264881152""]",A_r0_s31010_t0_factor,True,True,COMPLETE_SUCCESS,False,optimal,conic,0,32,True,106.26891699939733,140.10054200480226,140.10520900046686,1.0934464979749225e-05,False,False,NO_NEGATIVE_WITNESS_FOUND,7495427/9007199254740992,True,True,42.35395900468575,55.83712500083493,0.29924999398645014,2.723124998738058,4.417416996147949,33.18741599650821,"[""0"",""1""]","{""axis"":null,""sign"":null}","{""lower"":[""11596816634634074334664756167802404482585771492409327528926106141160752213111419584841283259814412506506903752279794682773628904410710318162541437926135868031816815948557244287405806480851125542153195135549418287205737571119963856310802295932621052617740321601898868407278156978042298826991101481716307499754789775847"",""723442737241199640018809232849232849609721656692328380017730306709659552307721481358751518433214744743082145506972980440768194384758045932781266881327261674912273233456995089969495113345162712098136444394990984293640622897072735310832226555274678926372588518113312040449257552907252201398883123295395967263739740160""],""ok"":true,""upper"":[""160151981018884265167226275529955972938453716123"",""9990733848941719167408001786146465954679226368""]}","[""229099246483318745753650875158468857136867"",""14291859410679415465461733512134264881152""]",12.591167003847659,12.295875007112045
31010,0,1,31010_0,5d62748e2d3323f8a1965d3ecc79f076c61f9041b942b83ddc71de8a30076a3c,fdd937a50ec8c4a28c62f2b1ec78ba15e46c7a39d0a01c699522bffc62cd1f36,39c75ee513e4a6561ba26d5df93519b85af6c42334b4156a9f8301ebc5e3b0b2,A_r1_s31010_t0_conic,True,True,COMPLETE_SUCCESS,False,optimal,conic,0,32,False,93.14012499817181,127.05675000324845,127.05916700360831,1.0934464979749225e-05,False,False,NO_NEGATIVE_WITNESS_FOUND,7495427/9007199254740992,True,True,32.83120800188044,52.285999998275656,0.3034589972230606,2.7253750013187528,4.458124996745028,33.33566599758342,"[""0"",""1""]","{""axis"":null,""sign"":null}","{""lower"":[""11596816634634074334664756167802404482585771492409327528926106141160752213111419584841283259814412506506903752279794682773628904410710318162541437926135868031816815948557244287405806480851125542153195135549418287205737571119963856310802295932621052617740321601898868407278156978042298826991101481716307499754789775847"",""723442737241199640018809232849232849609721656692328380017730306709659552307721481358751518433214744743082145506972980440768194384758045932781266881327261674912273233456995089969495113345162712098136444394990984293640622897072735310832226555274678926372588518113312040449257552907252201398883123295395967263739740160""],""ok"":true,""upper"":[""160151981018884265167226275529955972938453716123"",""9990733848941719167408001786146465954679226368""]}","[""229099246483318745753650875158468857136867"",""14291859410679415465461733512134264881152""]",A_r1_s31010_t0_factor,True,True,COMPLETE_SUCCESS,False,optimal,conic,0,32,True,96.46333299315302,130.7827909986372,130.785665998701,1.0934464979749225e-05,False,False,NO_NEGATIVE_WITNESS_FOUND,7495427/9007199254740992,True,True,32.87308299331926,55.55525000090711,0.2918329992098734,2.689209002710413,4.3857909986400045,33.66058300161967,"[""0"",""1""]","{""axis"":null,""sign"":null}","{""lower"":[""11596816634634074334664756167802404482585771492409327528926106141160752213111419584841283259814412506506903752279794682773628904410710318162541437926135868031816815948557244287405806480851125542153195135549418287205737571119963856310802295932621052617740321601898868407278156978042298826991101481716307499754789775847"",""723442737241199640018809232849232849609721656692328380017730306709659552307721481358751518433214744743082145506972980440768194384758045932781266881327261674912273233456995089969495113345162712098136444394990984293640622897072735310832226555274678926372588518113312040449257552907252201398883123295395967263739740160""],""ok"":true,""upper"":[""160151981018884265167226275529955972938453716123"",""9990733848941719167408001786146465954679226368""]}","[""229099246483318745753650875158468857136867"",""14291859410679415465461733512134264881152""]",3.3232079949812032,3.7260409953887574
31010,1,0,31010_1,324d24fa8f25d73a30b87b699396d4c410c6baee71a5bc43de1fdf18a8b5afab,fdd937a50ec8c4a28c62f2b1ec78ba15e46c7a39d0a01c699522bffc62cd1f36,39c75ee513e4a6561ba26d5df93519b85af6c42334b4156a9f8301ebc5e3b0b2,A_r0_s31010_t1_conic,True,True,COMPLETE_SUCCESS,False,optimal,conic,0,29,False,33.21341700211633,67.07945900416235,67.08225000329548,1.0806437097513062e-05,False,False,NO_NEGATIVE_WITNESS_FOUND,1285333/9007199254740992,True,True,0.08579200220992789,24.82354200037662,0.2905830042436719,2.7352090037311427,4.694459006714169,33.30387500318466,"[""0"",""1""]","{""axis"":null,""sign"":null}","{""lower"":[""5331641470224553900730730579190496695529746519698980405358781182904191313171185752063269948248897897580134008889898851017785772847521803230269131814225083116902944860688081731111219610500943442489434346262403573641632889022778604258481621531897960926072125201857298026342583593711975209045720459887769288591564975173"",""332276646416834939788671500217959279179082173246064130009473657095637283095404976934844055159079001288825063414739987284279157428986601102548771296323576124773885285087965173833841130216797512051613506437711346321727163821713436677178970650964854532778369542115526978553462342436522905186401489933921203890180587520""],""ok"":true,""upper"":[""961855983959207579202842861516518968747471713543"",""59944403093650315004448010716878795728075358208""]}","[""917297347747767610138140910986617710266533"",""57167437642717661861846934048537059524608""]",A_r0_s31010_t1_factor,True,True,COMPLETE_SUCCESS,False,stationary,factor,5,0,False,78.11537499947008,117.80654200265417,117.80933400586946,1.5841426542286397e-08,True,True,NO_NEGATIVE_WITNESS_FOUND,58411073283/9007199254740992,True,True,0.06108399975346401,6.079915998270735,0.2006659997277893,67.86845900205662,3.1136249963310547,38.93225000501843,"[""12293506847600721238233807549"",""15529766631439868985371262976""]","{""axis"":1,""sign"":-1}","{""lower"":[""6757237524933612842954472651963555833919459037944467788899055269641777054406049052280931436710665547510030446491847854528052461766138987330322803738014710111370358678190899094655745183247242085423642673908103274951399359292346563048313317891952425296381002330736424408239220361832810682816726020189321702499715503141296990395289433318883712033303"",""421121849095492836298496754846151606021279813824766491854400604596258236398970585192828218782510733208650300998949582937944610315050658781626931588751876650900886753889624698212083957608588033211945622755294938537878815169559459893655453173845919919447816862056462214019251360825747634206811623650907697234840936257596928969808208244830843699200""],""ok"":true,""upper"":[""344261666099658655397180409770891036003990621256898556009"",""21454937572122444017016858380104328570662347710570430464""]}","[""367972530568982004265352380597341698298009429987020373271"",""19783776110025966900032589021377209740443691145563734016""]",44.90195799735375,50.727082998491824
31010,1,1,31010_1,324d24fa8f25d73a30b87b699396d4c410c6baee71a5bc43de1fdf18a8b5afab,fdd937a50ec8c4a28c62f2b1ec78ba15e46c7a39d0a01c699522bffc62cd1f36,39c75ee513e4a6561ba26d5df93519b85af6c42334b4156a9f8301ebc5e3b0b2,A_r1_s31010_t1_conic,True,True,COMPLETE_SUCCESS,False,optimal,conic,0,29,False,33.199041994521394,67.70549999782816,67.70824999694014,1.0806437097513062e-05,False,False,NO_NEGATIVE_WITNESS_FOUND,1285333/9007199254740992,True,True,0.06433399539673701,24.72945800400339,0.2944169973488897,2.784625001368113,4.780750001373235,33.940457993594464,"[""0"",""1""]","{""axis"":null,""sign"":null}","{""lower"":[""5331641470224553900730730579190496695529746519698980405358781182904191313171185752063269948248897897580134008889898851017785772847521803230269131814225083116902944860688081731111219610500943442489434346262403573641632889022778604258481621531897960926072125201857298026342583593711975209045720459887769288591564975173"",""332276646416834939788671500217959279179082173246064130009473657095637283095404976934844055159079001288825063414739987284279157428986601102548771296323576124773885285087965173833841130216797512051613506437711346321727163821713436677178970650964854532778369542115526978553462342436522905186401489933921203890180587520""],""ok"":true,""upper"":[""961855983959207579202842861516518968747471713543"",""59944403093650315004448010716878795728075358208""]}","[""917297347747767610138140910986617710266533"",""57167437642717661861846934048537059524608""]",A_r1_s31010_t1_factor,True,True,COMPLETE_SUCCESS,False,stationary,factor,5,0,False,78.32387500093319,117.88087499735411,117.88337500183843,1.5841426542286397e-08,True,True,NO_NEGATIVE_WITNESS_FOUND,58411073283/9007199254740992,True,True,0.06262499664444476,6.114292002166621,0.20850000146310776,68.07625000510598,3.05099999968661,38.80275000119582,"[""12293506847600721238233807549"",""15529766631439868985371262976""]","{""axis"":1,""sign"":-1}","{""lower"":[""6757237524933612842954472651963555833919459037944467788899055269641777054406049052280931436710665547510030446491847854528052461766138987330322803738014710111370358678190899094655745183247242085423642673908103274951399359292346563048313317891952425296381002330736424408239220361832810682816726020189321702499715503141296990395289433318883712033303"",""421121849095492836298496754846151606021279813824766491854400604596258236398970585192828218782510733208650300998949582937944610315050658781626931588751876650900886753889624698212083957608588033211945622755294938537878815169559459893655453173845919919447816862056462214019251360825747634206811623650907697234840936257596928969808208244830843699200""],""ok"":true,""upper"":[""344261666099658655397180409770891036003990621256898556009"",""21454937572122444017016858380104328570662347710570430464""]}","[""367972530568982004265352380597341698298009429987020373271"",""19783776110025966900032589021377209740443691145563734016""]",45.12483300641179,50.17537499952596
31010,2,0,31010_2,143891c1a8c7b4e1eecf7917b5bf2b1914e408b3330ab71ec74a1b015c83ac2e,fdd937a50ec8c4a28c62f2b1ec78ba15e46c7a39d0a01c699522bffc62cd1f36,39c75ee513e4a6561ba26d5df93519b85af6c42334b4156a9f8301ebc5e3b0b2,A_r0_s31010_t2_conic,True,True,COMPLETE_SUCCESS,False,optimal,conic,0,25,False,30.599749996326864,64.31195799814304,64.31470799725503,2.173102757396007e-05,False,False,NO_NEGATIVE_WITNESS_FOUND,253699/9007199254740992,True,True,0.0630409995210357,21.90720799990231,0.31237500661518425,2.6476670027477667,5.112749997351784,33.140166000521276,"[""0"",""1""]","{""axis"":null,""sign"":null}","{""lower"":[""1775504786069582604904724365981944403078209951470119462696452036061353602025941332615262687077590212427928689623462356037185403781756373092111981447372255451819441548254043154231721678744894388436960497181962154603768752638004970519905261954251644867243542487510600910253812807893232334937554119050038315815663567"",""110390009421348404689475871935719781687716862174380113605658852377920523370664017782139251498324964957748073048739227944038958324218845576998548112451521568128395153940300036953638435410521096461717990250636100842051480432833159440596846986961191433411528014010111117059499582818574359240563755160105114864189440""],""ok"":true,""upper"":[""40172611237153868262818258214538743100306523777"",""2497683462235429791852000446536616488669806592""]}","[""131354014399263350636217732010376963278939"",""8166776806102523123120990578362437074944""]",A_r0_s31010_t2_factor,True,True,COMPLETE_SUCCESS,False,stationary,factor,4,0,False,74.68279099703068,108.71308299829252,108.71545800182503,1.6457261313443384e-08,True,True,COLLISION_WITNESSED,768785702659/9007199254740992,True,True,0.0646659973426722,4.91758400312392,0.20054099877597764,65.76024999958463,2.9779160031466745,33.279750001383945,"[""6132961954361938232178884619"",""7764883315719934492685631488""]","{""axis"":1,""sign"":-1}","{""lower"":[""287984046909710686933251646990085012884293177491098148973659239528908993964744263897245571548967220887482458275105996365310465992777960130591210654360683421513331338275973761989521650486936151393563582062361850842065778954307406277413049698453137002027793931416796269604089996482162813912742914071399302759993213577958292086846816566768539406243"",""17905059454269159154923805981010129307091403073211904980877145400688558285635521315853732220782320221429150655898324164804078910958101851464680380565143055544822821375927247409898284417394645958186590161440939423348387029179509137579229021146631041070271673181605369489677094787213095787179576822158468483443774513779834156235901430411642798080""],""ok"":true,""upper"":[""298387703372843567069010248663854420950285783410555382677640530188400734313"",""18551894180173035460624623757800644416188580917193999060276865113572507648""]}","[""93445766807352250348317523898197491778085447964428002279"",""4945944027506491725008147255344302435110922786390933504""]",44.083041000703815,44.40112500014948
31010,2,1,31010_2,143891c1a8c7b4e1eecf7917b5bf2b1914e408b3330ab71ec74a1b015c83ac2e,fdd937a50ec8c4a28c62f2b1ec78ba15e46c7a39d0a01c699522bffc62cd1f36,39c75ee513e4a6561ba26d5df93519b85af6c42334b4156a9f8301ebc5e3b0b2,A_r1_s31010_t2_conic,True,True,COMPLETE_SUCCESS,False,optimal,conic,0,25,False,31.376458005979657,66.48612500430318,66.48879200656665,2.173102757396007e-05,False,False,NO_NEGATIVE_WITNESS_FOUND,253699/9007199254740992,True,True,0.07420800102408975,22.41258400317747,0.3122909984085709,2.9882090020691976,5.031625005358364,34.519708999141585,"[""0"",""1""]","{""axis"":null,""sign"":null}","{""lower"":[""1775504786069582604904724365981944403078209951470119462696452036061353602025941332615262687077590212427928689623462356037185403781756373092111981447372255451819441548254043154231721678744894388436960497181962154603768752638004970519905261954251644867243542487510600910253812807893232334937554119050038315815663567"",""110390009421348404689475871935719781687716862174380113605658852377920523370664017782139251498324964957748073048739227944038958324218845576998548112451521568128395153940300036953638435410521096461717990250636100842051480432833159440596846986961191433411528014010111117059499582818574359240563755160105114864189440""],""ok"":true,""upper"":[""40172611237153868262818258214538743100306523777"",""2497683462235429791852000446536616488669806592""]}","[""131354014399263350636217732010376963278939"",""8166776806102523123120990578362437074944""]",A_r1_s31010_t2_factor,True,True,COMPLETE_SUCCESS,False,stationary,factor,4,0,False,76.23145799880149,110.73824999766657,110.74108300090302,1.6457261313443384e-08,True,True,COLLISION_WITNESSED,768785702659/9007199254740992,True,True,0.08012499893084168,5.157084000529721,0.19666700245579705,66.89516700134845,3.064875003474299,33.746083005098626,"[""6132961954361938232178884619"",""7764883315719934492685631488""]","{""axis"":1,""sign"":-1}","{""lower"":[""287984046909710686933251646990085012884293177491098148973659239528908993964744263897245571548967220887482458275105996365310465992777960130591210654360683421513331338275973761989521650486936151393563582062361850842065778954307406277413049698453137002027793931416796269604089996482162813912742914071399302759993213577958292086846816566768539406243"",""17905059454269159154923805981010129307091403073211904980877145400688558285635521315853732220782320221429150655898324164804078910958101851464680380565143055544822821375927247409898284417394645958186590161440939423348387029179509137579229021146631041070271673181605369489677094787213095787179576822158468483443774513779834156235901430411642798080""],""ok"":true,""upper"":[""298387703372843567069010248663854420950285783410555382677640530188400734313"",""18551894180173035460624623757800644416188580917193999060276865113572507648""]}","[""93445766807352250348317523898197491778085447964428002279"",""4945944027506491725008147255344302435110922786390933504""]",44.85499999282183,44.252124993363395
31010,3,0,31010_3,5eb07f2f6ff89b3cf4bd7219532ccaea0ad1c6d31e4d40ce0860fe4fc53b0980,fdd937a50ec8c4a28c62f2b1ec78ba15e46c7a39d0a01c699522bffc62cd1f36,39c75ee513e4a6561ba26d5df93519b85af6c42334b4156a9f8301ebc5e3b0b2,A_r0_s31010_t3_conic,True,True,COMPLETE_SUCCESS,False,optimal,conic,0,26,False,93.52345800289186,128.2019999998738,128.20508300501388,1.6320298189856198e-06,True,True,COLLISION_WITNESSED,85429108483/9007199254740992,True,True,0.06929200026206672,22.96454099996481,0.2906660010921769,66.39466700289631,3.0663330035167746,33.92791700025555,"[""6036800338836945764824909509"",""7764883315719934492685631488""]","{""axis"":1,""sign"":-1}","{""lower"":[""399637512231745220307575708240068912300171313825987865272456044959099261737149821392254710980393321166770893167885330619700075491641807227731458633216123004456989593824428560961800284448681228538120951778083824786724264289709392897413689006292944100325222230838775935842845171961211977120991829116577539173282858976441"",""24778707792639600705800650756658297137292699127951564080129334784946375164639896309736471771111601310117224692353302643016949159795004371661250736942569072770491774423432522825212430418810844345788210370324120782365044742930782636262506013686854360829392256434121595333542636982061407177274755405766925670840260362240""],""ok"":true,""upper"":[""15468786991906950275806463129484031928821706572603"",""959110449498405040071168171470060731649205731328""]}","[""31420303526634039165982508446949412296382042355309243053"",""1648648009168830575002715751781434145036974262130311168""]",A_r0_s31010_t3_factor,True,True,COMPLETE_SUCCESS,False,optimal,conic,4,26,True,102.67708299943479,137.38966699747834,137.39220800198382,1.6320298189856198e-06,True,True,COLLISION_WITNESSED,85429108483/9007199254740992,True,True,0.08279200119432062,30.791334000241477,0.3045410048798658,67.3582500021439,3.0811670003458858,33.61208299611462,"[""6036800338836945764824909509"",""7764883315719934492685631488""]","{""axis"":1,""sign"":-1}","{""lower"":[""399637512231745220307575708240068912300171313825987865272456044959099261737149821392254710980393321166770893167885330619700075491641807227731458633216123004456989593824428560961800284448681228538120951778083824786724264289709392897413689006292944100325222230838775935842845171961211977120991829116577539173282858976441"",""24778707792639600705800650756658297137292699127951564080129334784946375164639896309736471771111601310117224692353302643016949159795004371661250736942569072770491774423432522825212430418810844345788210370324120782365044742930782636262506013686854360829392256434121595333542636982061407177274755405766925670840260362240""],""ok"":true,""upper"":[""15468786991906950275806463129484031928821706572603"",""959110449498405040071168171470060731649205731328""]}","[""31420303526634039165982508446949412296382042355309243053"",""1648648009168830575002715751781434145036974262130311168""]",9.15362499654293,9.187666997604538
31010,3,1,31010_3,5eb07f2f6ff89b3cf4bd7219532ccaea0ad1c6d31e4d40ce0860fe4fc53b0980,fdd937a50ec8c4a28c62f2b1ec78ba15e46c7a39d0a01c699522bffc62cd1f36,39c75ee513e4a6561ba26d5df93519b85af6c42334b4156a9f8301ebc5e3b0b2,A_r1_s31010_t3_conic,True,True,COMPLETE_SUCCESS,False,optimal,conic,0,26,False,98.83520800212864,133.46158300555544,133.46416600688826,1.6320298189856198e-06,True,True,COLLISION_WITNESSED,85429108483/9007199254740992,True,True,0.0653750030323863,23.241709001013078,0.3011250009876676,71.41874999797437,3.0867919995216653,33.86591599701205,"[""6036800338836945764824909509"",""7764883315719934492685631488""]","{""axis"":1,""sign"":-1}","{""lower"":[""399637512231745220307575708240068912300171313825987865272456044959099261737149821392254710980393321166770893167885330619700075491641807227731458633216123004456989593824428560961800284448681228538120951778083824786724264289709392897413689006292944100325222230838775935842845171961211977120991829116577539173282858976441"",""24778707792639600705800650756658297137292699127951564080129334784946375164639896309736471771111601310117224692353302643016949159795004371661250736942569072770491774423432522825212430418810844345788210370324120782365044742930782636262506013686854360829392256434121595333542636982061407177274755405766925670840260362240""],""ok"":true,""upper"":[""15468786991906950275806463129484031928821706572603"",""959110449498405040071168171470060731649205731328""]}","[""31420303526634039165982508446949412296382042355309243053"",""1648648009168830575002715751781434145036974262130311168""]",A_r1_s31010_t3_factor,True,True,COMPLETE_SUCCESS,False,optimal,conic,4,26,True,101.97712499939371,136.8951249969541,136.8979999970179,1.6320298189856198e-06,True,True,COLLISION_WITNESSED,85429108483/9007199254740992,True,True,0.06658300117123872,31.33062500273809,0.295083002129104,66.1679590048152,3.0417500020121224,33.78966700256569,"[""6036800338836945764824909509"",""7764883315719934492685631488""]","{""axis"":1,""sign"":-1}","{""lower"":[""399637512231745220307575708240068912300171313825987865272456044959099261737149821392254710980393321166770893167885330619700075491641807227731458633216123004456989593824428560961800284448681228538120951778083824786724264289709392897413689006292944100325222230838775935842845171961211977120991829116577539173282858976441"",""24778707792639600705800650756658297137292699127951564080129334784946375164639896309736471771111601310117224692353302643016949159795004371661250736942569072770491774423432522825212430418810844345788210370324120782365044742930782636262506013686854360829392256434121595333542636982061407177274755405766925670840260362240""],""ok"":true,""upper"":[""15468786991906950275806463129484031928821706572603"",""959110449498405040071168171470060731649205731328""]}","[""31420303526634039165982508446949412296382042355309243053"",""1648648009168830575002715751781434145036974262130311168""]",3.1419169972650707,3.43354199139867
31010,4,0,31010_4,2d5a98bd4f9e5df56cefcca45ee10dd7e8d12133b35488c2d92790e4522bd2d0,fdd937a50ec8c4a28c62f2b1ec78ba15e46c7a39d0a01c699522bffc62cd1f36,39c75ee513e4a6561ba26d5df93519b85af6c42334b4156a9f8301ebc5e3b0b2,A_r0_s31010_t4_conic,True,True,COMPLETE_SUCCESS,False,optimal,conic,0,26,False,96.55299999576528,130.69399999949383,130.69712500146125,2.073410805784061e-05,True,True,COLLISION_WITNESSED,986225336067/9007199254740992,True,True,0.06349999603116885,22.96470800501993,0.2995000031660311,69.60266699752538,2.80745900090551,33.37783399911132,"[""23874492417969277375356381507"",""31059533262879737970742525952""]","{""axis"":1,""sign"":-1}","{""lower"":[""63282527781293606157565752370036341074481779310490859663237955816747370571795321314072854421049478792596881959717290885655235946595450935198698127840430670787901926464262583710869790773664525026810109085202664784242188934578125952432965216205197931231041795366179308128207640844838489155363359931219390818331"",""3914654093515470207417456494257285752806755431766321605692357625802069647607784908028310672492992192753175631821081902005098269193939937235067035098734206728048180271034745931005274716377534060629287562768554819387499639827457550344204669899584940819929371368360205277447579863663134274646546832231602585600""],""ok"":true,""upper"":[""553734488628949326187141559839929725482478391971"",""34253944624943037145398863266787883273185918976""]}","[""1520220664109593691642302048948826909610021248064055471639"",""79135104440103867600130356085508838961774764582254936064""]",A_r0_s31010_t4_factor,True,True,COMPLETE_SUCCESS,False,stationary,factor,4,0,False,77.39858399872901,109.13170900312252,109.13454199908301,1.600473436773816e-08,True,True,COLLISION_WITNESSED,990212177667/9007199254740992,True,True,0.07866699888836592,5.344333003449719,0.21083399769850075,68.07887499599019,2.815207997628022,30.975999994552694,"[""47748989400116996060478277371"",""62119066525759475941485051904""]","{""axis"":1,""sign"":-1}","{""lower"":[""12157629045782150060314285117782781358123017759630803775587006249328636331314463535909705533983154387554984789147464546439643623055375582467617339622121208764204471264293924738524431574664928237294974830663837481819442599291374471279701899284465299779544334812368997079659647715139240735989808614780235881182434604730397509037725479789393"",""752069378528814151682879031407670841972077974553846501513986322406482145204678614356145148852972761739234109949637807403139666098708148187909475002143529420501982106157729721100840394915782826363597885893768841747618859435779502436811737305097494100265414887186970557725958257139471492004825740190126801931602644941769820806250097541120""],""ok"":true,""upper"":[""1804969002675266486353994158306015690219"",""111655151645932933323919793063548944384""]}","[""868697559174436447569615239759445602186414042027632346753"",""45220059680059352914360203477433622263871294047002820608""]",-19.154415997036267,-21.562290996371303
31010,4,1,31010_4,2d5a98bd4f9e5df56cefcca45ee10dd7e8d12133b35488c2d92790e4522bd2d0,fdd937a50ec8c4a28c62f2b1ec78ba15e46c7a39d0a01c699522bffc62cd1f36,39c75ee513e4a6561ba26d5df93519b85af6c42334b4156a9f8301ebc5e3b0b2,A_r1_s31010_t4_conic,True,True,COMPLETE_SUCCESS,False,optimal,conic,0,26,False,96.50745899853064,130.4243749982561,130.42770899483003,2.073410805784061e-05,True,True,COLLISION_WITNESSED,986225336067/9007199254740992,True,True,0.06162499630590901,23.08574999915436,0.31104200024856254,69.33541699982015,2.9169589979574084,33.121499996923376,"[""23874492417969277375356381507"",""31059533262879737970742525952""]","{""axis"":1,""sign"":-1}","{""lower"":[""63282527781293606157565752370036341074481779310490859663237955816747370571795321314072854421049478792596881959717290885655235946595450935198698127840430670787901926464262583710869790773664525026810109085202664784242188934578125952432965216205197931231041795366179308128207640844838489155363359931219390818331"",""3914654093515470207417456494257285752806755431766321605692357625802069647607784908028310672492992192753175631821081902005098269193939937235067035098734206728048180271034745931005274716377534060629287562768554819387499639827457550344204669899584940819929371368360205277447579863663134274646546832231602585600""],""ok"":true,""upper"":[""553734488628949326187141559839929725482478391971"",""34253944624943037145398863266787883273185918976""]}","[""1520220664109593691642302048948826909610021248064055471639"",""79135104440103867600130356085508838961774764582254936064""]",A_r1_s31010_t4_factor,True,True,COMPLETE_SUCCESS,False,stationary,factor,4,0,False,77.39399999991292,109.56654100300511,109.56941600306891,1.600473436773816e-08,True,True,COLLISION_WITNESSED,990212177667/9007199254740992,True,True,0.07045800157357007,4.895958998531569,0.203417002921924,68.52125000295928,2.861834000214003,31.400249994476326,"[""47748989400116996060478277371"",""62119066525759475941485051904""]","{""axis"":1,""sign"":-1}","{""lower"":[""12157629045782150060314285117782781358123017759630803775587006249328636331314463535909705533983154387554984789147464546439643623055375582467617339622121208764204471264293924738524431574664928237294974830663837481819442599291374471279701899284465299779544334812368997079659647715139240735989808614780235881182434604730397509037725479789393"",""752069378528814151682879031407670841972077974553846501513986322406482145204678614356145148852972761739234109949637807403139666098708148187909475002143529420501982106157729721100840394915782826363597885893768841747618859435779502436811737305097494100265414887186970557725958257139471492004825740190126801931602644941769820806250097541120""],""ok"":true,""upper"":[""1804969002675266486353994158306015690219"",""111655151645932933323919793063548944384""]}","[""868697559174436447569615239759445602186414042027632346753"",""45220059680059352914360203477433622263871294047002820608""]",-19.113458998617716,-20.857833995250985
31010,5,0,31010_5,35e094e4e254b36a38034a618087361b1cc83196e5aae7fa3961dd088d75e5e8,fdd937a50ec8c4a28c62f2b1ec78ba15e46c7a39d0a01c699522bffc62cd1f36,39c75ee513e4a6561ba26d5df93519b85af6c42334b4156a9f8301ebc5e3b0b2,A_r0_s31010_t5_conic,True,True,COMPLETE_SUCCESS,False,optimal,conic,0,25,False,87.55725000082748,121.65183400065871,121.65491699852282,1.4374651989754208e-05,True,True,COLLISION_WITNESSED,2188617464421/18014398509481984,True,True,0.06820899579906836,22.32308300153818,0.3038750000996515,61.10958399949595,2.962333004688844,33.316375003778376,"[""979142253052126401986378085"",""970610414464991811585703936""]","{""axis"":1,""sign"":1}","{""lower"":[""2352885047386206497733285184935596774220524686925596075749409890419922395347044419671429140929521741984437249637526203969000511946063836812785360563580126506999458130711473565989514110044984509182107878612043099257753097843014928616122860830043781409649401814705186613662675912803551534914320464267916042962505"",""145279691558944869753678954153625039251265024248512482335853851838084210268668188602112144445189189205295440468273751089737220835306757253234412327357965747082493585687460947141034299014322661897986729119580502856335421959972781230366740935254193087379784962798196464076809457784288120778181036919322451116032""],""ok"":true,""upper"":[""1941667323005164002424744648807948731482988095161"",""119888806187300630008896021433757591456150716416""]}","[""499384765991889331859049698331396859164706928589200877"",""25760125143262977734417433621584908516202722845786112""]",A_r0_s31010_t5_factor,True,True,COMPLETE_SUCCESS,False,stationary,factor,4,0,False,72.87179199920502,106.50399999576621,106.50674999487819,1.5719926397300686e-08,True,True,COLLISION_WITNESSED,2187383503461/18014398509481984,True,True,0.07366699719568714,5.019500000344124,0.19762499869102612,63.8582920000772,2.9495000053429976,32.872290998057,"[""244784927502810644551214481"",""242652603616247952896425984""]","{""axis"":1,""sign"":1}","{""lower"":[""357559491436925338384209106696097478331868269641509002640819445617980283216706667574585554908173594831732630972346734604218176719432932080380115556939580433086394850099424803660272174519879243803422392504281401344999038203623126292937515096283359105279905391584456443949133407080712986629274607599879053103748206301844472626630334099980393"",""22077613463700360795303893051759537128269419687543384369241258560111419574289278949311456377753847881506796578013087706773859492853149122447880518071612830033560649819518471747263404694225974574520873895075247146468635744311799051710169839994146791414811843192481500235833943627453392556198494437744677343839097712366997767519620982374400""],""ok"":true,""upper"":[""226039826175192886545020418391900946033"",""13956893955741616665489974132943618048""]}","[""93634579864591200558358821030674221721966162811556031"",""4830023464361808325203268804047170346788010533584896""]",-14.685458001622465,-15.147834004892502
31010,5,1,31010_5,35e094e4e254b36a38034a618087361b1cc83196e5aae7fa3961dd088d75e5e8,fdd937a50ec8c4a28c62f2b1ec78ba15e46c7a39d0a01c699522bffc62cd1f36,39c75ee513e4a6561ba26d5df93519b85af6c42334b4156a9f8301ebc5e3b0b2,A_r1_s31010_t5_conic,True,True,COMPLETE_SUCCESS,False,optimal,conic,0,25,False,87.70179100247333,122.3530409988598,122.35554100334411,1.4374651989754208e-05,True,True,COLLISION_WITNESSED,2188617464421/18014398509481984,True,True,0.06345799920381978,22.473999997600913,0.3034999972442165,60.963749994698446,2.940874997875653,33.82216699537821,"[""979142253052126401986378085"",""970610414464991811585703936""]","{""axis"":1,""sign"":1}","{""lower"":[""2352885047386206497733285184935596774220524686925596075749409890419922395347044419671429140929521741984437249637526203969000511946063836812785360563580126506999458130711473565989514110044984509182107878612043099257753097843014928616122860830043781409649401814705186613662675912803551534914320464267916042962505"",""145279691558944869753678954153625039251265024248512482335853851838084210268668188602112144445189189205295440468273751089737220835306757253234412327357965747082493585687460947141034299014322661897986729119580502856335421959972781230366740935254193087379784962798196464076809457784288120778181036919322451116032""],""ok"":true,""upper"":[""1941667323005164002424744648807948731482988095161"",""119888806187300630008896021433757591456150716416""]}","[""499384765991889331859049698331396859164706928589200877"",""25760125143262977734417433621584908516202722845786112""]",A_r1_s31010_t5_factor,True,True,COMPLETE_SUCCESS,False,stationary,factor,4,0,False,69.42500000150176,103.21620800095843,103.21920800197404,1.5719926397300686e-08,True,True,COLLISION_WITNESSED,2187383503461/18014398509481984,True,True,0.0652919989079237,5.236917000729591,0.19283300207462162,60.10137500561541,2.8984579985262826,33.037458000762854,"[""244784927502810644551214481"",""242652603616247952896425984""]","{""axis"":1,""sign"":1}","{""lower"":[""357559491436925338384209106696097478331868269641509002640819445617980283216706667574585554908173594831732630972346734604218176719432932080380115556939580433086394850099424803660272174519879243803422392504281401344999038203623126292937515096283359105279905391584456443949133407080712986629274607599879053103748206301844472626630334099980393"",""22077613463700360795303893051759537128269419687543384369241258560111419574289278949311456377753847881506796578013087706773859492853149122447880518071612830033560649819518471747263404694225974574520873895075247146468635744311799051710169839994146791414811843192481500235833943627453392556198494437744677343839097712366997767519620982374400""],""ok"":true,""upper"":[""226039826175192886545020418391900946033"",""13956893955741616665489974132943618048""]}","[""93634579864591200558358821030674221721966162811556031"",""4830023464361808325203268804047170346788010533584896""]",-18.27679100097157,-19.136832997901365
31010,6,0,31010_6,6fa5a8ee486debd9c2f0ab35516b367d37705768aef4e36a868a68b9de544a7a,fdd937a50ec8c4a28c62f2b1ec78ba15e46c7a39d0a01c699522bffc62cd1f36,39c75ee513e4a6561ba26d5df93519b85af6c42334b4156a9f8301ebc5e3b0b2,A_r0_s31010_t6_conic,True,True,COMPLETE_SUCCESS,False,optimal,conic,0,30,False,91.84804099641042,125.57104099687422,125.57345799723407,1.2413435081913635e-05,True,True,COLLISION_WITNESSED,6983927102053/18014398509481984,True,True,0.06337499507935718,25.631208998674992,0.29241599986562505,62.33458300266648,2.7730410001822747,32.996292000461835,"[""239304814007222488797491175"",""242652603616247952896425984""]","{""axis"":1,""sign"":1}","{""lower"":[""300099677997069605505778539298274562911771075341212853839670266390547218795940108697638480791376626762891350374626888308625473921299733441937689905919839239730152754312728712903070598937032295719070650235981340194174337410977662775738698652543332597698686540136873298870725246840876888893520639758390164264213"",""18507499815130101057699587337037559705884727103198388138875704563892073971218973920819953042950622275854456242773395059943981861639381495485734301184914226025067898551107981378459237126611375944641568217584780752788758336614736494379818604569422906940069493362422122054974972794444259224958937056731925053440""],""ok"":true,""upper"":[""20250022533151727355162448151464388417157768691"",""1248841731117714895926000223268308244334903296""]}","[""91655554774032876810453735173054549913090933693760471"",""4830023464361808325203268804047170346788010533584896""]",A_r0_s31010_t6_factor,True,True,COMPLETE_SUCCESS,False,stationary,factor,7,0,False,74.22945799771696,106.37691699957941,106.38020799524384,1.54965950104848e-08,True,True,COLLISION_WITNESSED,6986061920869/18014398509481984,True,True,0.060874997870996594,8.229749997553881,0.19841599714709446,62.180125001759734,2.751415995589923,31.38520899665309,"[""478611595145112492445494057"",""485305207232495905792851968""]","{""axis"":1,""sign"":1}","{""lower"":[""879314270738309175315563667006341397543594083704572006604411444550347437587790969257587376679323899572650855442993917405011055599094080188328083469153070834935616881118386453187960142746536284579843416736364108118396959858878363593335179536773735339929627776629956786799845176047149747728253714186862597587627077518250683569621533678717"",""54228302991086574555161557139983911919371206396473120582724883177270228928963376431787212059629166278489007645376969535960957180123684882254577239948577835593605344870301255691443630199258831973739963357018483031889794640727832521180437365510834480514086608089923227456419193318408591524462899776822848977688951353961989865930856857600""],""ok"":true,""upper"":[""2413990798708597925637695678843624623407"",""148873535527910577765226390751398592512""]}","[""366622635078346877584696175041549095903411623638847759"",""19320093857447233300813075216188681387152042134339584""]",-17.618582998693455,-19.19412399729481
31010,6,1,31010_6,6fa5a8ee486debd9c2f0ab35516b367d37705768aef4e36a868a68b9de544a7a,fdd937a50ec8c4a28c62f2b1ec78ba15e46c7a39d0a01c699522bffc62cd1f36,39c75ee513e4a6561ba26d5df93519b85af6c42334b4156a9f8301ebc5e3b0b2,A_r1_s31010_t6_conic,True,True,COMPLETE_SUCCESS,False,optimal,conic,0,30,False,93.26129199325806,128.28999999328516,128.29287499334896,1.2413435081913635e-05,True,True,COLLISION_WITNESSED,6983927102053/18014398509481984,True,True,0.06895799742778763,25.876874999084976,0.30491699726553634,63.34791600238532,2.838249994965736,34.236833002069034,"[""239304814007222488797491175"",""242652603616247952896425984""]","{""axis"":1,""sign"":1}","{""lower"":[""300099677997069605505778539298274562911771075341212853839670266390547218795940108697638480791376626762891350374626888308625473921299733441937689905919839239730152754312728712903070598937032295719070650235981340194174337410977662775738698652543332597698686540136873298870725246840876888893520639758390164264213"",""18507499815130101057699587337037559705884727103198388138875704563892073971218973920819953042950622275854456242773395059943981861639381495485734301184914226025067898551107981378459237126611375944641568217584780752788758336614736494379818604569422906940069493362422122054974972794444259224958937056731925053440""],""ok"":true,""upper"":[""20250022533151727355162448151464388417157768691"",""1248841731117714895926000223268308244334903296""]}","[""91655554774032876810453735173054549913090933693760471"",""4830023464361808325203268804047170346788010533584896""]",A_r1_s31010_t6_factor,True,True,COMPLETE_SUCCESS,False,stationary,factor,7,0,False,75.78666700283065,107.58150000037858,107.58433400042122,1.54965950104848e-08,True,True,COLLISION_WITNESSED,6986061920869/18014398509481984,True,True,0.06891699740663171,7.950084000185598,0.19737499678740278,63.94745800207602,2.7780420059571043,31.09154200501507,"[""478611595145112492445494057"",""485305207232495905792851968""]","{""axis"":1,""sign"":1}","{""lower"":[""879314270738309175315563667006341397543594083704572006604411444550347437587790969257587376679323899572650855442993917405011055599094080188328083469153070834935616881118386453187960142746536284579843416736364108118396959858878363593335179536773735339929627776629956786799845176047149747728253714186862597587627077518250683569621533678717"",""54228302991086574555161557139983911919371206396473120582724883177270228928963376431787212059629166278489007645376969535960957180123684882254577239948577835593605344870301255691443630199258831973739963357018483031889794640727832521180437365510834480514086608089923227456419193318408591524462899776822848977688951353961989865930856857600""],""ok"":true,""upper"":[""2413990798708597925637695678843624623407"",""148873535527910577765226390751398592512""]}","[""366622635078346877584696175041549095903411623638847759"",""19320093857447233300813075216188681387152042134339584""]",-17.4746249904274,-20.70849999290658
31010,7,0,31010_7,45b1391f0dd4dfb6d6383f2ff1b8d4327c2ac74e0e5e4929469fabaa70d51778,fdd937a50ec8c4a28c62f2b1ec78ba15e46c7a39d0a01c699522bffc62cd1f36,39c75ee513e4a6561ba26d5df93519b85af6c42334b4156a9f8301ebc5e3b0b2,A_r0_s31010_t7_conic,True,True,COMPLETE_SUCCESS,False,optimal,conic,0,28,False,91.00362499884795,124.75983399781398,124.76291700295405,9.889974611666417e-06,True,True,COLLISION_WITNESSED,3682113616485/18014398509481984,True,True,0.06616699829464778,24.35841700207675,0.3115419967798516,62.629167005070485,2.829083001415711,33.04254099930404,"[""895585255523985376239891759"",""970610414464991811585703936""]","{""axis"":1,""sign"":1}","{""lower"":[""3468753206860601263837660298504846812398748220478036411590224245470638510425028011759571935826355574495136834219772424847480042237280127293029196273818777891799189274051083236313692330894435065388982270246176271965972961662930101168091714062771266418668903717841184250968195962410263323441180267188327411758089397247"",""213914978555659696651957536959477062807938745815443779064702422597706671471321072690993139625369680260550977002874134966051472769600000306287865423239690711585733352516663717592882215142882177103522855737022827195062561917771072182926842371130869625381106778816694042244869941927920253867251500492095856659188940800""],""ok"":true,""upper"":[""248840506560239361853813539224524860761034640174093"",""15345767191974480641138690743520971706387291701248""]}","[""204473110404811164964958291276735409951507458406593993"",""11040053632826990457607471552107817935515452648194048""]",A_r0_s31010_t7_factor,True,True,COMPLETE_SUCCESS,False,optimal,conic,4,28,True,98.92204200150445,133.58616700134007,133.5892920033075,9.889974611666417e-06,True,True,COLLISION_WITNESSED,3682113616485/18014398509481984,True,True,0.0694170012138784,32.96262500225566,0.31979099730961025,61.53604199789697,2.8045829967595637,33.559000003151596,"[""895585255523985376239891759"",""970610414464991811585703936""]","{""axis"":1,""sign"":1}","{""lower"":[""3468753206860601263837660298504846812398748220478036411590224245470638510425028011759571935826355574495136834219772424847480042237280127293029196273818777891799189274051083236313692330894435065388982270246176271965972961662930101168091714062771266418668903717841184250968195962410263323441180267188327411758089397247"",""213914978555659696651957536959477062807938745815443779064702422597706671471321072690993139625369680260550977002874134966051472769600000306287865423239690711585733352516663717592882215142882177103522855737022827195062561917771072182926842371130869625381106778816694042244869941927920253867251500492095856659188940800""],""ok"":true,""upper"":[""248840506560239361853813539224524860761034640174093"",""15345767191974480641138690743520971706387291701248""]}","[""204473110404811164964958291276735409951507458406593993"",""11040053632826990457607471552107817935515452648194048""]",7.918417002656497,8.826333003526088
31010,7,1,31010_7,45b1391f0dd4dfb6d6383f2ff1b8d4327c2ac74e0e5e4929469fabaa70d51778,fdd937a50ec8c4a28c62f2b1ec78ba15e46c7a39d0a01c699522bffc62cd1f36,39c75ee513e4a6561ba26d5df93519b85af6c42334b4156a9f8301ebc5e3b0b2,A_r1_s31010_t7_conic,True,True,COMPLETE_SUCCESS,False,optimal,conic,0,28,False,91.70400000584777,136.16654200450284,136.16966700647026,9.889974611666417e-06,True,True,COLLISION_WITNESSED,3682113616485/18014398509481984,True,True,0.06854200182715431,24.525917004211806,0.28141599614173174,63.05508300283691,2.85874999826774,43.67333400296047,"[""895585255523985376239891759"",""970610414464991811585703936""]","{""axis"":1,""sign"":1}","{""lower"":[""3468753206860601263837660298504846812398748220478036411590224245470638510425028011759571935826355574495136834219772424847480042237280127293029196273818777891799189274051083236313692330894435065388982270246176271965972961662930101168091714062771266418668903717841184250968195962410263323441180267188327411758089397247"",""213914978555659696651957536959477062807938745815443779064702422597706671471321072690993139625369680260550977002874134966051472769600000306287865423239690711585733352516663717592882215142882177103522855737022827195062561917771072182926842371130869625381106778816694042244869941927920253867251500492095856659188940800""],""ok"":true,""upper"":[""248840506560239361853813539224524860761034640174093"",""15345767191974480641138690743520971706387291701248""]}","[""204473110404811164964958291276735409951507458406593993"",""11040053632826990457607471552107817935515452648194048""]",A_r1_s31010_t7_factor,True,True,COMPLETE_SUCCESS,False,optimal,conic,4,28,True,101.33612500067102,136.36529100040207,136.36804099951405,9.889974611666417e-06,True,True,COLLISION_WITNESSED,3682113616485/18014398509481984,True,True,0.08891600009519607,33.73799999826588,0.3100829999311827,63.139833000604995,2.825916002620943,33.97120800218545,"[""895585255523985376239891759"",""970610414464991811585703936""]","{""axis"":1,""sign"":1}","{""lower"":[""3468753206860601263837660298504846812398748220478036411590224245470638510425028011759571935826355574495136834219772424847480042237280127293029196273818777891799189274051083236313692330894435065388982270246176271965972961662930101168091714062771266418668903717841184250968195962410263323441180267188327411758089397247"",""213914978555659696651957536959477062807938745815443779064702422597706671471321072690993139625369680260550977002874134966051472769600000306287865423239690711585733352516663717592882215142882177103522855737022827195062561917771072182926842371130869625381106778816694042244869941927920253867251500492095856659188940800""],""ok"":true,""upper"":[""248840506560239361853813539224524860761034640174093"",""15345767191974480641138690743520971706387291701248""]}","[""204473110404811164964958291276735409951507458406593993"",""11040053632826990457607471552107817935515452648194048""]",9.632124994823243,0.1987489958992228
31011,0,0,31011_0,bc83773ab2ccf5564b39d0a1dfdf388e926bb3d1cde3a86464529e55f59dcac4,fdd937a50ec8c4a28c62f2b1ec78ba15e46c7a39d0a01c699522bffc62cd1f36,39c75ee513e4a6561ba26d5df93519b85af6c42334b4156a9f8301ebc5e3b0b2,A_r0_s31011_t0_conic,True,True,COMPLETE_SUCCESS,False,optimal,conic,0,12,False,175.35062500246568,209.7382909996668,209.74150000256486,9.914610430029414e-05,True,True,COLLISION_WITNESSED,2034940360333/9007199254740992,True,True,33.962833003897686,65.52487499720883,0.32749999809311703,71.78691699664341,2.9755830037174746,33.63641600299161,"[""61771455350639673568616901879"",""124238133051518951882970103808""]","{""axis"":1,""sign"":-1}","{""lower"":[""256988565369281770795970378215522149134107307385643777624582155549687993334796711855721507524004821873885477865478528228828714573595776307481197444412963100751068568248319844501242691789176992550645762038557564079507675737481890621443420538458595049685731230759826683738938625236051167639366690041253"",""15698862905464356437851554267535368460758001732709801491414966738570097830199851778235459609410883570398511667712204882512211057793890828740201760652144648041046971912214345724482312451063077117938585352982861881628061262306302570354296987781748738029142909644793913092502673323059460099867693547520""],""ok"":true,""upper"":[""163548145153912448899150960282913043499746764473"",""9990733848941719167408001786146465954679226368""]}","[""21694626751185968945947668620985610198403451093294362967119"",""1266161671041661881602085697368141423388396233316078977024""]",A_r0_s31011_t0_factor,True,True,COMPLETE_SUCCESS,False,optimal,conic,0,12,True,144.62791699770605,179.38820800191024,179.39195800136076,9.914610430029414e-05,True,True,COLLISION_WITNESSED,2034940360333/9007199254740992,True,True,33.01133299828507,39.615959001821466,0.30783299735048786,67.85745899833273,3.0078750060056336,33.667707997665275,"[""61771455350639673568616901879"",""124238133051518951882970103808""]","{""axis"":1,""sign"":-1}","{""lower"":[""256988565369281770795970378215522149134107307385643777624582155549687993334796711855721507524004821873885477865478528228828714573595776307481197444412963100751068568248319844501242691789176992550645762038557564079507675737481890621443420538458595049685731230759826683738938625236051167639366690041253"",""15698862905464356437851554267535368460758001732709801491414966738570097830199851778235459609410883570398511667712204882512211057793890828740201760652144648041046971912214345724482312451063077117938585352982861881628061262306302570354296987781748738029142909644793913092502673323059460099867693547520""],""ok"":true,""upper"":[""163548145153912448899150960282913043499746764473"",""9990733848941719167408001786146465954679226368""]}","[""21694626751185968945947668620985610198403451093294362967119"",""1266161671041661881602085697368141423388396233316078977024""]",-30.722708004759625,-30.350082997756545
31011,0,1,31011_0,bc83773ab2ccf5564b39d0a1dfdf388e926bb3d1cde3a86464529e55f59dcac4,fdd937a50ec8c4a28c62f2b1ec78ba15e46c7a39d0a01c699522bffc62cd1f36,39c75ee513e4a6561ba26d5df93519b85af6c42334b4156a9f8301ebc5e3b0b2,A_r1_s31011_t0_conic,True,True,COMPLETE_SUCCESS,False,optimal,conic,0,12,False,142.97995900415117,177.0932500003255,177.09587499848567,9.914610430029414e-05,True,True,COLLISION_WITNESSED,2034940360333/9007199254740992,True,True,33.119792002253234,37.11266600294039,0.2967079999507405,68.59062500006985,2.977208001539111,33.381291999830864,"[""61771455350639673568616901879"",""124238133051518951882970103808""]","{""axis"":1,""sign"":-1}","{""lower"":[""256988565369281770795970378215522149134107307385643777624582155549687993334796711855721507524004821873885477865478528228828714573595776307481197444412963100751068568248319844501242691789176992550645762038557564079507675737481890621443420538458595049685731230759826683738938625236051167639366690041253"",""15698862905464356437851554267535368460758001732709801491414966738570097830199851778235459609410883570398511667712204882512211057793890828740201760652144648041046971912214345724482312451063077117938585352982861881628061262306302570354296987781748738029142909644793913092502673323059460099867693547520""],""ok"":true,""upper"":[""163548145153912448899150960282913043499746764473"",""9990733848941719167408001786146465954679226368""]}","[""21694626751185968945947668620985610198403451093294362967119"",""1266161671041661881602085697368141423388396233316078977024""]",A_r1_s31011_t0_factor,True,True,COMPLETE_SUCCESS,False,optimal,conic,0,12,True,173.76550000335556,208.0546669967589,208.05741700314684,9.914610430029414e-05,True,True,COLLISION_WITNESSED,2034940360333/9007199254740992,True,True,61.29966700245859,40.08791699743597,0.31833400134928524,67.95404200238409,3.0115420013316907,33.4478750010021,"[""61771455350639673568616901879"",""124238133051518951882970103808""]","{""axis"":1,""sign"":-1}","{""lower"":[""256988565369281770795970378215522149134107307385643777624582155549687993334796711855721507524004821873885477865478528228828714573595776307481197444412963100751068568248319844501242691789176992550645762038557564079507675737481890621443420538458595049685731230759826683738938625236051167639366690041253"",""15698862905464356437851554267535368460758001732709801491414966738570097830199851778235459609410883570398511667712204882512211057793890828740201760652144648041046971912214345724482312451063077117938585352982861881628061262306302570354296987781748738029142909644793913092502673323059460099867693547520""],""ok"":true,""upper"":[""163548145153912448899150960282913043499746764473"",""9990733848941719167408001786146465954679226368""]}","[""21694626751185968945947668620985610198403451093294362967119"",""1266161671041661881602085697368141423388396233316078977024""]",30.785540999204386,30.9614169964334
31011,1,0,31011_1,b3104ef2f9b1fc5b02a656cbd7a485932ecffc76f2ab2b8470f217f771c7e96f,fdd937a50ec8c4a28c62f2b1ec78ba15e46c7a39d0a01c699522bffc62cd1f36,39c75ee513e4a6561ba26d5df93519b85af6c42334b4156a9f8301ebc5e3b0b2,A_r0_s31011_t1_conic,True,True,COMPLETE_SUCCESS,False,optimal,conic,0,28,False,89.31466699868906,123.89166700450005,123.894709002343,1.78187704436378e-06,True,True,COLLISION_WITNESSED,2125821556365/9007199254740992,True,True,0.06812500214437023,24.087958001473453,0.3096669970545918,61.19879199832212,2.831625002727378,33.812415997090284,"[""912078543213123684685445105127"",""1987810128824303230127521660928""]","{""axis"":1,""sign"":-1}","{""lower"":[""6144857569893697358085024142236719972155232005866544659360344297299347827488938083291715490144075487665765357846760634814283547246049147623381505921788613242646333647718716490745333201282616305280881779531941034804342389567172308885980554580668199139865797476914530873523719206061364855763318402020614824102316943"",""374161693167661954434167705688819577476758309749047403929466612039270875943543179505083531418527368755154274980193234113235394901674414434149088875393522328101090189065104913241232560711221202374654417599230933942672898616832702830941738043328097725768612570256074403244456754948015563442665167168813185147863040""],""ok"":true,""upper"":[""7875736416945484240446004290095626909181588176609"",""479555224749202520035584085735030365824602865664""]}","[""5480758202711088417902046130034165225828676079757206048090159"",""324137387786665441690133938526244204387429435728916218118144""]",A_r0_s31011_t1_factor,True,True,COMPLETE_SUCCESS,False,stationary,factor,4,0,False,70.11962499382207,102.5642499953392,102.56629200011957,1.640135551436228e-08,True,True,COLLISION_WITNESSED,2125749638797/9007199254740992,True,True,0.09679199865786359,4.794833999767434,0.2008340015891008,61.212916996737476,2.986291001434438,31.583541000145487,"[""3648313773204321017899148116905"",""7951240515297212920510086643712""]","{""axis"":1,""sign"":-1}","{""lower"":[""142983819042581564266265340140065784321722346861535169647893572177022571465524567814054393792585551784429067145961014207592575801294163578799392738203357201636687507268016392527564834241478566290389391907697753132613377429149101611422299100877482699328912752516378019388559971315542809501077529437487694096126872026775575854360659690660009"",""8706314422641207014019271720144515478147954517269090646622271024016509280676199157719532520763805041050406333285695940670015895980924519503967812960208164902833743513978588743559332299859302339013826695493035242344754720550163376387982280169675087699348005010817851252511912370312764324769268293242686496761392561236419984947955651051520""],""ok"":true,""upper"":[""1072983934634280414242236444036276789376957"",""65334214448820184984967924626899496599552""]}","[""4175815540461041855246836600309795652347783119727748724694419"",""246961819266030812716292524591424155723755760555364737613824""]",-19.19504200486699,-21.327417009160854
31011,1,1,31011_1,b3104ef2f9b1fc5b02a656cbd7a485932ecffc76f2ab2b8470f217f771c7e96f,fdd937a50ec8c4a28c62f2b1ec78ba15e46c7a39d0a01c699522bffc62cd1f36,39c75ee513e4a6561ba26d5df93519b85af6c42334b4156a9f8301ebc5e3b0b2,A_r1_s31011_t1_conic,True,True,COMPLETE_SUCCESS,False,optimal,conic,0,28,False,87.82725000492064,122.20108300243737,122.203791004722,1.78187704436378e-06,True,True,COLLISION_WITNESSED,2125821556365/9007199254740992,True,True,0.05975000385660678,24.057665999862365,0.30333299946505576,59.649292001267895,2.872666998882778,33.61862499878043,"[""912078543213123684685445105127"",""1987810128824303230127521660928""]","{""axis"":1,""sign"":-1}","{""lower"":[""6144857569893697358085024142236719972155232005866544659360344297299347827488938083291715490144075487665765357846760634814283547246049147623381505921788613242646333647718716490745333201282616305280881779531941034804342389567172308885980554580668199139865797476914530873523719206061364855763318402020614824102316943"",""374161693167661954434167705688819577476758309749047403929466612039270875943543179505083531418527368755154274980193234113235394901674414434149088875393522328101090189065104913241232560711221202374654417599230933942672898616832702830941738043328097725768612570256074403244456754948015563442665167168813185147863040""],""ok"":true,""upper"":[""7875736416945484240446004290095626909181588176609"",""479555224749202520035584085735030365824602865664""]}","[""5480758202711088417902046130034165225828676079757206048090159"",""324137387786665441690133938526244204387429435728916218118144""]",A_r1_s31011_t1_factor,True,True,COMPLETE_SUCCESS,False,stationary,factor,4,0,False,69.99862500379095,102.2692080005072,102.2727079980541,1.640135551436228e-08,True,True,COLLISION_WITNESSED,2125749638797/9007199254740992,True,True,0.061291997553780675,5.122333001054358,0.29266699857544154,60.76862499321578,2.9392500000540167,31.477249998715706,"[""3648313773204321017899148116905"",""7951240515297212920510086643712""]","{""axis"":1,""sign"":-1}","{""lower"":[""142983819042581564266265340140065784321722346861535169647893572177022571465524567814054393792585551784429067145961014207592575801294163578799392738203357201636687507268016392527564834241478566290389391907697753132613377429149101611422299100877482699328912752516378019388559971315542809501077529437487694096126872026775575854360659690660009"",""8706314422641207014019271720144515478147954517269090646622271024016509280676199157719532520763805041050406333285695940670015895980924519503967812960208164902833743513978588743559332299859302339013826695493035242344754720550163376387982280169675087699348005010817851252511912370312764324769268293242686496761392561236419984947955651051520""],""ok"":true,""upper"":[""1072983934634280414242236444036276789376957"",""65334214448820184984967924626899496599552""]}","[""4175815540461041855246836600309795652347783119727748724694419"",""246961819266030812716292524591424155723755760555364737613824""]",-17.828625001129694,-19.931875001930166
31011,2,0,31011_2,be246562a78ffb9df6d90dc8010940a5ee98dbfe313e68e1272ed2a8d0ea877d,fdd937a50ec8c4a28c62f2b1ec78ba15e46c7a39d0a01c699522bffc62cd1f36,39c75ee513e4a6561ba26d5df93519b85af6c42334b4156a9f8301ebc5e3b0b2,A_r0_s31011_t2_conic,True,True,COMPLETE_SUCCESS,False,optimal,conic,0,27,False,87.10770900506759,121.05120900378097,121.0539170060656,1.5347009064122093e-05,True,True,COLLISION_WITNESSED,672179209719/18014398509481984,True,True,0.0760000039008446,23.795749999408145,0.32241699955193326,59.46133300312795,2.6409580023027956,33.16400000039721,"[""93606824426934073791330405"",""121326301808123976448212992""]","{""axis"":1,""sign"":-1}","{""lower"":[""9901297446756771351053376362746372835376410456603521945834905735403022136633973333782192941265642118232257628783957837979950990962027473973618534536571950558339082380175261304867043268980694390060328806341678010207656929619741436504557070806399834293505113975092099236783966127031252435940357409967560715864145563"",""603961928223625154531869855334893541841958338227188902532713867436092396776794363109791135297305119181026344355258054791302073504113218094058081508160921840782542127841240742984003337447514020477610199534427321121085473296077097284918138450965274034506249984977263423223725538414470379271102612674398198893117440""],""ok"":true,""upper"":[""655149376351616347953061094390413871042808806797"",""39962935395766876669632007144585863818716905472""]}","[""10383977267022716730921864143899399341806255464363277"",""603752933045226040650408600505896293348501316698112""]",A_r0_s31011_t2_factor,True,True,COMPLETE_SUCCESS,False,optimal,conic,4,27,True,97.22412500559585,132.07445900479797,132.07741700171027,1.5347009064122093e-05,True,True,COLLISION_WITNESSED,672179209719/18014398509481984,True,True,0.06862500595161691,32.23429100034991,0.3098340021097101,60.67370799428318,2.8160420042695478,33.774333001929335,"[""93606824426934073791330405"",""121326301808123976448212992""]","{""axis"":1,""sign"":-1}","{""lower"":[""9901297446756771351053376362746372835376410456603521945834905735403022136633973333782192941265642118232257628783957837979950990962027473973618534536571950558339082380175261304867043268980694390060328806341678010207656929619741436504557070806399834293505113975092099236783966127031252435940357409967560715864145563"",""603961928223625154531869855334893541841958338227188902532713867436092396776794363109791135297305119181026344355258054791302073504113218094058081508160921840782542127841240742984003337447514020477610199534427321121085473296077097284918138450965274034506249984977263423223725538414470379271102612674398198893117440""],""ok"":true,""upper"":[""655149376351616347953061094390413871042808806797"",""39962935395766876669632007144585863818716905472""]}","[""10383977267022716730921864143899399341806255464363277"",""603752933045226040650408600505896293348501316698112""]",10.116416000528261,11.023250001017004
31011,2,1,31011_2,be246562a78ffb9df6d90dc8010940a5ee98dbfe313e68e1272ed2a8d0ea877d,fdd937a50ec8c4a28c62f2b1ec78ba15e46c7a39d0a01c699522bffc62cd1f36,39c75ee513e4a6561ba26d5df93519b85af6c42334b4156a9f8301ebc5e3b0b2,A_r1_s31011_t2_conic,True,True,COMPLETE_SUCCESS,False,optimal,conic,0,27,False,87.33979200042086,121.77016699570231,121.77312499989057,1.5347009064122093e-05,True,True,COLLISION_WITNESSED,672179209719/18014398509481984,True,True,0.0656669944874011,23.257167005795054,0.3003329984494485,60.05462500615977,2.8477919986471534,33.618875000684056,"[""93606824426934073791330405"",""121326301808123976448212992""]","{""axis"":1,""sign"":-1}","{""lower"":[""9901297446756771351053376362746372835376410456603521945834905735403022136633973333782192941265642118232257628783957837979950990962027473973618534536571950558339082380175261304867043268980694390060328806341678010207656929619741436504557070806399834293505113975092099236783966127031252435940357409967560715864145563"",""603961928223625154531869855334893541841958338227188902532713867436092396776794363109791135297305119181026344355258054791302073504113218094058081508160921840782542127841240742984003337447514020477610199534427321121085473296077097284918138450965274034506249984977263423223725538414470379271102612674398198893117440""],""ok"":true,""upper"":[""655149376351616347953061094390413871042808806797"",""39962935395766876669632007144585863818716905472""]}","[""10383977267022716730921864143899399341806255464363277"",""603752933045226040650408600505896293348501316698112""]",A_r1_s31011_t2_factor,True,True,COMPLETE_SUCCESS,False,optimal,conic,4,27,True,97.41062499961117,132.49050000013085,132.4945829983335,1.5347009064122093e-05,True,True,COLLISION_WITNESSED,672179209719/18014398509481984,True,True,0.07066599937388673,32.675124995876104,0.316625002596993,60.476041995570995,2.7049159980379045,33.93212499941001,"[""93606824426934073791330405"",""121326301808123976448212992""]","{""axis"":1,""sign"":-1}","{""lower"":[""9901297446756771351053376362746372835376410456603521945834905735403022136633973333782192941265642118232257628783957837979950990962027473973618534536571950558339082380175261304867043268980694390060328806341678010207656929619741436504557070806399834293505113975092099236783966127031252435940357409967560715864145563"",""603961928223625154531869855334893541841958338227188902532713867436092396776794363109791135297305119181026344355258054791302073504113218094058081508160921840782542127841240742984003337447514020477610199534427321121085473296077097284918138450965274034506249984977263423223725538414470379271102612674398198893117440""],""ok"":true,""upper"":[""655149376351616347953061094390413871042808806797"",""39962935395766876669632007144585863818716905472""]}","[""10383977267022716730921864143899399341806255464363277"",""603752933045226040650408600505896293348501316698112""]",10.070832999190316,10.72033300442854
31011,3,0,31011_3,096b8935a0b1cc3ea01ad5fd34e5cf4ccd96e12425453bf3a9efcb400f652686,fdd937a50ec8c4a28c62f2b1ec78ba15e46c7a39d0a01c699522bffc62cd1f36,39c75ee513e4a6561ba26d5df93519b85af6c42334b4156a9f8301ebc5e3b0b2,A_r0_s31011_t3_conic,True,True,COMPLETE_SUCCESS,False,optimal,conic,0,28,False,90.52137500111712,125.0392500005546,125.04208300379105,1.6962787673674246e-06,True,True,COLLISION_WITNESSED,128811615735/18014398509481984,True,True,0.07300000288523734,23.923749999084976,0.3099590030615218,62.53633300366346,2.9470829977071844,33.72566700272728,"[""185875136504357585374736163"",""242652603616247952896425984""]","{""axis"":1,""sign"":-1}","{""lower"":[""32338307722935250636407290198187200281211570525994755586175705033281770772744160477875548537529968394079431447491966816867204788577575984998333786922297103374845756370631098244080413701541482517885878254561110635810572211753139257284695924595654531857203433709984220170792205294142223556162847916357715871198100227318440761"",""1979655220256733670362235292968213725102459636944292000218344640569826130837019302033155694147968570846882867491481247060677071635979927815497293657982563033386999121888326678025059578599492341365291525706411384683560902384225833806293044442217730040833499607978093877883184727662487317518873022515478892945369890050539520""],""ok"":true,""upper"":[""15667380743641767523669566962305339958895496369153"",""959110449498405040071168171470060731649205731328""]}","[""1980859096740954474198606036689111548919781350924373"",""115000558675281150600077828667789770161619298418688""]",A_r0_s31011_t3_factor,True,True,COMPLETE_SUCCESS,False,stationary,factor,4,0,False,41.469292002147995,73.97095800115494,73.97366700024577,1.4804356697309533e-08,False,False,NO_NEGATIVE_WITNESS_FOUND,-14857/18014398509481984,True,True,0.05791700095869601,5.277917000057641,0.20429200230864808,2.9237499984446913,32.45691699703457,31.942582994815893,"[""0"",""1""]","{""axis"":null,""sign"":null}","{""lower"":[""17375398555715431156681633622956420854901678457330096595499774063832978400819003251559149102185399015245840268945622521017448844322506346270808978020738655465641244733916643346546529876178155995304127158114523923203672641196738660373710638844967373992273653026245770269977497329966575323495621139832310518179981127737599352313690971327116866695057"",""1063670220811118955276473433144520631210219551867422514865197750656438094516101540954576447753103211309336450344190006440219471226987466784569132612695475219187267740455659767326145949826686263094750369266132003694326471552734169179183264508326379094353331703420679813102066456564327794955600449010051053992098740299651571524615093734312708669440""],""ok"":true,""upper"":[""2673899646749263737827657120539275843997731673569577"",""163688183381061126838812701264223698201464444813312""]}","[""116731082965966069801404539053579787779451"",""7145929705339707732730866756067132440576""]",-49.05208299896913,-51.06829199939966
31011,3,1,31011_3,096b8935a0b1cc3ea01ad5fd34e5cf4ccd96e12425453bf3a9efcb400f652686,fdd937a50ec8c4a28c62f2b1ec78ba15e46c7a39d0a01c699522bffc62cd1f36,39c75ee513e4a6561ba26d5df93519b85af6c42334b4156a9f8301ebc5e3b0b2,A_r1_s31011_t3_conic,True,True,COMPLETE_SUCCESS,False,optimal,conic,0,28,False,90.90483399631921,125.27645899535855,125.27912500081584,1.6962787673674246e-06,True,True,COLLISION_WITNESSED,128811615735/18014398509481984,True,True,0.059499994677025825,24.26370800094446,0.3140420012641698,62.3050840003998,3.1249169987859204,33.60775000328431,"[""185875136504357585374736163"",""242652603616247952896425984""]","{""axis"":1,""sign"":-1}","{""lower"":[""32338307722935250636407290198187200281211570525994755586175705033281770772744160477875548537529968394079431447491966816867204788577575984998333786922297103374845756370631098244080413701541482517885878254561110635810572211753139257284695924595654531857203433709984220170792205294142223556162847916357715871198100227318440761"",""1979655220256733670362235292968213725102459636944292000218344640569826130837019302033155694147968570846882867491481247060677071635979927815497293657982563033386999121888326678025059578599492341365291525706411384683560902384225833806293044442217730040833499607978093877883184727662487317518873022515478892945369890050539520""],""ok"":true,""upper"":[""15667380743641767523669566962305339958895496369153"",""959110449498405040071168171470060731649205731328""]}","[""1980859096740954474198606036689111548919781350924373"",""115000558675281150600077828667789770161619298418688""]",A_r1_s31011_t3_factor,True,True,COMPLETE_SUCCESS,False,stationary,factor,4,0,False,41.45299999800045,73.97362499614246,73.97625000157859,1.4804356697309533e-08,False,False,NO_NEGATIVE_WITNESS_FOUND,-14857/18014398509481984,True,True,0.07412499689962715,4.97824999911245,0.1953329992829822,2.9375419981079176,32.71037499507656,31.97054199699778,"[""0"",""1""]","{""axis"":null,""sign"":null}","{""lower"":[""17375398555715431156681633622956420854901678457330096595499774063832978400819003251559149102185399015245840268945622521017448844322506346270808978020738655465641244733916643346546529876178155995304127158114523923203672641196738660373710638844967373992273653026245770269977497329966575323495621139832310518179981127737599352313690971327116866695057"",""1063670220811118955276473433144520631210219551867422514865197750656438094516101540954576447753103211309336450344190006440219471226987466784569132612695475219187267740455659767326145949826686263094750369266132003694326471552734169179183264508326379094353331703420679813102066456564327794955600449010051053992098740299651571524615093734312708669440""],""ok"":true,""upper"":[""2673899646749263737827657120539275843997731673569577"",""163688183381061126838812701264223698201464444813312""]}","[""116731082965966069801404539053579787779451"",""7145929705339707732730866756067132440576""]",-49.45183399831876,-51.30283399921609
31011,4,0,31011_4,c5629c47dcceeb5e1bffec97a476faab035777a014a02c868c96a810aecacbe5,fdd937a50ec8c4a28c62f2b1ec78ba15e46c7a39d0a01c699522bffc62cd1f36,39c75ee513e4a6561ba26d5df93519b85af6c42334b4156a9f8301ebc5e3b0b2,A_r0_s31011_t4_conic,True,True,COMPLETE_SUCCESS,False,optimal,conic,0,30,False,88.91199999925448,123.51979200320784,123.52258300234098,1.7239485787777623e-06,True,True,COLLISION_WITNESSED,505656133111/18014398509481984,True,True,0.06316699727904052,25.702082995849196,0.3201669969712384,59.22020800062455,2.833999998983927,33.83858299639542,"[""92412803073050776723459095"",""121326301808123976448212992""]","{""axis"":1,""sign"":-1}","{""lower"":[""35740821277120640713018109010065726937963932078371870783622182673817769996439123376026806233464214090819459553521528375872772467844816371919765144269350120777869269959945790105359268705996853974134041894433164224843959645984209042284996478259386597018051741200565844319292233208471708556211360985230429267211293875248425789"",""2193822172672638979650158415779712579147716963290462038960415183573481632528639226481261122599598453373905263936067895157036234333255762217391683060415970896752866433205356108200877821624918935182597166320951900389737734149863252671880675302099770759407715653530129134291114979241250674189254530631656901532560464501800960""],""ok"":true,""upper"":[""651059279381090823192336340170726032928336711117"",""39962935395766876669632007144585863818716905472""]}","[""95327704037441824873287257891717227793474529754662499"",""5520026816413495228803735776053908967757726324097024""]",A_r0_s31011_t4_factor,True,True,COMPLETE_SUCCESS,False,stationary,factor,3,0,False,65.42720799916424,101.10979199816938,101.1122920026537,3.0966862203829834e-08,True,True,COLLISION_WITNESSED,511060772343/18014398509481984,True,True,0.060208003560546786,3.9681249982095324,0.19554200116544962,57.475166002404876,2.763958000286948,34.921708996989764,"[""5775798830018948157857769"",""7582893863007748528013312""]","{""axis"":1,""sign"":-1}","{""lower"":[""14065228622409444571418349350654934246597275518127435601510293194668092441101860795443402544240632277542604562055976442910875796840867413938310111148910276082206102358517309870226625752427870751901135890665850085376146854049826648882956509072265648265841239316676933655255650203040084587962342924831254561087295597725754647445904937567274917787"",""863343540727813175395118279206548625434768424609401745576330492432643586112434765442097321995103893624806523900043479717192305499517640302969609392660474335362601866485351484865109169559672518748429304101349855939602925422356008700096409372000646921607560546014096177820279337859828409725542118041233795537699588078897386442913372961389936640""],""ok"":true,""upper"":[""36894486254560646167168411009053123762607562835770512701444157349369279"",""2264635520040653742752029267309648976585520131493408088412703260934144""]}","[""190655336680644650076521985492967198585220127231769283"",""11040053632826990457607471552107817935515452648194048""]",-23.484792000090238,-22.410000005038455
31011,4,1,31011_4,c5629c47dcceeb5e1bffec97a476faab035777a014a02c868c96a810aecacbe5,fdd937a50ec8c4a28c62f2b1ec78ba15e46c7a39d0a01c699522bffc62cd1f36,39c75ee513e4a6561ba26d5df93519b85af6c42334b4156a9f8301ebc5e3b0b2,A_r1_s31011_t4_conic,True,True,COMPLETE_SUCCESS,False,optimal,conic,0,30,False,88.79641599924071,123.26554099854548,123.26816599670565,1.7239485787777623e-06,True,True,COLLISION_WITNESSED,505656133111/18014398509481984,True,True,0.06570800178451464,25.421582999115344,0.3080000024056062,59.26683299912838,2.9159170007915236,33.659583001281135,"[""92412803073050776723459095"",""121326301808123976448212992""]","{""axis"":1,""sign"":-1}","{""lower"":[""35740821277120640713018109010065726937963932078371870783622182673817769996439123376026806233464214090819459553521528375872772467844816371919765144269350120777869269959945790105359268705996853974134041894433164224843959645984209042284996478259386597018051741200565844319292233208471708556211360985230429267211293875248425789"",""2193822172672638979650158415779712579147716963290462038960415183573481632528639226481261122599598453373905263936067895157036234333255762217391683060415970896752866433205356108200877821624918935182597166320951900389737734149863252671880675302099770759407715653530129134291114979241250674189254530631656901532560464501800960""],""ok"":true,""upper"":[""651059279381090823192336340170726032928336711117"",""39962935395766876669632007144585863818716905472""]}","[""95327704037441824873287257891717227793474529754662499"",""5520026816413495228803735776053908967757726324097024""]",A_r1_s31011_t4_factor,True,True,COMPLETE_SUCCESS,False,stationary,factor,3,0,False,67.8364999985206,103.97495800134493,103.97762500360841,3.0966862203829834e-08,True,True,COLLISION_WITNESSED,511060772343/18014398509481984,True,True,0.0711250031599775,4.484500001126435,0.19608399452408776,59.44691700278781,2.7893329970538616,35.298874994623475,"[""5775798830018948157857769"",""7582893863007748528013312""]","{""axis"":1,""sign"":-1}","{""lower"":[""14065228622409444571418349350654934246597275518127435601510293194668092441101860795443402544240632277542604562055976442910875796840867413938310111148910276082206102358517309870226625752427870751901135890665850085376146854049826648882956509072265648265841239316676933655255650203040084587962342924831254561087295597725754647445904937567274917787"",""863343540727813175395118279206548625434768424609401745576330492432643586112434765442097321995103893624806523900043479717192305499517640302969609392660474335362601866485351484865109169559672518748429304101349855939602925422356008700096409372000646921607560546014096177820279337859828409725542118041233795537699588078897386442913372961389936640""],""ok"":true,""upper"":[""36894486254560646167168411009053123762607562835770512701444157349369279"",""2264635520040653742752029267309648976585520131493408088412703260934144""]}","[""190655336680644650076521985492967198585220127231769283"",""11040053632826990457607471552107817935515452648194048""]",-20.959916000720114,-19.290582997200545
31011,5,0,31011_5,b46b5c560e430a4c61b5a14585ae43b5e6722ddd9b6935fa038764ffae6ef5f2,fdd937a50ec8c4a28c62f2b1ec78ba15e46c7a39d0a01c699522bffc62cd1f36,39c75ee513e4a6561ba26d5df93519b85af6c42334b4156a9f8301ebc5e3b0b2,A_r0_s31011_t5_conic,True,True,COMPLETE_SUCCESS,False,optimal,conic,0,28,False,103.85191699606366,137.8254579976783,137.8282079967903,1.8958906585133e-05,True,True,COLLISION_WITNESSED,75255125645/9007199254740992,True,True,0.06474999827332795,24.571333000494633,0.31549999403068796,75.0132079992909,3.169999996316619,33.22462499636458,"[""741976549836364868017531761"",""970610414464991811585703936""]","{""axis"":1,""sign"":-1}","{""lower"":[""1758783656611966984838330721268435943495809767412702482400887101817430940679652386599616896014910845887129274138812770131928153347735737119768959895781013330797149954163401887978142735204780589668159191368673973999114918510957835016432615948996621001906357131415551647547462408153648791589185723193219431883523149"",""108180738051549288913493079141724366951254173196229863038161760174848795782204749574708005733571461515715548372668938212908109077724316276490478232812046760885519082537123675805553082296866283118485122348132271497561509675326925478658887815564392776499243169566480040485541794404951838180050878612770620702720000""],""ok"":true,""upper"":[""83163036524265499426820913500279850179334560454811"",""5115255730658160213712896914506990568795763900416""]}","[""446737475881687729489783499554272075669571799676253477"",""25760125143262977734417433621584908516202722845786112""]",A_r0_s31011_t5_factor,True,True,COMPLETE_SUCCESS,False,stationary,factor,4,0,False,83.99583299615188,141.15458299784223,141.15737500105752,1.484162760626502e-08,True,True,NO_NEGATIVE_WITNESS_FOUND,80551392909/9007199254740992,True,True,0.07224999717436731,5.342124997696374,0.185042001248803,74.46904099924723,3.1011659957584925,56.385290998150595,"[""370988245650928773855909465"",""485305207232495905792851968""]","{""axis"":1,""sign"":-1}","{""lower"":[""56370347836924739929661969232522237707973525345036658031517645763164603892450471232809042281693813201103175998614938124073064258312333249461949343997456303799520928235812032406752557573966783855850916357602541484727733721741743992899902398910769077934922261390289608084628026039514195963470885879012240942805860374680402228457559806417825905589"",""3467270524302006370654907750939207178267425832031239145153463798796208138846730375160962280089730632098799080918205169896112926719714026257355315013460174154688038804513492020783079419119024461519023456209421128346073704261151309908563509191858760173331988299947060462169802906285953148832853131978347914233079066372598053669907248734294507520""],""ok"":true,""upper"":[""1811130553053427198108301988001420806910478782501999166168708067811337927956705477883708499"",""111400404955792207842805623584887868182502177778605888706663930824067727330807476119404544""]}","[""47864709779566895313358982421502214958667680087324097"",""2760013408206747614401867888026954483878863162048512""]",-19.85608399991179,3.3291250001639128
31011,5,1,31011_5,b46b5c560e430a4c61b5a14585ae43b5e6722ddd9b6935fa038764ffae6ef5f2,fdd937a50ec8c4a28c62f2b1ec78ba15e46c7a39d0a01c699522bffc62cd1f36,39c75ee513e4a6561ba26d5df93519b85af6c42334b4156a9f8301ebc5e3b0b2,A_r1_s31011_t5_conic,True,True,COMPLETE_SUCCESS,False,optimal,conic,0,28,False,98.68233300221618,133.16841699997894,133.1720829984988,1.8958906585133e-05,True,True,COLLISION_WITNESSED,75255125645/9007199254740992,True,True,0.07000000186963007,24.482000000716653,0.30300000071292743,69.92295899544843,3.1769999986863695,33.63799999351613,"[""741976549836364868017531761"",""970610414464991811585703936""]","{""axis"":1,""sign"":-1}","{""lower"":[""1758783656611966984838330721268435943495809767412702482400887101817430940679652386599616896014910845887129274138812770131928153347735737119768959895781013330797149954163401887978142735204780589668159191368673973999114918510957835016432615948996621001906357131415551647547462408153648791589185723193219431883523149"",""108180738051549288913493079141724366951254173196229863038161760174848795782204749574708005733571461515715548372668938212908109077724316276490478232812046760885519082537123675805553082296866283118485122348132271497561509675326925478658887815564392776499243169566480040485541794404951838180050878612770620702720000""],""ok"":true,""upper"":[""83163036524265499426820913500279850179334560454811"",""5115255730658160213712896914506990568795763900416""]}","[""446737475881687729489783499554272075669571799676253477"",""25760125143262977734417433621584908516202722845786112""]",A_r1_s31011_t5_factor,True,True,COMPLETE_SUCCESS,False,stationary,factor,4,0,False,84.45758399466285,142.19091699487763,142.19387499906588,1.484162760626502e-08,True,True,NO_NEGATIVE_WITNESS_FOUND,80551392909/9007199254740992,True,True,0.0636670010862872,5.077083005744498,0.20862500241491944,75.27654099976644,3.0045839957892895,56.965333002153784,"[""370988245650928773855909465"",""485305207232495905792851968""]","{""axis"":1,""sign"":-1}","{""lower"":[""56370347836924739929661969232522237707973525345036658031517645763164603892450471232809042281693813201103175998614938124073064258312333249461949343997456303799520928235812032406752557573966783855850916357602541484727733721741743992899902398910769077934922261390289608084628026039514195963470885879012240942805860374680402228457559806417825905589"",""3467270524302006370654907750939207178267425832031239145153463798796208138846730375160962280089730632098799080918205169896112926719714026257355315013460174154688038804513492020783079419119024461519023456209421128346073704261151309908563509191858760173331988299947060462169802906285953148832853131978347914233079066372598053669907248734294507520""],""ok"":true,""upper"":[""1811130553053427198108301988001420806910478782501999166168708067811337927956705477883708499"",""111400404955792207842805623584887868182502177778605888706663930824067727330807476119404544""]}","[""47864709779566895313358982421502214958667680087324097"",""2760013408206747614401867888026954483878863162048512""]",-14.224749007553328,9.02249999489868
31011,6,0,31011_6,e1f6261792d85883dd926a38b8e42e82c110ef6df7b5098eeb4d8f18327b7ac4,fdd937a50ec8c4a28c62f2b1ec78ba15e46c7a39d0a01c699522bffc62cd1f36,39c75ee513e4a6561ba26d5df93519b85af6c42334b4156a9f8301ebc5e3b0b2,A_r0_s31011_t6_conic,True,True,COMPLETE_SUCCESS,False,optimal,conic,0,31,False,34.21787499974016,68.3909590006806,68.39383400074439,1.3012323125302221e-05,False,False,NO_NEGATIVE_WITNESS_FOUND,1115639/18014398509481984,True,True,0.06208400009199977,26.004125000326894,0.31095900340005755,2.620374994876329,4.66283399873646,33.593000000109896,"[""0"",""1""]","{""axis"":null,""sign"":null}","{""lower"":[""354184839204806483208475350022112533747011647330127847898038770612728932820372276061349701145825357935103296809348236015894474437999628740185217039683073193789883295416893302004090982974556124087771362468384922571001589633468948787182149638561566196187211390758495390839242510713333030764347420404986883601681582247"",""21789034420238183642731571800145115353855060580401746720427905755973159852196983413921854291923785706445494834885919831308113284269332934964101874107567267359628910880679030474884581442262622034614458205221166839335599429301872534476585844103931525154062540329172568986429037583724740204056809421590284242402672640""],""ok"":true,""upper"":[""649605526561764757352093401100947110159693597457"",""39962935395766876669632007144585863818716905472""]}","[""29039629981186785950375293128056167440659"",""1786482426334926933182716689016783110144""]",A_r0_s31011_t6_factor,True,True,COMPLETE_SUCCESS,False,stationary,factor,5,0,False,74.07195800624322,129.84191700525116,129.84495800628792,1.47534785975692e-08,True,True,COLLISION_WITNESSED,717636834957/9007199254740992,True,True,0.08516700472682714,6.093459000112489,0.1984999980777502,64.08529199688928,2.7897500040126033,55.06020900065778,"[""377116039766827937051215803"",""485305207232495905792851968""]","{""axis"":1,""sign"":-1}","{""lower"":[""33523632191557802829666470968739445786175747272407538082194434692266246188905675483697871047603364921034156271404671531679223476181051506079919924732370333659586474417972904929179129030894595580598834083179413066854785240848924671643555116618694484630841675044621067377573590228151439870331605512934914830853955864572364435313307619189926177194659"",""2062332745792589278058345986676103548782214178665770127473574419598839865523483347832944731337305927716240345770300667388042458541485520400062015606923676249729731568529377655393374454573917583705083629048149963206362313894167255410377793167902090087864176888414553844546623891543311603126590557520403643174480877649748460741229130896294270730240""],""ok"":true,""upper"":[""1232391062640870999722576803654052760352628545951323827359876029193754903984140034169947607064230497355742483646873323250577740843"",""75815186948616031316597262847662445015840076279807484477317801032431051385310075629999300166910066588600540924725878917198512128""]}","[""84345439774098861230398293535690581694278128773133111"",""4830023464361808325203268804047170346788010533584896""]",39.85408300650306,61.450958004570566
31011,6,1,31011_6,e1f6261792d85883dd926a38b8e42e82c110ef6df7b5098eeb4d8f18327b7ac4,fdd937a50ec8c4a28c62f2b1ec78ba15e46c7a39d0a01c699522bffc62cd1f36,39c75ee513e4a6561ba26d5df93519b85af6c42334b4156a9f8301ebc5e3b0b2,A_r1_s31011_t6_conic,True,True,COMPLETE_SUCCESS,False,optimal,conic,0,31,False,35.1592079969123,69.6884159988258,69.69124999886844,1.3012323125302221e-05,False,False,NO_NEGATIVE_WITNESS_FOUND,1115639/18014398509481984,True,True,0.07379100134130567,26.421165995998308,0.3096669970545918,2.824417002557311,4.988458000298124,33.94770799786784,"[""0"",""1""]","{""axis"":null,""sign"":null}","{""lower"":[""354184839204806483208475350022112533747011647330127847898038770612728932820372276061349701145825357935103296809348236015894474437999628740185217039683073193789883295416893302004090982974556124087771362468384922571001589633468948787182149638561566196187211390758495390839242510713333030764347420404986883601681582247"",""21789034420238183642731571800145115353855060580401746720427905755973159852196983413921854291923785706445494834885919831308113284269332934964101874107567267359628910880679030474884581442262622034614458205221166839335599429301872534476585844103931525154062540329172568986429037583724740204056809421590284242402672640""],""ok"":true,""upper"":[""649605526561764757352093401100947110159693597457"",""39962935395766876669632007144585863818716905472""]}","[""29039629981186785950375293128056167440659"",""1786482426334926933182716689016783110144""]",A_r1_s31011_t6_factor,True,True,COMPLETE_SUCCESS,False,stationary,factor,5,0,False,75.19133300229441,132.69416600087425,132.69687499996508,1.47534785975692e-08,True,True,COLLISION_WITNESSED,717636834957/9007199254740992,True,True,0.07100000220816582,6.522208001115359,0.1970410012290813,64.6293340032571,2.8827499991166405,56.723166002484504,"[""377116039766827937051215803"",""485305207232495905792851968""]","{""axis"":1,""sign"":-1}","{""lower"":[""33523632191557802829666470968739445786175747272407538082194434692266246188905675483697871047603364921034156271404671531679223476181051506079919924732370333659586474417972904929179129030894595580598834083179413066854785240848924671643555116618694484630841675044621067377573590228151439870331605512934914830853955864572364435313307619189926177194659"",""2062332745792589278058345986676103548782214178665770127473574419598839865523483347832944731337305927716240345770300667388042458541485520400062015606923676249729731568529377655393374454573917583705083629048149963206362313894167255410377793167902090087864176888414553844546623891543311603126590557520403643174480877649748460741229130896294270730240""],""ok"":true,""upper"":[""1232391062640870999722576803654052760352628545951323827359876029193754903984140034169947607064230497355742483646873323250577740843"",""75815186948616031316597262847662445015840076279807484477317801032431051385310075629999300166910066588600540924725878917198512128""]}","[""84345439774098861230398293535690581694278128773133111"",""4830023464361808325203268804047170346788010533584896""]",40.03212500538211,63.005750002048444
31011,7,0,31011_7,3db57765dc2f761b85224876c9d83374cc9620680d3cedd51cd512d9eb4d644c,fdd937a50ec8c4a28c62f2b1ec78ba15e46c7a39d0a01c699522bffc62cd1f36,39c75ee513e4a6561ba26d5df93519b85af6c42334b4156a9f8301ebc5e3b0b2,A_r0_s31011_t7_conic,True,True,COMPLETE_SUCCESS,False,optimal,conic,0,27,False,92.99162499519298,126.88641699787695,126.88924999383744,1.1893001628024424e-05,True,True,COLLISION_WITNESSED,76671497869/9007199254740992,True,True,0.06262499664444476,23.395917000016198,0.34691699693212286,65.45383299817331,2.9536250003729947,33.15070900134742,"[""829202340885504663290301873"",""970610414464991811585703936""]","{""axis"":1,""sign"":-1}","{""lower"":[""32246883722205601637967836473949890578978696664960086043169947858251094734988708103539059596581379237109210176867671861630419109297341150713800222822296619245745350633594521824370874540385606530862404895882781695583845936723135489532441104150438902055820434055825236688544599721337502799666665139746138918726348173"",""1976875602322185958843371452431633626125365304157050618292520610494725791791383135747864261556003066121269823814076922471242358705269699026607221623199881544821585422484024479779386824190805774345152101823841846403772668427133805892480333196608997562303049347726315594852831712908336191385506264168275741151068160""],""ok"":true,""upper"":[""372501528301814876226386726898659624401744304249"",""22835963083295358096932575511191922182123945984""]}","[""1376369656829562848247281134312680558077698985476525951"",""77280375429788933203252300864754725548608168537358336""]",A_r0_s31011_t7_factor,True,True,COMPLETE_SUCCESS,False,optimal,conic,4,27,True,101.21933399932459,135.4680840013316,135.47141700109933,1.1893001628024424e-05,True,True,COLLISION_WITNESSED,76671497869/9007199254740992,True,True,0.06600000051548705,30.821874999674037,0.29508399893529713,65.99433300289093,3.0017500030226074,33.147542002552655,"[""829202340885504663290301873"",""970610414464991811585703936""]","{""axis"":1,""sign"":-1}","{""lower"":[""32246883722205601637967836473949890578978696664960086043169947858251094734988708103539059596581379237109210176867671861630419109297341150713800222822296619245745350633594521824370874540385606530862404895882781695583845936723135489532441104150438902055820434055825236688544599721337502799666665139746138918726348173"",""1976875602322185958843371452431633626125365304157050618292520610494725791791383135747864261556003066121269823814076922471242358705269699026607221623199881544821585422484024479779386824190805774345152101823841846403772668427133805892480333196608997562303049347726315594852831712908336191385506264168275741151068160""],""ok"":true,""upper"":[""372501528301814876226386726898659624401744304249"",""22835963083295358096932575511191922182123945984""]}","[""1376369656829562848247281134312680558077698985476525951"",""77280375429788933203252300864754725548608168537358336""]",8.227709004131611,8.58166700345464
31011,7,1,31011_7,3db57765dc2f761b85224876c9d83374cc9620680d3cedd51cd512d9eb4d644c,fdd937a50ec8c4a28c62f2b1ec78ba15e46c7a39d0a01c699522bffc62cd1f36,39c75ee513e4a6561ba26d5df93519b85af6c42334b4156a9f8301ebc5e3b0b2,A_r1_s31011_t7_conic,True,True,COMPLETE_SUCCESS,False,optimal,conic,0,27,False,95.05795799486805,129.52545799635118,129.52862499514595,1.1893001628024424e-05,True,True,COLLISION_WITNESSED,76671497869/9007199254740992,True,True,0.07895800081314519,24.21570799924666,0.31954199948813766,66.59254099940881,3.129167002043687,33.699624997098,"[""829202340885504663290301873"",""970610414464991811585703936""]","{""axis"":1,""sign"":-1}","{""lower"":[""32246883722205601637967836473949890578978696664960086043169947858251094734988708103539059596581379237109210176867671861630419109297341150713800222822296619245745350633594521824370874540385606530862404895882781695583845936723135489532441104150438902055820434055825236688544599721337502799666665139746138918726348173"",""1976875602322185958843371452431633626125365304157050618292520610494725791791383135747864261556003066121269823814076922471242358705269699026607221623199881544821585422484024479779386824190805774345152101823841846403772668427133805892480333196608997562303049347726315594852831712908336191385506264168275741151068160""],""ok"":true,""upper"":[""372501528301814876226386726898659624401744304249"",""22835963083295358096932575511191922182123945984""]}","[""1376369656829562848247281134312680558077698985476525951"",""77280375429788933203252300864754725548608168537358336""]",A_r1_s31011_t7_factor,True,True,COMPLETE_SUCCESS,False,optimal,conic,4,27,True,101.6982500004815,139.80699999956414,139.81049999711104,1.1893001628024424e-05,True,True,COLLISION_WITNESSED,76671497869/9007199254740992,True,True,0.06879199645482004,31.47708399774274,0.31312499777413905,65.59374999778811,3.095666994340718,36.99599999526981,"[""829202340885504663290301873"",""970610414464991811585703936""]","{""axis"":1,""sign"":-1}","{""lower"":[""32246883722205601637967836473949890578978696664960086043169947858251094734988708103539059596581379237109210176867671861630419109297341150713800222822296619245745350633594521824370874540385606530862404895882781695583845936723135489532441104150438902055820434055825236688544599721337502799666665139746138918726348173"",""1976875602322185958843371452431633626125365304157050618292520610494725791791383135747864261556003066121269823814076922471242358705269699026607221623199881544821585422484024479779386824190805774345152101823841846403772668427133805892480333196608997562303049347726315594852831712908336191385506264168275741151068160""],""ok"":true,""upper"":[""372501528301814876226386726898659624401744304249"",""22835963083295358096932575511191922182123945984""]}","[""1376369656829562848247281134312680558077698985476525951"",""77280375429788933203252300864754725548608168537358336""]",6.640292005613446,10.281542003212962
31012,0,0,31012_0,535a573abd881eb204710e6580c7eed9b4a1531d0fade3998e41fb5f93ac65a7,fdd937a50ec8c4a28c62f2b1ec78ba15e46c7a39d0a01c699522bffc62cd1f36,39c75ee513e4a6561ba26d5df93519b85af6c42334b4156a9f8301ebc5e3b0b2,A_r0_s31012_t0_conic,True,True,COMPLETE_SUCCESS,False,optimal,conic,0,34,False,94.28366700012702,128.16391700471286,128.1667090006522,8.628698293523917e-06,False,False,NO_NEGATIVE_WITNESS_FOUND,22720025/9007199254740992,True,True,32.67800000321586,53.49362499691779,0.30158399749780074,2.782791001664009,4.441958000825252,33.322792005492374,"[""0"",""1""]","{""axis"":null,""sign"":null}","{""lower"":[""2022699946675867617775927604276621460683552469111732825208286277034458747298861978011303055619306018346720951207998550255814401534931076352595801650085849969963857625586802722653957319919432252907776417637073358591183351490202312096818341341637396167810251664453331206826358297789626436281864957896952457645109479920761"",""126410460218415542730370867655456701912756615584449329627943679417943364578850755971615806562865448478034639902681838792633043590710249167332170541986489641859953832329829411626051273305909878516290041554316924060030552428132275092675919290493093070394634156448142056360706415079107290577228125057520082336107609456640""],""ok"":true,""upper"":[""39965576594810442253183639086650543736602926687"",""2497683462235429791852000446536616488669806592""]}","[""936693201290463035608448463534016882304921747"",""58539456146142885746531260465701948953198592""]",A_r0_s31012_t0_factor,True,True,COMPLETE_SUCCESS,False,optimal,conic,0,34,True,98.27554199728183,132.7564169987454,132.75937500293367,8.628698293523917e-06,False,False,NO_NEGATIVE_WITNESS_FOUND,22720025/9007199254740992,True,True,32.68341699731536,57.313208002597094,0.31204100378090516,2.9285420023370534,4.359874998044688,33.83804199984297,"[""0"",""1""]","{""axis"":null,""sign"":null}","{""lower"":[""2022699946675867617775927604276621460683552469111732825208286277034458747298861978011303055619306018346720951207998550255814401534931076352595801650085849969963857625586802722653957319919432252907776417637073358591183351490202312096818341341637396167810251664453331206826358297789626436281864957896952457645109479920761"",""126410460218415542730370867655456701912756615584449329627943679417943364578850755971615806562865448478034639902681838792633043590710249167332170541986489641859953832329829411626051273305909878516290041554316924060030552428132275092675919290493093070394634156448142056360706415079107290577228125057520082336107609456640""],""ok"":true,""upper"":[""39965576594810442253183639086650543736602926687"",""2497683462235429791852000446536616488669806592""]}","[""936693201290463035608448463534016882304921747"",""58539456146142885746531260465701948953198592""]",3.9918749971548095,4.592499994032551
31012,0,1,31012_0,535a573abd881eb204710e6580c7eed9b4a1531d0fade3998e41fb5f93ac65a7,fdd937a50ec8c4a28c62f2b1ec78ba15e46c7a39d0a01c699522bffc62cd1f36,39c75ee513e4a6561ba26d5df93519b85af6c42334b4156a9f8301ebc5e3b0b2,A_r1_s31012_t0_conic,True,True,COMPLETE_SUCCESS,False,optimal,conic,0,34,False,95.40070799994282,129.41070800297894,129.41354099893942,8.628698293523917e-06,False,False,NO_NEGATIVE_WITNESS_FOUND,22720025/9007199254740992,True,True,33.49012500257231,53.73466700257268,0.32937499781837687,2.8984169985051267,4.3619589996524155,33.41495800123084,"[""0"",""1""]","{""axis"":null,""sign"":null}","{""lower"":[""2022699946675867617775927604276621460683552469111732825208286277034458747298861978011303055619306018346720951207998550255814401534931076352595801650085849969963857625586802722653957319919432252907776417637073358591183351490202312096818341341637396167810251664453331206826358297789626436281864957896952457645109479920761"",""126410460218415542730370867655456701912756615584449329627943679417943364578850755971615806562865448478034639902681838792633043590710249167332170541986489641859953832329829411626051273305909878516290041554316924060030552428132275092675919290493093070394634156448142056360706415079107290577228125057520082336107609456640""],""ok"":true,""upper"":[""39965576594810442253183639086650543736602926687"",""2497683462235429791852000446536616488669806592""]}","[""936693201290463035608448463534016882304921747"",""58539456146142885746531260465701948953198592""]",A_r1_s31012_t0_factor,True,True,COMPLETE_SUCCESS,False,optimal,conic,0,34,True,98.25216699391603,133.16745899646776,133.17041700065602,8.628698293523917e-06,False,False,NO_NEGATIVE_WITNESS_FOUND,22720025/9007199254740992,True,True,33.07966699503595,56.86441700527212,0.305582994769793,2.7627919989754446,4.474207999010105,34.22683400276583,"[""0"",""1""]","{""axis"":null,""sign"":null}","{""lower"":[""2022699946675867617775927604276621460683552469111732825208286277034458747298861978011303055619306018346720951207998550255814401534931076352595801650085849969963857625586802722653957319919432252907776417637073358591183351490202312096818341341637396167810251664453331206826358297789626436281864957896952457645109479920761"",""126410460218415542730370867655456701912756615584449329627943679417943364578850755971615806562865448478034639902681838792633043590710249167332170541986489641859953832329829411626051273305909878516290041554316924060030552428132275092675919290493093070394634156448142056360706415079107290577228125057520082336107609456640""],""ok"":true,""upper"":[""39965576594810442253183639086650543736602926687"",""2497683462235429791852000446536616488669806592""]}","[""936693201290463035608448463534016882304921747"",""58539456146142885746531260465701948953198592""]",2.8514589939732105,3.756750993488822
31012,1,0,31012_1,1607cf48efb43a2fcc6171c10f9f2359805a69afd4d1fcacc5da963ebfb56f1f,fdd937a50ec8c4a28c62f2b1ec78ba15e46c7a39d0a01c699522bffc62cd1f36,39c75ee513e4a6561ba26d5df93519b85af6c42334b4156a9f8301ebc5e3b0b2,A_r0_s31012_t1_conic,True,True,COMPLETE_SUCCESS,False,optimal,conic,0,30,False,32.521792003535666,66.19258300634101,66.19566700101132,1.6152609670759207e-05,False,False,NO_NEGATIVE_WITNESS_FOUND,22793753/9007199254740992,True,True,0.06516700523206964,25.51112500077579,0.29712499963352457,2.65837500046473,3.44220799888717,33.09833299863385,"[""0"",""1""]","{""axis"":null,""sign"":null}","{""lower"":[""677156520602423743773309351365830300092086842755645784294018377802374725334428190244206032818587811983209955302210329715560522324689696690848349928538775343168612471307989025151664159789545420796742120114428162187649814548984305121153680012630025138894048161875154442778919183963330824415757233319543204951917244643"",""42283878502432676388327746800403143864954619569358207695819042370236035529798022311018559034762943959584454418173212277890227405188682251455294486714617090690603011336105756686585197672691148296310639887089239330113138644752014521087683117178912655829363989001921872155735072413564476224502971948228526383709552640""],""ok"":true,""upper"":[""2194245767031275365345733604695631776859374044019"",""137015778499772148581595453067151533092743675904""]}","[""305170225385568828923722997867771907385821"",""19055812547572553953948978016179019841536""]",A_r0_s31012_t1_factor,True,True,COMPLETE_SUCCESS,False,optimal,conic,5,30,True,41.24129199772142,78.43454200337874,78.4377090021735,1.6152609670759207e-05,False,False,NO_NEGATIVE_WITNESS_FOUND,22793753/9007199254740992,True,True,0.0560000044060871,33.67275000346126,0.3565419974620454,2.756333000434097,3.4945000006700866,36.3049579973449,"[""0"",""1""]","{""axis"":null,""sign"":null}","{""lower"":[""677156520602423743773309351365830300092086842755645784294018377802374725334428190244206032818587811983209955302210329715560522324689696690848349928538775343168612471307989025151664159789545420796742120114428162187649814548984305121153680012630025138894048161875154442778919183963330824415757233319543204951917244643"",""42283878502432676388327746800403143864954619569358207695819042370236035529798022311018559034762943959584454418173212277890227405188682251455294486714617090690603011336105756686585197672691148296310639887089239330113138644752014521087683117178912655829363989001921872155735072413564476224502971948228526383709552640""],""ok"":true,""upper"":[""2194245767031275365345733604695631776859374044019"",""137015778499772148581595453067151533092743675904""]}","[""305170225385568828923722997867771907385821"",""19055812547572553953948978016179019841536""]",8.719499994185753,12.241958997037727
31012,1,1,31012_1,1607cf48efb43a2fcc6171c10f9f2359805a69afd4d1fcacc5da963ebfb56f1f,fdd937a50ec8c4a28c62f2b1ec78ba15e46c7a39d0a01c699522bffc62cd1f36,39c75ee513e4a6561ba26d5df93519b85af6c42334b4156a9f8301ebc5e3b0b2,A_r1_s31012_t1_conic,True,True,COMPLETE_SUCCESS,False,optimal,conic,0,30,False,32.417666996479966,66.8044589983765,66.80741700256476,1.6152609670759207e-05,False,False,NO_NEGATIVE_WITNESS_FOUND,22793753/9007199254740992,True,True,0.055917000281624496,25.332999997772276,0.2810419973684475,2.5933750002877787,3.580249998776708,33.767792003345676,"[""0"",""1""]","{""axis"":null,""sign"":null}","{""lower"":[""677156520602423743773309351365830300092086842755645784294018377802374725334428190244206032818587811983209955302210329715560522324689696690848349928538775343168612471307989025151664159789545420796742120114428162187649814548984305121153680012630025138894048161875154442778919183963330824415757233319543204951917244643"",""42283878502432676388327746800403143864954619569358207695819042370236035529798022311018559034762943959584454418173212277890227405188682251455294486714617090690603011336105756686585197672691148296310639887089239330113138644752014521087683117178912655829363989001921872155735072413564476224502971948228526383709552640""],""ok"":true,""upper"":[""2194245767031275365345733604695631776859374044019"",""137015778499772148581595453067151533092743675904""]}","[""305170225385568828923722997867771907385821"",""19055812547572553953948978016179019841536""]",A_r1_s31012_t1_factor,True,True,COMPLETE_SUCCESS,False,optimal,conic,5,30,True,41.15320799610345,75.71912500134204,75.72191600047518,1.6152609670759207e-05,False,False,NO_NEGATIVE_WITNESS_FOUND,22793753/9007199254740992,True,True,0.05812499875901267,33.63462499692105,0.31808299536351115,2.6815000019269064,3.5440829960862175,33.69766600371804,"[""0"",""1""]","{""axis"":null,""sign"":null}","{""lower"":[""677156520602423743773309351365830300092086842755645784294018377802374725334428190244206032818587811983209955302210329715560522324689696690848349928538775343168612471307989025151664159789545420796742120114428162187649814548984305121153680012630025138894048161875154442778919183963330824415757233319543204951917244643"",""42283878502432676388327746800403143864954619569358207695819042370236035529798022311018559034762943959584454418173212277890227405188682251455294486714617090690603011336105756686585197672691148296310639887089239330113138644752014521087683117178912655829363989001921872155735072413564476224502971948228526383709552640""],""ok"":true,""upper"":[""2194245767031275365345733604695631776859374044019"",""137015778499772148581595453067151533092743675904""]}","[""305170225385568828923722997867771907385821"",""19055812547572553953948978016179019841536""]",8.735540999623481,8.914666002965532
31012,2,0,31012_2,77fa539993a730465396944884d05bac49ad2054d4b8f9b4b9ea4ec395b12e95,fdd937a50ec8c4a28c62f2b1ec78ba15e46c7a39d0a01c699522bffc62cd1f36,39c75ee513e4a6561ba26d5df93519b85af6c42334b4156a9f8301ebc5e3b0b2,A_r0_s31012_t2_conic,True,True,COMPLETE_SUCCESS,False,optimal,conic,0,30,False,32.24366599897621,66.51029099884909,66.51354100176832,9.493495893474872e-06,False,False,NO_NEGATIVE_WITNESS_FOUND,2018841/9007199254740992,True,True,0.06566599768120795,25.240709001081996,0.2827080024871975,2.61754199891584,3.4748749967548065,33.680041997286025,"[""0"",""1""]","{""axis"":null,""sign"":null}","{""lower"":[""1560710351824777356022456635874648726810651400634095680659370878035334004853245927360693073887386580298359899989426513779584947239071318308318844422773291051350542169695552051056580008580517449218824296696106372619523890070773850611919928996825629451780945425179487470610634174206592889310856521547864449719047646640057"",""97187684944528342050371568266601637823394502110947505431490078592806299036577362643492036480289906177655831790089082182161086063980337899736784571609274748846201597354445342630495872935200371086027465147685877066439218801027369663455034313049641427484410276706078291487177989720499980044890362463904947095384767856640""],""ok"":true,""upper"":[""1925262563942597223557385653797879053262852302371"",""119888806187300630008896021433757591456150716416""]}","[""10929008685770183679907310558684168698507"",""680564733841876926926749214863536422912""]",A_r0_s31012_t2_factor,True,True,COMPLETE_SUCCESS,False,stationary,factor,4,0,False,67.19508300011512,101.18850000435486,101.19133300031535,1.4505956281932893e-08,True,True,COLLISION_WITNESSED,471848070681/9007199254740992,True,True,0.05837500066263601,4.7155829961411655,0.19750000501517206,58.481708001636434,2.960208999866154,33.24491599778412,"[""73825712047920203780409"",""120916101560156897148928""]","{""axis"":1,""sign"":-1}","{""lower"":[""206073239396496152111592537898400787094087299531048378636216054173333031124293438992268365145506828826993735133983678888745475409749263426348555960586850038120757993979678022527235691840823554373361227749684628993994840112915530146492430802234539216122178181801646689466631245951711466911364097746719532493818871821759349726580866548485895206333727"",""12832470307855260461603494511258342403888975726174343890432956403371741576547669026149525732256200610851571267929721704579330634150442619752934407226231769182074483122980391653359891051600341378359600622207117954850011337231861126327723140329910919979924784159116773209852941908661699681476495144053299674165993646103606718657509621240877369262080""],""ok"":true,""upper"":[""563276818573125110646484455270069873030548291860049"",""35076039295941670036888435985190792471742381031424""]}","[""168130167346250870306733925014992665761759705753163"",""9825112830292151089681891893196311565927761051648""]",34.95141700113891,34.67820900550578
31012,2,1,31012_2,77fa539993a730465396944884d05bac49ad2054d4b8f9b4b9ea4ec395b12e95,fdd937a50ec8c4a28c62f2b1ec78ba15e46c7a39d0a01c699522bffc62cd1f36,39c75ee513e4a6561ba26d5df93519b85af6c42334b4156a9f8301ebc5e3b0b2,A_r1_s31012_t2_conic,True,True,COMPLETE_SUCCESS,False,optimal,conic,0,30,False,32.67416600283468,67.53500000195345,67.53762500011362,9.493495893474872e-06,False,False,NO_NEGATIVE_WITNESS_FOUND,2018841/9007199254740992,True,True,0.07120800000848249,25.47716700064484,0.29458399512805045,2.6792090066010132,3.5967079966212623,34.294999997655395,"[""0"",""1""]","{""axis"":null,""sign"":null}","{""lower"":[""1560710351824777356022456635874648726810651400634095680659370878035334004853245927360693073887386580298359899989426513779584947239071318308318844422773291051350542169695552051056580008580517449218824296696106372619523890070773850611919928996825629451780945425179487470610634174206592889310856521547864449719047646640057"",""97187684944528342050371568266601637823394502110947505431490078592806299036577362643492036480289906177655831790089082182161086063980337899736784571609274748846201597354445342630495872935200371086027465147685877066439218801027369663455034313049641427484410276706078291487177989720499980044890362463904947095384767856640""],""ok"":true,""upper"":[""1925262563942597223557385653797879053262852302371"",""119888806187300630008896021433757591456150716416""]}","[""10929008685770183679907310558684168698507"",""680564733841876926926749214863536422912""]",A_r1_s31012_t2_factor,True,True,COMPLETE_SUCCESS,False,stationary,factor,4,0,False,67.73437499941792,102.01866699935636,102.0214579984895,1.4505956281932893e-08,True,True,COLLISION_WITNESSED,471848070681/9007199254740992,True,True,0.06295800267253071,5.039666997618042,0.1907499972730875,58.65204200381413,2.9468749999068677,33.44416699837893,"[""73825712047920203780409"",""120916101560156897148928""]","{""axis"":1,""sign"":-1}","{""lower"":[""206073239396496152111592537898400787094087299531048378636216054173333031124293438992268365145506828826993735133983678888745475409749263426348555960586850038120757993979678022527235691840823554373361227749684628993994840112915530146492430802234539216122178181801646689466631245951711466911364097746719532493818871821759349726580866548485895206333727"",""12832470307855260461603494511258342403888975726174343890432956403371741576547669026149525732256200610851571267929721704579330634150442619752934407226231769182074483122980391653359891051600341378359600622207117954850011337231861126327723140329910919979924784159116773209852941908661699681476495144053299674165993646103606718657509621240877369262080""],""ok"":true,""upper"":[""563276818573125110646484455270069873030548291860049"",""35076039295941670036888435985190792471742381031424""]}","[""168130167346250870306733925014992665761759705753163"",""9825112830292151089681891893196311565927761051648""]",35.06020899658324,34.483666997402906
31012,3,0,31012_3,549c2b7ea6a412b11fd6c319d20f4d4a2f72e7cc49533a689c9cd75cd51ee80e,fdd937a50ec8c4a28c62f2b1ec78ba15e46c7a39d0a01c699522bffc62cd1f36,39c75ee513e4a6561ba26d5df93519b85af6c42334b4156a9f8301ebc5e3b0b2,A_r0_s31012_t3_conic,True,True,COMPLETE_SUCCESS,False,optimal,conic,0,31,False,32.91991599689936,66.63799999660114,66.64087499666493,6.948781875195062e-06,False,False,NO_NEGATIVE_WITNESS_FOUND,110105/9007199254740992,True,True,0.06024999311193824,25.695249998534564,0.30295799660962075,2.7550410013645887,3.593041001295205,33.15570799895795,"[""0"",""1""]","{""axis"":null,""sign"":null}","{""lower"":[""191752930620891759593592425464526610344453630745320113196995221071374152513610071616482109253703072503533802517946548663726989125602619338372460894132821841722977076789524387502618014664034706867973600840040234627100183371839389773138657888796374818952798257915800880579736078961161261075428345645801527087749526073763"",""11887724857589728730920471937615863865476790992198708603102848089559474436299738795717449589148321124662608641452517991624208098471608716322936871138218441355675432431887950568341260917219469907842215776845307973561092462848567111189613996977499572055119684606541702782086591199873502618373996550795919156038042910720""],""ok"":true,""upper"":[""15470775182901228385112978801884920077226468026333"",""959110449498405040071168171470060731649205731328""]}","[""19211042896398224278996523083917479600471"",""1190988284223284622121811126011188740096""]",A_r0_s31012_t3_factor,True,True,COMPLETE_SUCCESS,False,stationary,factor,4,0,False,70.30883300467394,104.40279100293992,104.40537500107894,1.4513697337417624e-08,True,True,COLLISION_WITNESSED,1266009026073/9007199254740992,True,True,0.06104099884396419,5.080041002656799,0.23362500360235572,61.285249998036306,2.862167006242089,33.35512500052573,"[""9580136934358264466209635"",""15477260999700082835062784""]","{""axis"":1,""sign"":-1}","{""lower"":[""1899008241783363352129225684352540855347215309944226890847492132728625311002134225114022305260564589266958563911652233416308376165001281409621929028439509705894063741135811980444865284646986471379245632054466853432719711726706156487559754535405373752200754262624842376987511203058764711454515652386527860419996600212805892486980123455634726741801"",""117728984409914768662457948060868847772049259581262422955272761027741234116332805365344398446939831542055232007262917758900931671502681758072013969187060613263492420063685159384891378623937424953895545462019246117270359371172352321292500708512153687660664531224674939844431543537037713935269419270589140664236312262007354744452880243501259816960""],""ok"":true,""upper"":[""95128476791277219946642676487971633012666008855313064788598388627111"",""5897488333439202455083409550285544209858125342430750230241414742016""]}","[""333442416183940168937706689458093448624633255695411"",""19650225660584302179363783786392623131855522103296""]",37.38891700777458,37.76479100633878
31012,3,1,31012_3,549c2b7ea6a412b11fd6c319d20f4d4a2f72e7cc49533a689c9cd75cd51ee80e,fdd937a50ec8c4a28c62f2b1ec78ba15e46c7a39d0a01c699522bffc62cd1f36,39c75ee513e4a6561ba26d5df93519b85af6c42334b4156a9f8301ebc5e3b0b2,A_r1_s31012_t3_conic,True,True,COMPLETE_SUCCESS,False,optimal,conic,0,31,False,33.17958299885504,67.71587499679299,67.72087499848567,6.948781875195062e-06,False,False,NO_NEGATIVE_WITNESS_FOUND,110105/9007199254740992,True,True,0.06729199958499521,25.833708001300693,0.30104100005701184,2.6243330066790804,3.8068750000093132,33.963374997256324,"[""0"",""1""]","{""axis"":null,""sign"":null}","{""lower"":[""191752930620891759593592425464526610344453630745320113196995221071374152513610071616482109253703072503533802517946548663726989125602619338372460894132821841722977076789524387502618014664034706867973600840040234627100183371839389773138657888796374818952798257915800880579736078961161261075428345645801527087749526073763"",""11887724857589728730920471937615863865476790992198708603102848089559474436299738795717449589148321124662608641452517991624208098471608716322936871138218441355675432431887950568341260917219469907842215776845307973561092462848567111189613996977499572055119684606541702782086591199873502618373996550795919156038042910720""],""ok"":true,""upper"":[""15470775182901228385112978801884920077226468026333"",""959110449498405040071168171470060731649205731328""]}","[""19211042896398224278996523083917479600471"",""1190988284223284622121811126011188740096""]",A_r1_s31012_t3_factor,True,True,COMPLETE_SUCCESS,False,stationary,factor,4,0,False,71.82016599836061,106.5530000050785,106.55629100074293,1.4513697337417624e-08,True,True,COLLISION_WITNESSED,1266009026073/9007199254740992,True,True,0.06158299947855994,5.074874999991152,0.19449999672360718,62.76487500144867,2.8261660045245662,33.87341699999524,"[""9580136934358264466209635"",""15477260999700082835062784""]","{""axis"":1,""sign"":-1}","{""lower"":[""1899008241783363352129225684352540855347215309944226890847492132728625311002134225114022305260564589266958563911652233416308376165001281409621929028439509705894063741135811980444865284646986471379245632054466853432719711726706156487559754535405373752200754262624842376987511203058764711454515652386527860419996600212805892486980123455634726741801"",""117728984409914768662457948060868847772049259581262422955272761027741234116332805365344398446939831542055232007262917758900931671502681758072013969187060613263492420063685159384891378623937424953895545462019246117270359371172352321292500708512153687660664531224674939844431543537037713935269419270589140664236312262007354744452880243501259816960""],""ok"":true,""upper"":[""95128476791277219946642676487971633012666008855313064788598388627111"",""5897488333439202455083409550285544209858125342430750230241414742016""]}","[""333442416183940168937706689458093448624633255695411"",""19650225660584302179363783786392623131855522103296""]",38.64058299950557,38.83712500828551
31012,4,0,31012_4,063a02352aed7c22e57354e3e9a837fc822f40b283a50e025d30fae4709d755b,fdd937a50ec8c4a28c62f2b1ec78ba15e46c7a39d0a01c699522bffc62cd1f36,39c75ee513e4a6561ba26d5df93519b85af6c42334b4156a9f8301ebc5e3b0b2,A_r0_s31012_t4_conic,True,True,COMPLETE_SUCCESS,False,optimal,conic,0,29,False,87.8999160049716,121.82187500002328,121.82495800516335,2.2732188823778077e-05,True,True,COLLISION_WITNESSED,947586960921/9007199254740992,True,True,0.06437500269385055,24.379124995903112,0.30783300462644547,59.53525000222726,2.8157499982626177,33.12958299648017,"[""303922247424521960270403"",""483664406240627588595712""]","{""axis"":1,""sign"":-1}","{""lower"":[""24100367021365000552289723533806902113846759553033403562707424935207025591790431379652721936883022196777863521284317820061823270947034219583102376102622094125490060687135040259560968257965932185812176576532493039761127538180690855532160407178636082314308821520271639468195759456810263016582786267752041923322219"",""1485643138355394606100391150202115468462225117976862729566547311188179412959386079050383474379203313040791926682481501595720636408098342415262218205860411587235280418814879906592183875996520555524366049224491796357176823437008875810322740707982467550137146031089386530048184912252569364079213182846028249825280""],""ok"":true,""upper"":[""60776882691967098591793471672088117950172219723"",""3746525193353144687778000669804924733004709888""]}","[""82868303410345397538840871935037052096142601392779"",""4912556415146075544840945946598155782963880525824""]",A_r0_s31012_t4_factor,True,True,COMPLETE_SUCCESS,False,stationary,factor,4,0,False,68.17600000067614,102.37675000098534,102.37941599916667,1.4505334068775845e-08,True,True,COLLISION_WITNESSED,944855313945/9007199254740992,True,True,0.06150000263005495,4.8030830002971925,0.20399999630171806,59.492333995876834,2.796749999106396,33.44183300214354,"[""1215689540569263868482801"",""1934657624962510354382848""]","{""axis"":1,""sign"":-1}","{""lower"":[""227798597146524745869077053749965933211576836963828395919893794346674814141181305100712735310298788179901924487387795788410758902599558332901405519689167537999576191204504204691345909137066592930620327400673460260055758751020256744656655270504832933548871980882942895067894939842113779857601501675109296482816296044298638030806153744237935138582431"",""14042398140338737661413461349671325953555374609866270884555528080314884077486981506791575254393972210393596995066551957378108956074878075294436131959966932376176674830741338617936776898335269286379230868863114707769683580790846756640972808755966102607014673949863603491052082982008630587683063092534154838120569239550433207816769010654591802408960""],""ok"":true,""upper"":[""1292581342764552885733449429762387555805926590439326138677392033712498627269660160003"",""79679778782695918924431054772058392655254968007997910051343868368197246072869879808""]}","[""3452847725470710777864030814997718020468585409071"",""204689850631086481035039414441589824290161688576""]",-19.72391600429546,-19.445124999037944
31012,4,1,31012_4,063a02352aed7c22e57354e3e9a837fc822f40b283a50e025d30fae4709d755b,fdd937a50ec8c4a28c62f2b1ec78ba15e46c7a39d0a01c699522bffc62cd1f36,39c75ee513e4a6561ba26d5df93519b85af6c42334b4156a9f8301ebc5e3b0b2,A_r1_s31012_t4_conic,True,True,COMPLETE_SUCCESS,False,optimal,conic,0,29,False,101.42595900106244,135.75470900104847,135.75775000208523,2.2732188823778077e-05,True,True,COLLISION_WITNESSED,947586960921/9007199254740992,True,True,0.08250000246334821,34.590916002343874,0.35233299422543496,62.67600000137463,2.913958000135608,33.489499997813255,"[""303922247424521960270403"",""483664406240627588595712""]","{""axis"":1,""sign"":-1}","{""lower"":[""24100367021365000552289723533806902113846759553033403562707424935207025591790431379652721936883022196777863521284317820061823270947034219583102376102622094125490060687135040259560968257965932185812176576532493039761127538180690855532160407178636082314308821520271639468195759456810263016582786267752041923322219"",""1485643138355394606100391150202115468462225117976862729566547311188179412959386079050383474379203313040791926682481501595720636408098342415262218205860411587235280418814879906592183875996520555524366049224491796357176823437008875810322740707982467550137146031089386530048184912252569364079213182846028249825280""],""ok"":true,""upper"":[""60776882691967098591793471672088117950172219723"",""3746525193353144687778000669804924733004709888""]}","[""82868303410345397538840871935037052096142601392779"",""4912556415146075544840945946598155782963880525824""]",A_r1_s31012_t4_factor,True,True,COMPLETE_SUCCESS,False,stationary,factor,4,0,False,70.33666600182187,105.00954099552473,105.01220799778821,1.4505334068775845e-08,True,True,COLLISION_WITNESSED,944855313945/9007199254740992,True,True,0.07704099698457867,5.212500000197906,0.20529199537122622,61.04066700208932,2.943249994132202,33.80275000381516,"[""1215689540569263868482801"",""1934657624962510354382848""]","{""axis"":1,""sign"":-1}","{""lower"":[""227798597146524745869077053749965933211576836963828395919893794346674814141181305100712735310298788179901924487387795788410758902599558332901405519689167537999576191204504204691345909137066592930620327400673460260055758751020256744656655270504832933548871980882942895067894939842113779857601501675109296482816296044298638030806153744237935138582431"",""14042398140338737661413461349671325953555374609866270884555528080314884077486981506791575254393972210393596995066551957378108956074878075294436131959966932376176674830741338617936776898335269286379230868863114707769683580790846756640972808755966102607014673949863603491052082982008630587683063092534154838120569239550433207816769010654591802408960""],""ok"":true,""upper"":[""1292581342764552885733449429762387555805926590439326138677392033712498627269660160003"",""79679778782695918924431054772058392655254968007997910051343868368197246072869879808""]}","[""3452847725470710777864030814997718020468585409071"",""204689850631086481035039414441589824290161688576""]",-31.08929299924057,-30.745168005523738
31012,5,0,31012_5,0be3f9704c7070d6c6a361cdcfa4aabdbd9386da3256c64fb06d434a498f9faf,fdd937a50ec8c4a28c62f2b1ec78ba15e46c7a39d0a01c699522bffc62cd1f36,39c75ee513e4a6561ba26d5df93519b85af6c42334b4156a9f8301ebc5e3b0b2,A_r0_s31012_t5_conic,True,True,COMPLETE_SUCCESS,False,optimal,conic,0,26,False,93.95400000357768,128.0097500057309,128.01195800420828,6.750542440589303e-06,True,True,COLLISION_WITNESSED,1391318527513/9007199254740992,True,True,0.07358300354098901,22.996624997176696,0.30545800109393895,67.10483400092926,2.696334006031975,33.364250004524365,"[""425840155635158006981229"",""990544703980805301444018176""]","{""axis"":1,""sign"":-1}","{""lower"":[""339905551057852984096317906080071000885827767144385037786672521001461562554001295856105895155588597989160469404983065680553575684472963891531881912160450209477749613644851869830940952498954810102774701388946684826426724130802707799391260942652388502639919343437741290747170323912724728744303283899799208457427711710019"",""20924586790810443735731333266757003854937264889945845500897416718078779428425314829034359395411825893699114988275899626501187164205909967353420378333643611299136167964543135590723712270637161482066400161394812027050429204241440993688058477387011777445680393462149984773089087378389402518979724523075202265231749283840""],""ok"":true,""upper"":[""1947512181470187347099340050300699536393332933191"",""119888806187300630008896021433757591456150716416""]}","[""1307520369878537744035589489606279052472828085396928311"",""80487324305753301726674058389064184348080218535100416""]",A_r0_s31012_t5_factor,True,True,COMPLETE_SUCCESS,False,optimal,conic,4,26,True,101.8499170022551,136.26454200129956,136.26712500263238,6.750542440589303e-06,True,True,COLLISION_WITNESSED,1391318527513/9007199254740992,True,True,0.06666700210189447,31.11137499945471,0.33729099959600717,66.50866600102745,2.7363749977666885,33.339624998916406,"[""425840155635158006981229"",""990544703980805301444018176""]","{""axis"":1,""sign"":-1}","{""lower"":[""339905551057852984096317906080071000885827767144385037786672521001461562554001295856105895155588597989160469404983065680553575684472963891531881912160450209477749613644851869830940952498954810102774701388946684826426724130802707799391260942652388502639919343437741290747170323912724728744303283899799208457427711710019"",""20924586790810443735731333266757003854937264889945845500897416718078779428425314829034359395411825893699114988275899626501187164205909967353420378333643611299136167964543135590723712270637161482066400161394812027050429204241440993688058477387011777445680393462149984773089087378389402518979724523075202265231749283840""],""ok"":true,""upper"":[""1947512181470187347099340050300699536393332933191"",""119888806187300630008896021433757591456150716416""]}","[""1307520369878537744035589489606279052472828085396928311"",""80487324305753301726674058389064184348080218535100416""]",7.895916998677421,8.254791995568667
31012,5,1,31012_5,0be3f9704c7070d6c6a361cdcfa4aabdbd9386da3256c64fb06d434a498f9faf,fdd937a50ec8c4a28c62f2b1ec78ba15e46c7a39d0a01c699522bffc62cd1f36,39c75ee513e4a6561ba26d5df93519b85af6c42334b4156a9f8301ebc5e3b0b2,A_r1_s31012_t5_conic,True,True,COMPLETE_SUCCESS,False,optimal,conic,0,26,False,94.4502080019447,129.16487499751383,129.16766700072912,6.750542440589303e-06,True,True,COLLISION_WITNESSED,1391318527513/9007199254740992,True,True,0.0652919989079237,23.36454199394211,0.2884169953176752,67.2570419992553,2.6656670015654527,33.94995800044853,"[""425840155635158006981229"",""990544703980805301444018176""]","{""axis"":1,""sign"":-1}","{""lower"":[""339905551057852984096317906080071000885827767144385037786672521001461562554001295856105895155588597989160469404983065680553575684472963891531881912160450209477749613644851869830940952498954810102774701388946684826426724130802707799391260942652388502639919343437741290747170323912724728744303283899799208457427711710019"",""20924586790810443735731333266757003854937264889945845500897416718078779428425314829034359395411825893699114988275899626501187164205909967353420378333643611299136167964543135590723712270637161482066400161394812027050429204241440993688058477387011777445680393462149984773089087378389402518979724523075202265231749283840""],""ok"":true,""upper"":[""1947512181470187347099340050300699536393332933191"",""119888806187300630008896021433757591456150716416""]}","[""1307520369878537744035589489606279052472828085396928311"",""80487324305753301726674058389064184348080218535100416""]",A_r1_s31012_t5_factor,True,True,COMPLETE_SUCCESS,False,optimal,conic,4,26,True,103.96274999948218,169.74412499985192,169.74716700497083,6.750542440589303e-06,True,True,COLLISION_WITNESSED,1391318527513/9007199254740992,True,True,0.07058399933157489,31.41200000391109,0.3169999981764704,68.2639590013423,2.740833006100729,64.6995409988449,"[""425840155635158006981229"",""990544703980805301444018176""]","{""axis"":1,""sign"":-1}","{""lower"":[""339905551057852984096317906080071000885827767144385037786672521001461562554001295856105895155588597989160469404983065680553575684472963891531881912160450209477749613644851869830940952498954810102774701388946684826426724130802707799391260942652388502639919343437741290747170323912724728744303283899799208457427711710019"",""20924586790810443735731333266757003854937264889945845500897416718078779428425314829034359395411825893699114988275899626501187164205909967353420378333643611299136167964543135590723712270637161482066400161394812027050429204241440993688058477387011777445680393462149984773089087378389402518979724523075202265231749283840""],""ok"":true,""upper"":[""1947512181470187347099340050300699536393332933191"",""119888806187300630008896021433757591456150716416""]}","[""1307520369878537744035589489606279052472828085396928311"",""80487324305753301726674058389064184348080218535100416""]",9.512541997537483,40.579250002338085
31012,6,0,31012_6,fd04be727e6364e2d173818d7ac4d12d64c9c0c08aa973ed5184ad8072909cc6,fdd937a50ec8c4a28c62f2b1ec78ba15e46c7a39d0a01c699522bffc62cd1f36,39c75ee513e4a6561ba26d5df93519b85af6c42334b4156a9f8301ebc5e3b0b2,A_r0_s31012_t6_conic,True,True,COMPLETE_SUCCESS,False,optimal,conic,0,28,False,31.83829099725699,66.46495799941476,66.46745799662312,4.9567631425379464e-06,False,False,NO_NEGATIVE_WITNESS_FOUND,347673/9007199254740992,True,True,0.06991600093897432,24.440041001071222,0.30508299823850393,2.5776250040507875,3.8885829999344423,34.05374999420019,"[""0"",""1""]","{""axis"":null,""sign"":null}","{""lower"":[""1845134145460995473272607756484564486367717986460669151732569104983331104993175085680377194542854394867235171714022626406396053453965319461930077289275986252544149634351808624926701576216370614624595614066137703980251519603810702683142273264769395570698779655657829216346607856520759188933446280300612696834475237063455413"",""114081188650285534610231281390829178538641601682477144705885592965978700247314872653347647705253225996412793584353808976378757227425852360453582064197015090576031364213282718237007825442093982972071553036493092981272552312103459168290679508402313222924132724346872892653600425844896479106844787621353882314075657700638720""],""ok"":true,""upper"":[""31025062114567969336024382816300224891143222349561"",""1918220898996810080142336342940121463298411462656""]}","[""28894340722567428336706985672726720645639"",""1786482426334926933182716689016783110144""]",A_r0_s31012_t6_factor,True,True,COMPLETE_SUCCESS,False,stationary,factor,4,0,False,76.00679200550076,125.02387499989709,125.02716699964367,1.6091651697532314e-08,True,True,NO_NEGATIVE_WITNESS_FOUND,899727945241/9007199254740992,True,True,0.06120800389908254,4.915624995192047,0.18975000421050936,67.29462499788497,2.7345000053173862,48.187332999077626,"[""411576401012650459112565"",""990544703980805301444018176""]","{""axis"":1,""sign"":-1}","{""lower"":[""2664801583802382206020914005090882185858523681270335179224708904146914971390661947821918666067226210653783044993290162304491761210057771392526127887611962302611234065446501417676106491187558142527119137470192504177104260272633047637881089885438019756812689479420494475463179245513221709508427216012932359502542106441380065869651930389899496814469143"",""164759640982545322338059463635783967461967088234066134885319285450786943597658577202850704563054060413361720568863972510981212519453747070645749289458411185228143112795712360527648432761562732208521720052726016226405778481234068389847680650522022517757029047423853131407295098700301495395845369700351200089650290573714085666425223920770328370872320""],""ok"":true,""upper"":[""10589887867108822196861823356505493221507200050616173"",""654752733524244507355250805056894792805857779253248""]}","[""1301838706047337835006596151647480630958951169994737191"",""80487324305753301726674058389064184348080218535100416""]",44.168501008243766,58.558917000482325
31012,6,1,31012_6,fd04be727e6364e2d173818d7ac4d12d64c9c0c08aa973ed5184ad8072909cc6,fdd937a50ec8c4a28c62f2b1ec78ba15e46c7a39d0a01c699522bffc62cd1f36,39c75ee513e4a6561ba26d5df93519b85af6c42334b4156a9f8301ebc5e3b0b2,A_r1_s31012_t6_conic,True,True,COMPLETE_SUCCESS,False,optimal,conic,0,28,False,31.67408300214447,66.3799999965704,66.38266699883388,4.9567631425379464e-06,False,False,NO_NEGATIVE_WITNESS_FOUND,347673/9007199254740992,True,True,0.0681669989717193,24.190832999011036,0.3062499963562004,2.7129160007461905,3.8219999987632036,34.1235419982695,"[""0"",""1""]","{""axis"":null,""sign"":null}","{""lower"":[""1845134145460995473272607756484564486367717986460669151732569104983331104993175085680377194542854394867235171714022626406396053453965319461930077289275986252544149634351808624926701576216370614624595614066137703980251519603810702683142273264769395570698779655657829216346607856520759188933446280300612696834475237063455413"",""114081188650285534610231281390829178538641601682477144705885592965978700247314872653347647705253225996412793584353808976378757227425852360453582064197015090576031364213282718237007825442093982972071553036493092981272552312103459168290679508402313222924132724346872892653600425844896479106844787621353882314075657700638720""],""ok"":true,""upper"":[""31025062114567969336024382816300224891143222349561"",""1918220898996810080142336342940121463298411462656""]}","[""28894340722567428336706985672726720645639"",""1786482426334926933182716689016783110144""]",A_r1_s31012_t6_factor,True,True,COMPLETE_SUCCESS,False,stationary,factor,4,0,False,77.12812499812571,115.93445799371693,115.93812499631895,1.6091651697532314e-08,True,True,NO_NEGATIVE_WITNESS_FOUND,899727945241/9007199254740992,True,True,0.0689999942551367,5.1301249986863695,0.20029200095450506,67.91387499833945,2.8886250001960434,38.02141699998174,"[""411576401012650459112565"",""990544703980805301444018176""]","{""axis"":1,""sign"":-1}","{""lower"":[""2664801583802382206020914005090882185858523681270335179224708904146914971390661947821918666067226210653783044993290162304491761210057771392526127887611962302611234065446501417676106491187558142527119137470192504177104260272633047637881089885438019756812689479420494475463179245513221709508427216012932359502542106441380065869651930389899496814469143"",""164759640982545322338059463635783967461967088234066134885319285450786943597658577202850704563054060413361720568863972510981212519453747070645749289458411185228143112795712360527648432761562732208521720052726016226405778481234068389847680650522022517757029047423853131407295098700301495395845369700351200089650290573714085666425223920770328370872320""],""ok"":true,""upper"":[""10589887867108822196861823356505493221507200050616173"",""654752733524244507355250805056894792805857779253248""]}","[""1301838706047337835006596151647480630958951169994737191"",""80487324305753301726674058389064184348080218535100416""]",45.45404199598124,49.55445799714653
31012,7,0,31012_7,de7f69c612cea30b4d06273829cebe56b5a2cb8c0afdc3e283972b64b0818e57,fdd937a50ec8c4a28c62f2b1ec78ba15e46c7a39d0a01c699522bffc62cd1f36,39c75ee513e4a6561ba26d5df93519b85af6c42334b4156a9f8301ebc5e3b0b2,A_r0_s31012_t7_conic,True,True,COMPLETE_SUCCESS,False,optimal,conic,0,32,False,90.45099999639206,157.1591659958358,157.1621659968514,7.81658045581762e-06,True,True,COLLISION_WITNESSED,2805542465049/9007199254740992,True,True,0.06666599801974371,26.93208299751859,0.2897500016842969,59.434583999973256,2.9340409964788705,65.89474999782396,"[""401238104075969477418531"",""990544703980805301444018176""]","{""axis"":1,""sign"":-1}","{""lower"":[""521743900574760457514310903581274444145599409831569613331137749753490107724111680793812864581760611649133581105624394151669717946109558690225041016005933313568944758318909170633725542673657340981910816712803335397993070657987694077106764885955626728399090278213144962054060564164274103794272899630564086622525782040579"",""32346088404749379944121842365840654830226541556266756000671101171013666329354730687272331533184916503778736154187078783428239079153961788797530820171143279156789579131883279526460915718243612918284440125219429506131257438682058070377626066812197848490849200044337097129692364656973862931962004896401408654466781020160""],""ok"":true,""upper"":[""644604306862771601900324407671511460567214865267"",""39962935395766876669632007144585863818716905472""]}","[""1298303779145907776177180374793680172914250884845587671"",""80487324305753301726674058389064184348080218535100416""]",A_r0_s31012_t7_factor,True,True,COMPLETE_SUCCESS,False,stationary,factor,4,0,False,72.52383299783105,115.84420799772488,115.84758300159592,1.596556386163622e-08,True,True,NO_NEGATIVE_WITNESS_FOUND,2805387546137/9007199254740992,True,True,0.07912499859230593,5.1741249990300275,0.20841700461460277,63.35224999929778,2.9002919982303865,42.450333006854635,"[""802474991266955762478537"",""1981089407961610602888036352""]","{""axis"":1,""sign"":-1}","{""lower"":[""5952362380188043209503485293810210246497324297239047349116025872266394261106305669838996991473985141324828290325054994296073934231183170242743852553615604090754347442083143611789018400045955153345654889744131173789488467333791527435714449025319138968427681955412235550772689437612006195716521402009669591146478218669865845559345648409683524770633649"",""369023090608618202349676911714129472221258702546304119888839377257050706140489472001512494421644256391504667408719064233621627205909159575818612303274004254313837254356684372268862904949058227533085679720463439462846762732071250866877686963783398755811847053822897488945339548412916664225141222663263507060330813019568223478341751435333322533765120""],""ok"":true,""upper"":[""418372114600447031059449336761508800264558686927078534647766462580973876232473089"",""25937427989158827774879900641946091359132476565103486344838498817772541039345664""]}","[""5193215119514179204546698478682822380630073138231685839"",""321949297223013206906696233556256737392320874140401664""]",-17.927166998561006,-41.31495799811091
31012,7,1,31012_7,de7f69c612cea30b4d06273829cebe56b5a2cb8c0afdc3e283972b64b0818e57,fdd937a50ec8c4a28c62f2b1ec78ba15e46c7a39d0a01c699522bffc62cd1f36,39c75ee513e4a6561ba26d5df93519b85af6c42334b4156a9f8301ebc5e3b0b2,A_r1_s31012_t7_conic,True,True,COMPLETE_SUCCESS,False,optimal,conic,0,32,False,92.65137499460252,127.10366700048326,127.10670799424406,7.81658045581762e-06,True,True,COLLISION_WITNESSED,2805542465049/9007199254740992,True,True,0.06887500057928264,26.70337499876041,0.3077079963986762,61.721709003904834,3.015458998561371,33.656208994216286,"[""401238104075969477418531"",""990544703980805301444018176""]","{""axis"":1,""sign"":-1}","{""lower"":[""521743900574760457514310903581274444145599409831569613331137749753490107724111680793812864581760611649133581105624394151669717946109558690225041016005933313568944758318909170633725542673657340981910816712803335397993070657987694077106764885955626728399090278213144962054060564164274103794272899630564086622525782040579"",""32346088404749379944121842365840654830226541556266756000671101171013666329354730687272331533184916503778736154187078783428239079153961788797530820171143279156789579131883279526460915718243612918284440125219429506131257438682058070377626066812197848490849200044337097129692364656973862931962004896401408654466781020160""],""ok"":true,""upper"":[""644604306862771601900324407671511460567214865267"",""39962935395766876669632007144585863818716905472""]}","[""1298303779145907776177180374793680172914250884845587671"",""80487324305753301726674058389064184348080218535100416""]",A_r1_s31012_t7_factor,True,True,COMPLETE_SUCCESS,False,stationary,factor,4,0,False,73.60887499817181,117.56929099647095,117.57220800063806,1.596556386163622e-08,True,True,NO_NEGATIVE_WITNESS_FOUND,2805387546137/9007199254740992,True,True,0.07291600195458159,5.070417006209027,0.20604200108209625,64.46445800247602,2.9671660013264045,43.100916998810135,"[""802474991266955762478537"",""1981089407961610602888036352""]","{""axis"":1,""sign"":-1}","{""lower"":[""5952362380188043209503485293810210246497324297239047349116025872266394261106305669838996991473985141324828290325054994296073934231183170242743852553615604090754347442083143611789018400045955153345654889744131173789488467333791527435714449025319138968427681955412235550772689437612006195716521402009669591146478218669865845559345648409683524770633649"",""369023090608618202349676911714129472221258702546304119888839377257050706140489472001512494421644256391504667408719064233621627205909159575818612303274004254313837254356684372268862904949058227533085679720463439462846762732071250866877686963783398755811847053822897488945339548412916664225141222663263507060330813019568223478341751435333322533765120""],""ok"":true,""upper"":[""418372114600447031059449336761508800264558686927078534647766462580973876232473089"",""25937427989158827774879900641946091359132476565103486344838498817772541039345664""]}","[""5193215119514179204546698478682822380630073138231685839"",""321949297223013206906696233556256737392320874140401664""]",-19.042499996430706,-9.534376004012302
31013,0,0,31013_0,0b59f7a2d420986a688a809629da89ed8433c58d8785489c0aabd231bc612317,fdd937a50ec8c4a28c62f2b1ec78ba15e46c7a39d0a01c699522bffc62cd1f36,39c75ee513e4a6561ba26d5df93519b85af6c42334b4156a9f8301ebc5e3b0b2,A_r0_s31013_t0_conic,True,True,COMPLETE_SUCCESS,False,optimal,conic,0,35,False,151.55358400079422,185.6494589956128,185.6522500020219,6.665517205832341e-06,True,True,COLLISION_WITNESSED,1336538130369/9007199254740992,True,True,33.052749997295905,54.333499996573664,0.27879200206371024,60.45687499863561,2.705582999624312,33.32512499764562,"[""132061656633668458603497693"",""247636175995201325361004544""]","{""axis"":1,""sign"":-1}","{""lower"":[""13370437351677717412566212124376539464780992942538951539292699697104137771369121202132463438930312284534391088064713908179391782174491829236338059776367445897506657393419531548418493485361556337594604431321273126149115143655015732533385300962847427776126054518746217629860399383285816163239570316148419066659817"",""829237831146180346501824907419136457153264677540298789436533980030635070281669004998541425724858909437829623500545265370546574929383819335228324449886216853931556602507906274626403317254882892023253431736090802549637787984496624260279523990810065398998276661169785534706801076090976155681185416186416940974080""],""ok"":true,""upper"":[""322176657236437214425380574529955372229589848531"",""19981467697883438334816003572292931909358452736""]}","[""87438430382975161316648649756181040219234760271670471"",""5030457769109581357917128649316511521755013658443776""]",A_r0_s31013_t0_factor,True,True,COMPLETE_SUCCESS,False,optimal,conic,0,35,True,164.47608400630997,198.53975000296487,198.542666999856,6.665517205832341e-06,True,True,COLLISION_WITNESSED,1336538130369/9007199254740992,True,True,37.7913750053267,61.078207996615674,0.6834170053480193,61.342000000877306,2.7453340007923543,33.19800000463147,"[""132061656633668458603497693"",""247636175995201325361004544""]","{""axis"":1,""sign"":-1}","{""lower"":[""13370437351677717412566212124376539464780992942538951539292699697104137771369121202132463438930312284534391088064713908179391782174491829236338059776367445897506657393419531548418493485361556337594604431321273126149115143655015732533385300962847427776126054518746217629860399383285816163239570316148419066659817"",""829237831146180346501824907419136457153264677540298789436533980030635070281669004998541425724858909437829623500545265370546574929383819335228324449886216853931556602507906274626403317254882892023253431736090802549637787984496624260279523990810065398998276661169785534706801076090976155681185416186416940974080""],""ok"":true,""upper"":[""322176657236437214425380574529955372229589848531"",""19981467697883438334816003572292931909358452736""]}","[""87438430382975161316648649756181040219234760271670471"",""5030457769109581357917128649316511521755013658443776""]",12.922500005515758,12.890291007352062
31013,0,1,31013_0,0b59f7a2d420986a688a809629da89ed8433c58d8785489c0aabd231bc612317,fdd937a50ec8c4a28c62f2b1ec78ba15e46c7a39d0a01c699522bffc62cd1f36,39c75ee513e4a6561ba26d5df93519b85af6c42334b4156a9f8301ebc5e3b0b2,A_r1_s31013_t0_conic,True,True,COMPLETE_SUCCESS,False,optimal,conic,0,35,False,153.39345800020965,201.21729099628283,201.22079100110568,6.665517205832341e-06,True,True,COLLISION_WITNESSED,1336538130369/9007199254740992,True,True,32.972749999316875,55.66279099730309,0.374167000700254,60.79350000072736,2.8006249995087273,47.0640830026241,"[""132061656633668458603497693"",""247636175995201325361004544""]","{""axis"":1,""sign"":-1}","{""lower"":[""13370437351677717412566212124376539464780992942538951539292699697104137771369121202132463438930312284534391088064713908179391782174491829236338059776367445897506657393419531548418493485361556337594604431321273126149115143655015732533385300962847427776126054518746217629860399383285816163239570316148419066659817"",""829237831146180346501824907419136457153264677540298789436533980030635070281669004998541425724858909437829623500545265370546574929383819335228324449886216853931556602507906274626403317254882892023253431736090802549637787984496624260279523990810065398998276661169785534706801076090976155681185416186416940974080""],""ok"":true,""upper"":[""322176657236437214425380574529955372229589848531"",""19981467697883438334816003572292931909358452736""]}","[""87438430382975161316648649756181040219234760271670471"",""5030457769109581357917128649316511521755013658443776""]",A_r1_s31013_t0_factor,True,True,COMPLETE_SUCCESS,False,optimal,conic,0,35,True,155.14912499929778,189.3441249994794,189.3472500014468,6.665517205832341e-06,True,True,COLLISION_WITNESSED,1336538130369/9007199254740992,True,True,33.34612499747891,57.109250003122725,0.3175000019837171,60.69133399432758,2.824208000674844,33.379124994098675,"[""132061656633668458603497693"",""247636175995201325361004544""]","{""axis"":1,""sign"":-1}","{""lower"":[""13370437351677717412566212124376539464780992942538951539292699697104137771369121202132463438930312284534391088064713908179391782174491829236338059776367445897506657393419531548418493485361556337594604431321273126149115143655015732533385300962847427776126054518746217629860399383285816163239570316148419066659817"",""829237831146180346501824907419136457153264677540298789436533980030635070281669004998541425724858909437829623500545265370546574929383819335228324449886216853931556602507906274626403317254882892023253431736090802549637787984496624260279523990810065398998276661169785534706801076090976155681185416186416940974080""],""ok"":true,""upper"":[""322176657236437214425380574529955372229589848531"",""19981467697883438334816003572292931909358452736""]}","[""87438430382975161316648649756181040219234760271670471"",""5030457769109581357917128649316511521755013658443776""]",1.7556669990881346,-11.873165996803436
31013,1,0,31013_1,adb3653cc85af0e770c949624c742f96275c1d5afe6ab77b297324924901160d,fdd937a50ec8c4a28c62f2b1ec78ba15e46c7a39d0a01c699522bffc62cd1f36,39c75ee513e4a6561ba26d5df93519b85af6c42334b4156a9f8301ebc5e3b0b2,A_r0_s31013_t1_conic,True,True,COMPLETE_SUCCESS,False,optimal,conic,0,35,False,90.93258399661863,125.30133399559418,125.3039999937755,4.921025339021011e-06,True,True,COLLISION_WITNESSED,1899165386689/9007199254740992,True,True,0.07154199556680396,28.10120800131699,0.3020000003743917,58.66045800212305,2.880333995562978,33.641041998635046,"[""72528832202571634401345519"",""123818087997600662680502272""]","{""axis"":1,""sign"":-1}","{""lower"":[""16520596078097925943322699439590477733478558396854700578552817542478864495993963926389159934992423927277560282227869025830045672762739622239295836032252744006373377552850703626568582443015633829105924353700037983825376729551779740960545575979356975669990891067629074220449951119422577402756994007226407021854859"",""1028890494130543940959721030250680941948034943548288715515266299139935375170305838026984763859643268327360788322756373682337237408493158810891914381800110919729328059760444176895401247196208968922875944676699620916435517218214991730302811514464279522461096276260798746961812344922753210539198533090523993866240""],""ok"":true,""upper"":[""320836726490838203831780342020098591413288501611"",""19981467697883438334816003572292931909358452736""]}","[""22295071441193825225323338204023373924041268401411299"",""1257614442277395339479282162329127880438753414610944""]",A_r0_s31013_t1_factor,True,True,COMPLETE_SUCCESS,False,stationary,factor,4,0,False,68.34150000213413,99.9986250026268,100.00154199951794,1.4231364143140373e-08,True,True,COLLISION_WITNESSED,1897294251969/9007199254740992,True,True,0.06795799708925188,5.2287910002633,0.19087499822489917,59.26550000003772,2.7537920032045804,30.908083004760556,"[""72528929939950036428263661"",""123818087997600662680502272""]","{""axis"":1,""sign"":-1}","{""lower"":[""2124833594523461334198057758441955167775813058704097116032590509780587245546628975462739279683455880788032998203773943324500808892684914859054376500601703978000190490602091021212630361303861030278928025538664583574319295131269013718287137340471295227344990705092607961822540107886905247863857929302554323356327412354469752714411249606521"",""132333022906085917652888526513454391902717527270828377753329881878547338183147650746251424021741829293753416040044585709243820070350975500486625767852345950704120074100567386917308778465308113350440267721724011575332924225235763334047481978903812912906442590532903536586047686484172826199305347176054145172025396448200206189675790991360""],""ok"":true,""upper"":[""76493436443008126436092095384920468861079"",""4763953136893138488487244504044754960384""]}","[""1061670174622194988244659569280522089853087518224059"",""59886402013209301879965817253767994306607305457664""]",-22.591083994484507,-25.302708992967382
31013,1,1,31013_1,adb3653cc85af0e770c949624c742f96275c1d5afe6ab77b297324924901160d,fdd937a50ec8c4a28c62f2b1ec78ba15e46c7a39d0a01c699522bffc62cd1f36,39c75ee513e4a6561ba26d5df93519b85af6c42334b4156a9f8301ebc5e3b0b2,A_r1_s31013_t1_conic,True,True,COMPLETE_SUCCESS,False,optimal,conic,0,35,False,91.87591699446784,126.32341699645622,126.32624999969266,4.921025339021011e-06,True,True,COLLISION_WITNESSED,1899165386689/9007199254740992,True,True,0.06470899825217202,28.355791000649333,0.2916250014095567,59.478082999703474,2.785083997878246,33.70295899367193,"[""72528832202571634401345519"",""123818087997600662680502272""]","{""axis"":1,""sign"":-1}","{""lower"":[""16520596078097925943322699439590477733478558396854700578552817542478864495993963926389159934992423927277560282227869025830045672762739622239295836032252744006373377552850703626568582443015633829105924353700037983825376729551779740960545575979356975669990891067629074220449951119422577402756994007226407021854859"",""1028890494130543940959721030250680941948034943548288715515266299139935375170305838026984763859643268327360788322756373682337237408493158810891914381800110919729328059760444176895401247196208968922875944676699620916435517218214991730302811514464279522461096276260798746961812344922753210539198533090523993866240""],""ok"":true,""upper"":[""320836726490838203831780342020098591413288501611"",""19981467697883438334816003572292931909358452736""]}","[""22295071441193825225323338204023373924041268401411299"",""1257614442277395339479282162329127880438753414610944""]",A_r1_s31013_t1_factor,True,True,COMPLETE_SUCCESS,False,stationary,factor,4,0,False,69.87395800388185,101.98733300057938,101.9899160019122,1.4231364143140373e-08,True,True,COLLISION_WITNESSED,1897294251969/9007199254740992,True,True,0.07458300387952477,5.433083002571948,0.203792005777359,60.52429199917242,2.8625420018215664,31.402542001160327,"[""72528929939950036428263661"",""123818087997600662680502272""]","{""axis"":1,""sign"":-1}","{""lower"":[""2124833594523461334198057758441955167775813058704097116032590509780587245546628975462739279683455880788032998203773943324500808892684914859054376500601703978000190490602091021212630361303861030278928025538664583574319295131269013718287137340471295227344990705092607961822540107886905247863857929302554323356327412354469752714411249606521"",""132333022906085917652888526513454391902717527270828377753329881878547338183147650746251424021741829293753416040044585709243820070350975500486625767852345950704120074100567386917308778465308113350440267721724011575332924225235763334047481978903812912906442590532903536586047686484172826199305347176054145172025396448200206189675790991360""],""ok"":true,""upper"":[""76493436443008126436092095384920468861079"",""4763953136893138488487244504044754960384""]}","[""1061670174622194988244659569280522089853087518224059"",""59886402013209301879965817253767994306607305457664""]",-22.00195899058599,-24.336083995876834
31013,2,0,31013_2,32b9d3579799425e3b975c3e9b0a62209a959bffbb4c66930c0ef99d2245986c,fdd937a50ec8c4a28c62f2b1ec78ba15e46c7a39d0a01c699522bffc62cd1f36,39c75ee513e4a6561ba26d5df93519b85af6c42334b4156a9f8301ebc5e3b0b2,A_r0_s31013_t2_conic,True,True,COMPLETE_SUCCESS,False,optimal,conic,0,32,False,34.07895799318794,70.99679199745879,71.0005419969093,1.3491174602311286e-05,False,False,NO_NEGATIVE_WITNESS_FOUND,15953399/18014398509481984,True,True,0.06237499474082142,27.021540998248383,0.30520899599650875,2.7860000045620836,3.364999996847473,34.646291998797096,"[""0"",""1""]","{""axis"":null,""sign"":null}","{""lower"":[""32080068143943810216795685272897258528380645525810696459718545661229779817462584468326005122046809811843893317141939429690981101918113640457560661925374598334012394390218257212892850602921740200491513695279685184640758242807682125288049802220616197365993731436706377519713281551237055104734418588469904039913298547"",""2004311199845062232849052357008999200928626713075905956879416722014679227934455080492658169533369217470331800506105335766932891822201801803634852783361645330842137703366185165980847281149452224173494769915495183950601880865399727225354543279044622711124817159906645767507043682971233541362897168624981972363509760""],""ok"":true,""upper"":[""122808691643069535811212584679384898772433213051149"",""7672883595987240320569345371760485853193645850624""]}","[""1873911920420740267874207817138285994073780749"",""117078912292285771493062520931403897906397184""]",A_r0_s31013_t2_factor,True,True,COMPLETE_SUCCESS,False,optimal,conic,4,32,True,43.5624169986113,77.79008399666054,77.79270899482071,1.3491174602311286e-05,False,False,NO_NEGATIVE_WITNESS_FOUND,15953399/18014398509481984,True,True,0.07099999493220821,35.962916001153644,0.30524999601766467,2.756708003289532,3.5735830024350435,33.25183299602941,"[""0"",""1""]","{""axis"":null,""sign"":null}","{""lower"":[""32080068143943810216795685272897258528380645525810696459718545661229779817462584468326005122046809811843893317141939429690981101918113640457560661925374598334012394390218257212892850602921740200491513695279685184640758242807682125288049802220616197365993731436706377519713281551237055104734418588469904039913298547"",""2004311199845062232849052357008999200928626713075905956879416722014679227934455080492658169533369217470331800506105335766932891822201801803634852783361645330842137703366185165980847281149452224173494769915495183950601880865399727225354543279044622711124817159906645767507043682971233541362897168624981972363509760""],""ok"":true,""upper"":[""122808691643069535811212584679384898772433213051149"",""7672883595987240320569345371760485853193645850624""]}","[""1873911920420740267874207817138285994073780749"",""117078912292285771493062520931403897906397184""]",9.483459005423356,6.793291999201756
31013,2,1,31013_2,32b9d3579799425e3b975c3e9b0a62209a959bffbb4c66930c0ef99d2245986c,fdd937a50ec8c4a28c62f2b1ec78ba15e46c7a39d0a01c699522bffc62cd1f36,39c75ee513e4a6561ba26d5df93519b85af6c42334b4156a9f8301ebc5e3b0b2,A_r1_s31013_t2_conic,True,True,COMPLETE_SUCCESS,False,optimal,conic,0,32,False,34.19058299914468,68.1269160049851,68.12929100124165,1.3491174602311286e-05,False,False,NO_NEGATIVE_WITNESS_FOUND,15953399/18014398509481984,True,True,0.06637500337092206,27.063749999797437,0.28500000189524144,2.666916996531654,3.5533749978640117,33.370333003404085,"[""0"",""1""]","{""axis"":null,""sign"":null}","{""lower"":[""32080068143943810216795685272897258528380645525810696459718545661229779817462584468326005122046809811843893317141939429690981101918113640457560661925374598334012394390218257212892850602921740200491513695279685184640758242807682125288049802220616197365993731436706377519713281551237055104734418588469904039913298547"",""2004311199845062232849052357008999200928626713075905956879416722014679227934455080492658169533369217470331800506105335766932891822201801803634852783361645330842137703366185165980847281149452224173494769915495183950601880865399727225354543279044622711124817159906645767507043682971233541362897168624981972363509760""],""ok"":true,""upper"":[""122808691643069535811212584679384898772433213051149"",""7672883595987240320569345371760485853193645850624""]}","[""1873911920420740267874207817138285994073780749"",""117078912292285771493062520931403897906397184""]",A_r1_s31013_t2_factor,True,True,COMPLETE_SUCCESS,False,optimal,conic,4,32,True,42.65925000072457,76.97645800362807,76.97962500242284,1.3491174602311286e-05,False,False,NO_NEGATIVE_WITNESS_FOUND,15953399/18014398509481984,True,True,0.0638330020592548,35.2189589975751,0.3227499983040616,2.7043750014854595,3.478291997453198,33.40504199877614,"[""0"",""1""]","{""axis"":null,""sign"":null}","{""lower"":[""32080068143943810216795685272897258528380645525810696459718545661229779817462584468326005122046809811843893317141939429690981101918113640457560661925374598334012394390218257212892850602921740200491513695279685184640758242807682125288049802220616197365993731436706377519713281551237055104734418588469904039913298547"",""2004311199845062232849052357008999200928626713075905956879416722014679227934455080492658169533369217470331800506105335766932891822201801803634852783361645330842137703366185165980847281149452224173494769915495183950601880865399727225354543279044622711124817159906645767507043682971233541362897168624981972363509760""],""ok"":true,""upper"":[""122808691643069535811212584679384898772433213051149"",""7672883595987240320569345371760485853193645850624""]}","[""1873911920420740267874207817138285994073780749"",""117078912292285771493062520931403897906397184""]",8.468667001579888,8.849541998642962
31013,3,0,31013_3,e3f1d2faff57a2e1aacf5570736563d3c8f198752ba7b9e9a67d311033097050,fdd937a50ec8c4a28c62f2b1ec78ba15e46c7a39d0a01c699522bffc62cd1f36,39c75ee513e4a6561ba26d5df93519b85af6c42334b4156a9f8301ebc5e3b0b2,A_r0_s31013_t3_conic,True,True,COMPLETE_SUCCESS,False,optimal,conic,0,33,False,34.80025000317255,68.84325000282843,68.84566700318828,7.969090758358273e-06,False,False,NO_NEGATIVE_WITNESS_FOUND,97889783/18014398509481984,True,True,0.06395899981725961,27.897665997443255,0.3190420029568486,2.68800000048941,3.30016700172564,33.47658300481271,"[""0"",""1""]","{""axis"":null,""sign"":null}","{""lower"":[""172808531515281879436314210739585962985487121238989496162395110493855542994162195394265135040398046658543547367321238946802064768908265520028841966526723308819411628200171523751375119974611408085579962641925058296534895077389089215344697781140443529009888535928979555968395897179165112217186274368052058634216742379"",""10800536084213107869914873686525780246032880936379734040786095822096679206127480764327301978942579166508700250447858054304208186767131968173042680296042645413749214076282231508414239189340855998845749421646792091040735417101735622867929369985033849771903041776376761055905388940547487056641490350921761916861808640""],""ok"":true,""upper"":[""5115256921740934470595590202295296014615782202871"",""319703483166135013357056057156686910549735243776""]}","[""4995368086906702375761388960530174103417726779"",""312210432779428723981500055817077061083725824""]",A_r0_s31013_t3_factor,True,True,COMPLETE_SUCCESS,False,stationary,factor,5,0,False,71.0659999967902,105.71299999719486,105.71612499916228,1.4472123140348573e-08,True,True,COLLISION_WITNESSED,252718974913/9007199254740992,True,True,0.07175000064307824,6.071165997127537,0.19020799663849175,60.76095800381154,3.1522080025752075,33.95591599837644,"[""95015184869034965846770280127"",""126789722109543078584834326528""]","{""axis"":1,""sign"":-1}","{""lower"":[""47317902893251677051039452016467139953019029392216165831452489099445047350211555639724684374187255888743071683704492542231895757665252909049769224756335589854004195186287223293465644394281157831640464122322743493118059460905434530912836664322860208682891132028186759577791922960424890322176899071456954747890915657584849831722522520890526540250977"",""2957368245489361456747116734334799798378369433813753758422432514678448828521331131804050307598033564470452494575877074560452868885140403909716710570585015640249933891477578595437901981594534412925480882309982170811998292316229628856347068254092850772655473645053947428564833036483891043747354300142275033450020846558228605507274867676437062615040""],""ok"":true,""upper"":[""25329525413422394599148036580554035587523709978929067584328353577008035377661"",""1583094970041432359306634560665654990181425571600554586476959156358187319296""]}","[""6207014443453694363200359220225475975055691917147271479677429"",""337588306284918296445395909797485464667890252922645815230464""]",36.265749993617646,36.86974999436643
31013,3,1,31013_3,e3f1d2faff57a2e1aacf5570736563d3c8f198752ba7b9e9a67d311033097050,fdd937a50ec8c4a28c62f2b1ec78ba15e46c7a39d0a01c699522bffc62cd1f36,39c75ee513e4a6561ba26d5df93519b85af6c42334b4156a9f8301ebc5e3b0b2,A_r1_s31013_t3_conic,True,True,COMPLETE_SUCCESS,False,optimal,conic,0,33,False,34.198792003735434,68.23033399996348,68.23329200415174,7.969090758358273e-06,False,False,NO_NEGATIVE_WITNESS_FOUND,97889783/18014398509481984,True,True,0.06850000499980524,27.290375001030043,0.2994169990415685,2.7719579957192764,3.194625001924578,33.46254200005205,"[""0"",""1""]","{""axis"":null,""sign"":null}","{""lower"":[""172808531515281879436314210739585962985487121238989496162395110493855542994162195394265135040398046658543547367321238946802064768908265520028841966526723308819411628200171523751375119974611408085579962641925058296534895077389089215344697781140443529009888535928979555968395897179165112217186274368052058634216742379"",""10800536084213107869914873686525780246032880936379734040786095822096679206127480764327301978942579166508700250447858054304208186767131968173042680296042645413749214076282231508414239189340855998845749421646792091040735417101735622867929369985033849771903041776376761055905388940547487056641490350921761916861808640""],""ok"":true,""upper"":[""5115256921740934470595590202295296014615782202871"",""319703483166135013357056057156686910549735243776""]}","[""4995368086906702375761388960530174103417726779"",""312210432779428723981500055817077061083725824""]",A_r1_s31013_t3_factor,True,True,COMPLETE_SUCCESS,False,stationary,factor,5,0,False,71.2907500055735,105.70858400024008,105.71133400662802,1.4472123140348573e-08,True,True,COLLISION_WITNESSED,252718974913/9007199254740992,True,True,0.07612500485265628,6.069208997359965,0.1917910049087368,61.052084005496,3.114209001068957,33.653959006187506,"[""95015184869034965846770280127"",""126789722109543078584834326528""]","{""axis"":1,""sign"":-1}","{""lower"":[""47317902893251677051039452016467139953019029392216165831452489099445047350211555639724684374187255888743071683704492542231895757665252909049769224756335589854004195186287223293465644394281157831640464122322743493118059460905434530912836664322860208682891132028186759577791922960424890322176899071456954747890915657584849831722522520890526540250977"",""2957368245489361456747116734334799798378369433813753758422432514678448828521331131804050307598033564470452494575877074560452868885140403909716710570585015640249933891477578595437901981594534412925480882309982170811998292316229628856347068254092850772655473645053947428564833036483891043747354300142275033450020846558228605507274867676437062615040""],""ok"":true,""upper"":[""25329525413422394599148036580554035587523709978929067584328353577008035377661"",""1583094970041432359306634560665654990181425571600554586476959156358187319296""]}","[""6207014443453694363200359220225475975055691917147271479677429"",""337588306284918296445395909797485464667890252922645815230464""]",37.091958001838066,37.4782500002766
31013,4,0,31013_4,f73f41ac679dbf281f6a5b263b1e81c9d5143704ed1e6c293b69f74556fef85f,fdd937a50ec8c4a28c62f2b1ec78ba15e46c7a39d0a01c699522bffc62cd1f36,39c75ee513e4a6561ba26d5df93519b85af6c42334b4156a9f8301ebc5e3b0b2,A_r0_s31013_t4_conic,True,True,COMPLETE_SUCCESS,False,optimal,conic,0,25,False,27.976666002359707,62.00433299818542,62.007166001421865,1.6211389634120894e-05,False,False,NO_NEGATIVE_WITNESS_FOUND,550364591861239/18014398509481984,True,True,0.06966599903535098,21.766083998954855,0.28500000189524144,2.7557919966056943,2.5278339962824248,33.40354199463036,"[""0"",""1""]","{""axis"":null,""sign"":null}","{""lower"":[""33860048602847200273366902831964567000507073958484555960662523796049677037671216549737089487904976810777629215540734705006096130875437063374656027637192833309678484096404220865866954102073769412868163258022171666308666798125765936186409294149709800686323511362018391416676612256495144492505523970713276133375731"",""2116255180923253998865271106460357074876343129552832057237312338934572983743458526196409429069320136948374103636807124199571083090114927087323179071189442264721096822689097909684506305453880598151591196581744083378738376110801854723219578602755400930331684530802679990600695126556669942935341713419572311228416""],""ok"":true,""upper"":[""122766137592039129672846141781875237498405826205209"",""7672883595987240320569345371760485853193645850624""]}","[""40922045845531963844899188177197629805231901666483"",""2557627865329080106856448457253495284397881950208""]",A_r0_s31013_t4_factor,True,True,COMPLETE_SUCCESS,False,optimal,conic,4,25,True,36.9775830040453,71.48045799840475,71.48308300384087,1.6211389634120894e-05,False,False,NO_NEGATIVE_WITNESS_FOUND,550364591861239/18014398509481984,True,True,0.060083002608735114,30.338875003508292,0.30758300272282213,2.6945419958792627,2.5903749992721714,33.59679200366372,"[""0"",""1""]","{""axis"":null,""sign"":null}","{""lower"":[""33860048602847200273366902831964567000507073958484555960662523796049677037671216549737089487904976810777629215540734705006096130875437063374656027637192833309678484096404220865866954102073769412868163258022171666308666798125765936186409294149709800686323511362018391416676612256495144492505523970713276133375731"",""2116255180923253998865271106460357074876343129552832057237312338934572983743458526196409429069320136948374103636807124199571083090114927087323179071189442264721096822689097909684506305453880598151591196581744083378738376110801854723219578602755400930331684530802679990600695126556669942935341713419572311228416""],""ok"":true,""upper"":[""122766137592039129672846141781875237498405826205209"",""7672883595987240320569345371760485853193645850624""]}","[""40922045845531963844899188177197629805231901666483"",""2557627865329080106856448457253495284397881950208""]",9.000917001685593,9.476125000219326
31013,4,1,31013_4,f73f41ac679dbf281f6a5b263b1e81c9d5143704ed1e6c293b69f74556fef85f,fdd937a50ec8c4a28c62f2b1ec78ba15e46c7a39d0a01c699522bffc62cd1f36,39c75ee513e4a6561ba26d5df93519b85af6c42334b4156a9f8301ebc5e3b0b2,A_r1_s31013_t4_conic,True,True,COMPLETE_SUCCESS,False,optimal,conic,0,25,False,28.164041999843903,62.713708997762296,62.71658399782609,1.6211389634120894e-05,False,False,NO_NEGATIVE_WITNESS_FOUND,550364591861239/18014398509481984,True,True,0.05812499875901267,21.899166000366677,0.3023750032298267,2.8272499985178,2.530290999857243,33.9771250000922,"[""0"",""1""]","{""axis"":null,""sign"":null}","{""lower"":[""33860048602847200273366902831964567000507073958484555960662523796049677037671216549737089487904976810777629215540734705006096130875437063374656027637192833309678484096404220865866954102073769412868163258022171666308666798125765936186409294149709800686323511362018391416676612256495144492505523970713276133375731"",""2116255180923253998865271106460357074876343129552832057237312338934572983743458526196409429069320136948374103636807124199571083090114927087323179071189442264721096822689097909684506305453880598151591196581744083378738376110801854723219578602755400930331684530802679990600695126556669942935341713419572311228416""],""ok"":true,""upper"":[""122766137592039129672846141781875237498405826205209"",""7672883595987240320569345371760485853193645850624""]}","[""40922045845531963844899188177197629805231901666483"",""2557627865329080106856448457253495284397881950208""]",A_r1_s31013_t4_factor,True,True,COMPLETE_SUCCESS,False,optimal,conic,4,25,True,36.791042002732866,71.50587499927497,71.5085000047111,1.6211389634120894e-05,False,False,NO_NEGATIVE_WITNESS_FOUND,550364591861239/18014398509481984,True,True,0.06787500024074689,30.0579579998157,0.3120419933111407,2.8629160005948506,2.623708001920022,33.82637500180863,"[""0"",""1""]","{""axis"":null,""sign"":null}","{""lower"":[""33860048602847200273366902831964567000507073958484555960662523796049677037671216549737089487904976810777629215540734705006096130875437063374656027637192833309678484096404220865866954102073769412868163258022171666308666798125765936186409294149709800686323511362018391416676612256495144492505523970713276133375731"",""2116255180923253998865271106460357074876343129552832057237312338934572983743458526196409429069320136948374103636807124199571083090114927087323179071189442264721096822689097909684506305453880598151591196581744083378738376110801854723219578602755400930331684530802679990600695126556669942935341713419572311228416""],""ok"":true,""upper"":[""122766137592039129672846141781875237498405826205209"",""7672883595987240320569345371760485853193645850624""]}","[""40922045845531963844899188177197629805231901666483"",""2557627865329080106856448457253495284397881950208""]",8.627000002888963,8.792166001512669
31013,5,0,31013_5,bfd044e5a13036b9611551e6a679c569040a93e616d769b687fcc96f568d0348,fdd937a50ec8c4a28c62f2b1ec78ba15e46c7a39d0a01c699522bffc62cd1f36,39c75ee513e4a6561ba26d5df93519b85af6c42334b4156a9f8301ebc5e3b0b2,A_r0_s31013_t5_conic,True,True,COMPLETE_SUCCESS,False,optimal,conic,0,25,False,28.238208004040644,62.825332999636885,62.830167000356596,2.8730821325836625e-06,False,False,NO_NEGATIVE_WITNESS_FOUND,447777248439799/18014398509481984,True,True,0.0666250052745454,22.063124997657724,0.3242499951738864,2.7079589999630116,2.527208001993131,34.032417002890725,"[""0"",""1""]","{""axis"":null,""sign"":null}","{""lower"":[""4108425183646968334069581095733593447597211228194749107438703764657164283532592909974873672400640581877400890475267981461117834693513726311493925824832215485462066486012878629030251903685650882820827024718771144257097538645659468429227414474326786933315944216487513830445517598806563890124569769572802148489500990594471"",""256776620059297904734001130985736922606321214270652001755521574360557768431474289885818403844194358900942322271324070614842021687037667536636559938418899269909008214532993989138015232655401900393753437759705399847551514128366095881564842722933982281517749886733527813213334713978130403135203300747545806810627199467520""],""ok"":true,""upper"":[""31428131212518280475649620405409515943406641315863629"",""1964258200572733522065752415170684378417573337759744""]}","[""31428131209170619566583786927421675788052261104376909"",""1964258200572733522065752415170684378417573337759744""]",A_r0_s31013_t5_factor,True,True,COMPLETE_SUCCESS,False,stationary,factor,4,0,False,11.488167001516558,43.40116700041108,43.403542003943585,1.4806669453210704e-08,False,False,NO_NEGATIVE_WITNESS_FOUND,447776782216695/18014398509481984,True,True,0.06925000343471766,5.1265000001876615,0.1969580043805763,2.921125000284519,2.655041003890801,31.35962499800371,"[""0"",""1""]","{""axis"":null,""sign"":null}","{""lower"":[""94938410876724539752332193908691229742917868667803503715574625929019914889777332283870038273525051686720049540396876417740715204650098904393001519074391905878818704199773275442025391370206984094061014271167193812089183107679919941075616268470013074419246029811660890158795441060607521255315803261582816010149542116582031884417096115049086585973069"",""5933650685286384006261553675340648436622769768067283284175631269478003554956003070610361902894275708850892338010476675989211026011056563993673050653747799070523165254324776677403689425465957507382182891655174854564955186195266751746481819825666224425260420556836597849490671288815979778466506249509187994365517460511657311763027080370945932656640""],""ok"":true,""upper"":[""5606965969292388966286931978695074331018539568741125120332648732082005262379504968407932344206317"",""350435373080774310392933248668442143802006210699138345069436513783332923760886340238142217388032""]}","[""179977060957006910860699754342210212451436220152431993451043617"",""11248566309812931928793734646388138217655420956479549847109632""]",-16.750041002524085,-19.424165999225806
31013,5,1,31013_5,bfd044e5a13036b9611551e6a679c569040a93e616d769b687fcc96f568d0348,fdd937a50ec8c4a28c62f2b1ec78ba15e46c7a39d0a01c699522bffc62cd1f36,39c75ee513e4a6561ba26d5df93519b85af6c42334b4156a9f8301ebc5e3b0b2,A_r1_s31013_t5_conic,True,True,COMPLETE_SUCCESS,False,optimal,conic,0,25,False,28.094166998926084,62.70879200019408,62.71204200311331,2.8730821325836625e-06,False,False,NO_NEGATIVE_WITNESS_FOUND,447777248439799/18014398509481984,True,True,0.07049999840091914,21.951000002445653,0.2970420027850196,2.8271249975659885,2.4087500059977174,33.994874997006264,"[""0"",""1""]","{""axis"":null,""sign"":null}","{""lower"":[""4108425183646968334069581095733593447597211228194749107438703764657164283532592909974873672400640581877400890475267981461117834693513726311493925824832215485462066486012878629030251903685650882820827024718771144257097538645659468429227414474326786933315944216487513830445517598806563890124569769572802148489500990594471"",""256776620059297904734001130985736922606321214270652001755521574360557768431474289885818403844194358900942322271324070614842021687037667536636559938418899269909008214532993989138015232655401900393753437759705399847551514128366095881564842722933982281517749886733527813213334713978130403135203300747545806810627199467520""],""ok"":true,""upper"":[""31428131212518280475649620405409515943406641315863629"",""1964258200572733522065752415170684378417573337759744""]}","[""31428131209170619566583786927421675788052261104376909"",""1964258200572733522065752415170684378417573337759744""]",A_r1_s31013_t5_factor,True,True,COMPLETE_SUCCESS,False,stationary,factor,4,0,False,11.274125005002134,43.58945800049696,43.59233300056076,1.4806669453210704e-08,False,False,NO_NEGATIVE_WITNESS_FOUND,447776782216695/18014398509481984,True,True,0.07341600576182827,4.9760839974624105,0.19662499835249037,2.867292001610622,2.6339999967603944,31.75304199976381,"[""0"",""1""]","{""axis"":null,""sign"":null}","{""lower"":[""94938410876724539752332193908691229742917868667803503715574625929019914889777332283870038273525051686720049540396876417740715204650098904393001519074391905878818704199773275442025391370206984094061014271167193812089183107679919941075616268470013074419246029811660890158795441060607521255315803261582816010149542116582031884417096115049086585973069"",""5933650685286384006261553675340648436622769768067283284175631269478003554956003070610361902894275708850892338010476675989211026011056563993673050653747799070523165254324776677403689425465957507382182891655174854564955186195266751746481819825666224425260420556836597849490671288815979778466506249509187994365517460511657311763027080370945932656640""],""ok"":true,""upper"":[""5606965969292388966286931978695074331018539568741125120332648732082005262379504968407932344206317"",""350435373080774310392933248668442143802006210699138345069436513783332923760886340238142217388032""]}","[""179977060957006910860699754342210212451436220152431993451043617"",""11248566309812931928793734646388138217655420956479549847109632""]",-16.82004199392395,-19.11933399969712
31013,6,0,31013_6,ccbc0d7dbf896d53ae75d8288c1f371ca6542cd61228e52b3c9c191d92772302,fdd937a50ec8c4a28c62f2b1ec78ba15e46c7a39d0a01c699522bffc62cd1f36,39c75ee513e4a6561ba26d5df93519b85af6c42334b4156a9f8301ebc5e3b0b2,A_r0_s31013_t6_conic,True,True,COMPLETE_SUCCESS,False,optimal,conic,0,12,False,16.883374999451917,50.97999999998137,50.98254099721089,5.958671106880456e-05,False,False,NO_NEGATIVE_WITNESS_FOUND,1584980477783543/18014398509481984,True,True,0.06174999725772068,11.020291996828746,0.2814999970723875,2.5929580006049946,2.3656670018681325,33.52837500278838,"[""0"",""1""]","{""axis"":null,""sign"":null}","{""lower"":[""15968196288953953998984035352838282160428199259096560576559406598003181249583146103940648104900024256044784741069199614845511639619341201970857996575618208936027627780439133318833644141096884321219435301099013146158690653954880230895934494530895533051172969400411356489193166758821561906833945087991968581"",""998015982229711701185650691433222865137021014957245968210462783165890545232787817527220419035839183088378713970373529478878386052205919250608740797895418479686974647540958131457777012805667276653036476273784433546067038611550611299681102313608280169590105375202279581759375455239392535003623839498240000""],""ok"":true,""upper"":[""2497683468768679154233399788209031581789320957"",""156105216389714361990750027908538530541862912""]}","[""59944403095382505531056836973652879042131274593"",""3746525193353144687778000669804924733004709888""]",A_r0_s31013_t6_factor,True,True,COMPLETE_SUCCESS,False,stationary,factor,4,0,False,11.470249999547377,43.82849999819882,43.83099999540718,1.5004294192356353e-08,False,False,NO_NEGATIVE_WITNESS_FOUND,1585165281029623/18014398509481984,True,True,0.05654099368257448,5.1085000013699755,0.19329200586071238,2.944500003650319,2.627875001053326,31.793333000678103,"[""0"",""1""]","{""axis"":null,""sign"":null}","{""lower"":[""23734602718887976686669362171809854506485504039930914581938233784553993763878152200093381375540310906381866409057377885853537558410576386563222758415915711379058221694738309012236193715161863409833492692743843318050466885787232995002850658041111067519508125733833087599415345729227921458045187821106177839775691402507102569547300312270017139988967"",""1483412671321596050990488046633022340891665781417476688064589321296281437605081925924312899694469089437718425678615051939182154214572883669807650946818645404360253050594372995609594061659285089120973657588366808120687463111797890645092811820130595712249837847118158187737429848267781777096728039232819770069053752108297598712220095282057303818240""],""ok"":true,""upper"":[""32318274979113206828488641840415510521141287748545704682407222388220086919028082049291370922049541128947341606046145368753886891024150126993333233031295365959992078681695434326204947123615428626324549029058453263439"",""2019892186194575426780540115025969407571330484284098762047339866778393147250079035691647949930593965271161460040772435601799461984070580683441080871930322246382805889713322725705598883027579923432176608666540048384""]}","[""2374642455062148538959951840998482485272138357400841026812794184127894335429"",""148415153441384283684996990062405155329508647337551992482214920908580061184""]",-5.413124999904539,-7.151500001782551
31013,6,1,31013_6,ccbc0d7dbf896d53ae75d8288c1f371ca6542cd61228e52b3c9c191d92772302,fdd937a50ec8c4a28c62f2b1ec78ba15e46c7a39d0a01c699522bffc62cd1f36,39c75ee513e4a6561ba26d5df93519b85af6c42334b4156a9f8301ebc5e3b0b2,A_r1_s31013_t6_conic,True,True,COMPLETE_SUCCESS,False,optimal,conic,0,12,False,16.95674999791663,51.47204199602129,51.474749998305924,5.958671106880456e-05,False,False,NO_NEGATIVE_WITNESS_FOUND,1584980477783543/18014398509481984,True,True,0.06125000072643161,10.82966700050747,0.31208399741444737,2.7296249973005615,2.4797500009299256,33.95308300241595,"[""0"",""1""]","{""axis"":null,""sign"":null}","{""lower"":[""15968196288953953998984035352838282160428199259096560576559406598003181249583146103940648104900024256044784741069199614845511639619341201970857996575618208936027627780439133318833644141096884321219435301099013146158690653954880230895934494530895533051172969400411356489193166758821561906833945087991968581"",""998015982229711701185650691433222865137021014957245968210462783165890545232787817527220419035839183088378713970373529478878386052205919250608740797895418479686974647540958131457777012805667276653036476273784433546067038611550611299681102313608280169590105375202279581759375455239392535003623839498240000""],""ok"":true,""upper"":[""2497683468768679154233399788209031581789320957"",""156105216389714361990750027908538530541862912""]}","[""59944403095382505531056836973652879042131274593"",""3746525193353144687778000669804924733004709888""]",A_r1_s31013_t6_factor,True,True,COMPLETE_SUCCESS,False,stationary,factor,4,0,False,11.716208995494526,44.321208995825145,44.32420899684075,1.5004294192356353e-08,False,False,NO_NEGATIVE_WITNESS_FOUND,1585165281029623/18014398509481984,True,True,0.06008399941492826,5.384707998018712,0.18475000251783058,2.902332998928614,2.5727500033099204,32.03412499715341,"[""0"",""1""]","{""axis"":null,""sign"":null}","{""lower"":[""23734602718887976686669362171809854506485504039930914581938233784553993763878152200093381375540310906381866409057377885853537558410576386563222758415915711379058221694738309012236193715161863409833492692743843318050466885787232995002850658041111067519508125733833087599415345729227921458045187821106177839775691402507102569547300312270017139988967"",""1483412671321596050990488046633022340891665781417476688064589321296281437605081925924312899694469089437718425678615051939182154214572883669807650946818645404360253050594372995609594061659285089120973657588366808120687463111797890645092811820130595712249837847118158187737429848267781777096728039232819770069053752108297598712220095282057303818240""],""ok"":true,""upper"":[""32318274979113206828488641840415510521141287748545704682407222388220086919028082049291370922049541128947341606046145368753886891024150126993333233031295365959992078681695434326204947123615428626324549029058453263439"",""2019892186194575426780540115025969407571330484284098762047339866778393147250079035691647949930593965271161460040772435601799461984070580683441080871930322246382805889713322725705598883027579923432176608666540048384""]}","[""2374642455062148538959951840998482485272138357400841026812794184127894335429"",""148415153441384283684996990062405155329508647337551992482214920908580061184""]",-5.2405410024221055,-7.150833000196144
31013,7,0,31013_7,9d7e6fdafd242f9b56a971275347732c5baeea3245d2341d3a39f6ae0c4cdd3b,fdd937a50ec8c4a28c62f2b1ec78ba15e46c7a39d0a01c699522bffc62cd1f36,39c75ee513e4a6561ba26d5df93519b85af6c42334b4156a9f8301ebc5e3b0b2,A_r0_s31013_t7_conic,True,True,COMPLETE_SUCCESS,False,optimal,conic,0,25,False,28.14924999984214,62.36154199723387,62.36416700267,1.4652816750914301e-05,False,False,NO_NEGATIVE_WITNESS_FOUND,2712310447943159/18014398509481984,True,True,0.061958002333994955,21.76754099491518,0.3072079998673871,3.0297919947770424,2.4215409939642996,33.6562500015134,"[""0"",""1""]","{""axis"":null,""sign"":null}","{""lower"":[""1170203614705311685102495424244017193754039723977448849372259937756564861125214369245814833880620805983862343737837464922143998899415136561438698389816474101169292088035902757343968427122364691249340422669198082141981825843976477236352121982276157681895558946839905350894375608223818590719313866958679494690523000569"",""73137792858357257507874863847804049316180906467447391919852298594211865347800473805221150192424893195168485340683597886422474504900390835399017814030672783995510589079166575986863813456856172586402581376259775612212228027854827368303075595028665836427910032488416860611241787680756999787834954281378248914223759360""],""ok"":true,""upper"":[""3836441800112381520579683594274764835927815927297"",""239777612374601260017792042867515182912301432832""]}","[""1278813932674603037487780644408869783096785059419"",""79925870791533753339264014289171727637433810944""]",A_r0_s31013_t7_factor,True,True,COMPLETE_SUCCESS,False,stationary,factor,4,0,False,12.294624997593928,45.62141699716449,45.62395800166996,1.5176703957982238e-08,False,False,NO_NEGATIVE_WITNESS_FOUND,2712311829392887/18014398509481984,True,True,0.0673749964335002,5.724208000174258,0.19791700469795614,2.930208000179846,2.8550419956445694,32.78291599417571,"[""0"",""1""]","{""axis"":null,""sign"":null}","{""lower"":[""12658454783270518323027722454870151399081300625039272329377337080642113057813298578545286726869811812363297037141122554079629430353279937860044538125508807719442890313188859562466015275960440363600386908255302448953724409694800255766514002220488573097952158837326586152512815458540194281955835877779157192780116709245671743613946651825197428107045"",""791153424704851227194815054544631931980592698108430899994110308328572952222411180336045364310231951187640565038470112197581704628808991235103661419720178694156924969139401342140917559777156848571700280440174275174869653168053356943334719906141401296942478066686127606515260447447399160952524727221054428239971512006487081620428530081918135304192""],""ok"":true,""upper"":[""353113348226660901347084894157329438628103925579951807958477663602815634840630914378936799290225002675916260485454552578767117564999843997885729723734485839717451165613036779455558515609471080566719773586218289993228146675311069075512846359957053793797480015751161741512452448367610748307385081144037923946393068181274976441595539217889884346862155927104960379"",""22069584264166306334192805884833089914256495340235747580346555978052707184819131958456248491330381447693712725810009359348161833075387566011036609346759220229360935846238757842930803090022043310671130880908214541678360558510318112390609377996020342912563406939119147555725473043422651916305057142457922690776106016093243324019578725604961987497203597043564544""]}","[""1766847064778384329583297500742918515827483897557011954405611124478964111"",""110427941548649020598956093796432407239217743554726184882600387580788736""]",-15.854625002248213,-16.740125000069384
31013,7,1,31013_7,9d7e6fdafd242f9b56a971275347732c5baeea3245d2341d3a39f6ae0c4cdd3b,fdd937a50ec8c4a28c62f2b1ec78ba15e46c7a39d0a01c699522bffc62cd1f36,39c75ee513e4a6561ba26d5df93519b85af6c42334b4156a9f8301ebc5e3b0b2,A_r1_s31013_t7_conic,True,True,COMPLETE_SUCCESS,False,optimal,conic,0,25,False,38.59983300208114,73.60799999878509,73.61054200009676,1.4652816750914301e-05,False,False,NO_NEGATIVE_WITNESS_FOUND,2712310447943159/18014398509481984,True,True,0.06512500112876296,22.51687500393018,0.30908299959264696,11.978041999100242,3.088707999268081,34.419540999806486,"[""0"",""1""]","{""axis"":null,""sign"":null}","{""lower"":[""1170203614705311685102495424244017193754039723977448849372259937756564861125214369245814833880620805983862343737837464922143998899415136561438698389816474101169292088035902757343968427122364691249340422669198082141981825843976477236352121982276157681895558946839905350894375608223818590719313866958679494690523000569"",""73137792858357257507874863847804049316180906467447391919852298594211865347800473805221150192424893195168485340683597886422474504900390835399017814030672783995510589079166575986863813456856172586402581376259775612212228027854827368303075595028665836427910032488416860611241787680756999787834954281378248914223759360""],""ok"":true,""upper"":[""3836441800112381520579683594274764835927815927297"",""239777612374601260017792042867515182912301432832""]}","[""1278813932674603037487780644408869783096785059419"",""79925870791533753339264014289171727637433810944""]",A_r1_s31013_t7_factor,True,True,COMPLETE_SUCCESS,False,stationary,factor,4,0,False,11.980790994130075,44.884374998218846,44.88962499453919,1.5176703957982238e-08,False,False,NO_NEGATIVE_WITNESS_FOUND,2712311829392887/18014398509481984,True,True,0.06116599979577586,5.466000002343208,0.1984999980777502,3.005875005328562,2.7026669995393604,32.35208299884107,"[""0"",""1""]","{""axis"":null,""sign"":null}","{""lower"":[""12658454783270518323027722454870151399081300625039272329377337080642113057813298578545286726869811812363297037141122554079629430353279937860044538125508807719442890313188859562466015275960440363600386908255302448953724409694800255766514002220488573097952158837326586152512815458540194281955835877779157192780116709245671743613946651825197428107045"",""791153424704851227194815054544631931980592698108430899994110308328572952222411180336045364310231951187640565038470112197581704628808991235103661419720178694156924969139401342140917559777156848571700280440174275174869653168053356943334719906141401296942478066686127606515260447447399160952524727221054428239971512006487081620428530081918135304192""],""ok"":true,""upper"":[""353113348226660901347084894157329438628103925579951807958477663602815634840630914378936799290225002675916260485454552578767117564999843997885729723734485839717451165613036779455558515609471080566719773586218289993228146675311069075512846359957053793797480015751161741512452448367610748307385081144037923946393068181274976441595539217889884346862155927104960379"",""22069584264166306334192805884833089914256495340235747580346555978052707184819131958456248491330381447693712725810009359348161833075387566011036609346759220229360935846238757842930803090022043310671130880908214541678360558510318112390609377996020342912563406939119147555725473043422651916305057142457922690776106016093243324019578725604961987497203597043564544""]}","[""1766847064778384329583297500742918515827483897557011954405611124478964111"",""110427941548649020598956093796432407239217743554726184882600387580788736""]",-26.619042007951066,-28.723625000566244
31014,0,0,31014_0,7947b7c9b9cd081acdac26d122a74db4dfe093b86ce2973f5b0beeb65e04cd66,fdd937a50ec8c4a28c62f2b1ec78ba15e46c7a39d0a01c699522bffc62cd1f36,39c75ee513e4a6561ba26d5df93519b85af6c42334b4156a9f8301ebc5e3b0b2,A_r0_s31014_t0_conic,True,True,COMPLETE_SUCCESS,False,optimal,conic,0,31,False,143.03554200159851,177.75654200522695,177.75900000560796,5.733888539227454e-06,True,True,COLLISION_WITNESSED,9621593910455/36028797018963968,True,True,32.785458002763335,52.82962499768473,0.31887499790173024,53.59287500323262,2.68687500647502,33.97429100004956,"[""59220784477651083605253"",""120916101560156897148928""]","{""axis"":1,""sign"":1}","{""lower"":[""76409215826984150012413149680545650746207847308273879255019206615093461383002673900110548713439813316073806627351532264050216095449736918041918851607647107716000192975560554428323237637875524189625392231801939347704561581269930235444773555598781526795440302552689862396295738813665297613141837925554959410104563637"",""4730408033447995908741006285197451842724144382507411922538965574547397566967723842666909243144967676902456795033998865920140073165518672992837448111459353733523129086664815402991457281178467436756169824155264250968452704410087401065834603017829100113145196736285128066453748858027722460572219513249038271323832320""],""ok"":true,""upper"":[""15492300629039244889984771414008079805482903237213"",""959110449498405040071168171470060731649205731328""]}","[""46490253272111086962464299126834196606668815492803"",""2807175094369186025623397683770374733122217443328""]",A_r0_s31014_t0_factor,True,True,COMPLETE_SUCCESS,False,optimal,conic,0,31,True,145.74758300295798,180.19529199955286,180.1997080037836,5.733888539227454e-06,True,True,COLLISION_WITNESSED,9621593910455/36028797018963968,True,True,32.928125001490116,55.14916600077413,0.34691700420808047,53.81158399541164,2.6756250008475035,33.549625004525296,"[""59220784477651083605253"",""120916101560156897148928""]","{""axis"":1,""sign"":1}","{""lower"":[""76409215826984150012413149680545650746207847308273879255019206615093461383002673900110548713439813316073806627351532264050216095449736918041918851607647107716000192975560554428323237637875524189625392231801939347704561581269930235444773555598781526795440302552689862396295738813665297613141837925554959410104563637"",""4730408033447995908741006285197451842724144382507411922538965574547397566967723842666909243144967676902456795033998865920140073165518672992837448111459353733523129086664815402991457281178467436756169824155264250968452704410087401065834603017829100113145196736285128066453748858027722460572219513249038271323832320""],""ok"":true,""upper"":[""15492300629039244889984771414008079805482903237213"",""959110449498405040071168171470060731649205731328""]}","[""46490253272111086962464299126834196606668815492803"",""2807175094369186025623397683770374733122217443328""]",2.7120410013594665,2.438749994325917
31014,0,1,31014_0,7947b7c9b9cd081acdac26d122a74db4dfe093b86ce2973f5b0beeb65e04cd66,fdd937a50ec8c4a28c62f2b1ec78ba15e46c7a39d0a01c699522bffc62cd1f36,39c75ee513e4a6561ba26d5df93519b85af6c42334b4156a9f8301ebc5e3b0b2,A_r1_s31014_t0_conic,True,True,COMPLETE_SUCCESS,False,optimal,conic,0,31,False,144.48224999796366,208.7812909958302,208.78391599399038,5.733888539227454e-06,True,True,COLLISION_WITNESSED,9621593910455/36028797018963968,True,True,32.93074999965029,52.36495900317095,0.28941699565621093,55.28049999702489,2.8017500007990748,63.43966699932935,"[""59220784477651083605253"",""120916101560156897148928""]","{""axis"":1,""sign"":1}","{""lower"":[""76409215826984150012413149680545650746207847308273879255019206615093461383002673900110548713439813316073806627351532264050216095449736918041918851607647107716000192975560554428323237637875524189625392231801939347704561581269930235444773555598781526795440302552689862396295738813665297613141837925554959410104563637"",""4730408033447995908741006285197451842724144382507411922538965574547397566967723842666909243144967676902456795033998865920140073165518672992837448111459353733523129086664815402991457281178467436756169824155264250968452704410087401065834603017829100113145196736285128066453748858027722460572219513249038271323832320""],""ok"":true,""upper"":[""15492300629039244889984771414008079805482903237213"",""959110449498405040071168171470060731649205731328""]}","[""46490253272111086962464299126834196606668815492803"",""2807175094369186025623397683770374733122217443328""]",A_r1_s31014_t0_factor,True,True,COMPLETE_SUCCESS,False,optimal,conic,0,31,True,146.71016600186704,181.10275000071852,181.10604099638294,5.733888539227454e-06,True,True,COLLISION_WITNESSED,9621593910455/36028797018963968,True,True,32.8184579993831,55.741458003467415,0.3178330007358454,54.196416997001506,2.7843330026371405,33.534249996591825,"[""59220784477651083605253"",""120916101560156897148928""]","{""axis"":1,""sign"":1}","{""lower"":[""76409215826984150012413149680545650746207847308273879255019206615093461383002673900110548713439813316073806627351532264050216095449736918041918851607647107716000192975560554428323237637875524189625392231801939347704561581269930235444773555598781526795440302552689862396295738813665297613141837925554959410104563637"",""4730408033447995908741006285197451842724144382507411922538965574547397566967723842666909243144967676902456795033998865920140073165518672992837448111459353733523129086664815402991457281178467436756169824155264250968452704410087401065834603017829100113145196736285128066453748858027722460572219513249038271323832320""],""ok"":true,""upper"":[""15492300629039244889984771414008079805482903237213"",""959110449498405040071168171470060731649205731328""]}","[""46490253272111086962464299126834196606668815492803"",""2807175094369186025623397683770374733122217443328""]",2.227916003903374,-27.67854099511169
31014,1,0,31014_1,2acb18c74610072bc0b793d71580f3a3343b736b68f4856c55a2b92152583aa7,fdd937a50ec8c4a28c62f2b1ec78ba15e46c7a39d0a01c699522bffc62cd1f36,39c75ee513e4a6561ba26d5df93519b85af6c42334b4156a9f8301ebc5e3b0b2,A_r0_s31014_t1_conic,True,True,COMPLETE_SUCCESS,False,optimal,conic,0,30,False,32.56800000235671,66.48987499647774,66.49241600098321,1.846929438861841e-05,False,False,NO_NEGATIVE_WITNESS_FOUND,2944183/36028797018963968,True,True,0.07212500349851325,25.348499999381602,0.30287499976111576,2.6621249999152496,3.587749997677747,33.40287500031991,"[""0"",""1""]","{""axis"":null,""sign"":null}","{""lower"":[""71461128945783774498556932757127745097593645022889226018727098931073206674471194110831833579516225587705179764706951661373506094723061471770320974744272826502150296785977448609222994208378416994985343732953043738505957172227941692926157357407949098955036883064955615547225069383291946760632287531971647130312557"",""4445047534241738887617457946467493200093685951972425522466953104846260861369299998467379447766834225914370601954288902955080031060173690559021284646236894669721949567168874701857970281120915006331336912372940060340095730996621983737770515055143994678370843520971371238413252343659633479634760477753998856683520""],""ok"":true,""upper"":[""7709613195006299327515444057052983144737946846919"",""479555224749202520035584085735030365824602865664""]}","[""21882321696303471977733502206803928808309"",""1361129467683753853853498429727072845824""]",A_r0_s31014_t1_factor,True,True,COMPLETE_SUCCESS,False,optimal,conic,4,30,True,48.046749994682614,112.26937500032363,112.27262499596691,1.846929438861841e-05,False,False,NO_NEGATIVE_WITNESS_FOUND,2944183/36028797018963968,True,True,0.07441599882440642,40.36404100043001,0.37508400419028476,2.8095829984522425,3.5024159951717593,63.29912499495549,"[""0"",""1""]","{""axis"":null,""sign"":null}","{""lower"":[""71461128945783774498556932757127745097593645022889226018727098931073206674471194110831833579516225587705179764706951661373506094723061471770320974744272826502150296785977448609222994208378416994985343732953043738505957172227941692926157357407949098955036883064955615547225069383291946760632287531971647130312557"",""4445047534241738887617457946467493200093685951972425522466953104846260861369299998467379447766834225914370601954288902955080031060173690559021284646236894669721949567168874701857970281120915006331336912372940060340095730996621983737770515055143994678370843520971371238413252343659633479634760477753998856683520""],""ok"":true,""upper"":[""7709613195006299327515444057052983144737946846919"",""479555224749202520035584085735030365824602865664""]}","[""21882321696303471977733502206803928808309"",""1361129467683753853853498429727072845824""]",15.478749992325902,45.7795000038459
31014,1,1,31014_1,2acb18c74610072bc0b793d71580f3a3343b736b68f4856c55a2b92152583aa7,fdd937a50ec8c4a28c62f2b1ec78ba15e46c7a39d0a01c699522bffc62cd1f36,39c75ee513e4a6561ba26d5df93519b85af6c42334b4156a9f8301ebc5e3b0b2,A_r1_s31014_t1_conic,True,True,COMPLETE_SUCCESS,False,optimal,conic,0,30,False,32.40583300066646,66.94212499860441,66.94470799993724,1.846929438861841e-05,False,False,NO_NEGATIVE_WITNESS_FOUND,2944183/36028797018963968,True,True,0.07237499812617898,25.094249998801388,0.2817920030793175,2.6776249942486174,3.740334002941381,33.902666000358295,"[""0"",""1""]","{""axis"":null,""sign"":null}","{""lower"":[""71461128945783774498556932757127745097593645022889226018727098931073206674471194110831833579516225587705179764706951661373506094723061471770320974744272826502150296785977448609222994208378416994985343732953043738505957172227941692926157357407949098955036883064955615547225069383291946760632287531971647130312557"",""4445047534241738887617457946467493200093685951972425522466953104846260861369299998467379447766834225914370601954288902955080031060173690559021284646236894669721949567168874701857970281120915006331336912372940060340095730996621983737770515055143994678370843520971371238413252343659633479634760477753998856683520""],""ok"":true,""upper"":[""7709613195006299327515444057052983144737946846919"",""479555224749202520035584085735030365824602865664""]}","[""21882321696303471977733502206803928808309"",""1361129467683753853853498429727072845824""]",A_r1_s31014_t1_factor,True,True,COMPLETE_SUCCESS,False,optimal,conic,4,30,True,41.606167003919836,76.26879199960968,76.27145800506696,1.846929438861841e-05,False,False,NO_NEGATIVE_WITNESS_FOUND,2944183/36028797018963968,True,True,0.05395799962570891,33.83862500049872,0.31954199948813766,2.7907080002478324,3.6948330016457476,33.75724999932572,"[""0"",""1""]","{""axis"":null,""sign"":null}","{""lower"":[""71461128945783774498556932757127745097593645022889226018727098931073206674471194110831833579516225587705179764706951661373506094723061471770320974744272826502150296785977448609222994208378416994985343732953043738505957172227941692926157357407949098955036883064955615547225069383291946760632287531971647130312557"",""4445047534241738887617457946467493200093685951972425522466953104846260861369299998467379447766834225914370601954288902955080031060173690559021284646236894669721949567168874701857970281120915006331336912372940060340095730996621983737770515055143994678370843520971371238413252343659633479634760477753998856683520""],""ok"":true,""upper"":[""7709613195006299327515444057052983144737946846919"",""479555224749202520035584085735030365824602865664""]}","[""21882321696303471977733502206803928808309"",""1361129467683753853853498429727072845824""]",9.200334003253374,9.326667001005262
31014,2,0,31014_2,0a5a25ebc13d2e87f2cd8542aff71c5b5bffe9a56e2b976c3e58c6076621f780,fdd937a50ec8c4a28c62f2b1ec78ba15e46c7a39d0a01c699522bffc62cd1f36,39c75ee513e4a6561ba26d5df93519b85af6c42334b4156a9f8301ebc5e3b0b2,A_r0_s31014_t2_conic,True,True,COMPLETE_SUCCESS,False,optimal,conic,0,30,False,32.829458999913186,66.91270899318624,66.91516699356725,1.3164101743813606e-05,False,False,NO_NEGATIVE_WITNESS_FOUND,19164343/36028797018963968,True,True,0.07379199814749882,25.339291998534463,0.30737499764654785,2.7542919997358695,3.807834000326693,33.55049999663606,"[""0"",""1""]","{""axis"":null,""sign"":null}","{""lower"":[""11905105870657380769875587076045800105011494981799835653173637854318028253138296861793190556920107301647476940023731203222993183160432320530013256662173702224534711295259840138235370168468423466509840574370141846209670040266380410000914456027449279793102391084950311098114101981943115231670753295595974711739259091"",""743151940381103596709277705500273302793731794567554175042314161047727240058249835010698712342392385208265430508450261234096940497113068057889066108935351613025018181075795621594176557511905074745057960462761727209014368146160093242827071682350893538512992871600871621491425927559309295840866869372055909197414400""],""ok"":true,""upper"":[""5001536171174986160218190765207828571154918129"",""312210432779428723981500055817077061083725824""]}","[""1221078166503136249243823989813613148179349"",""76223250190290215815795912064716079366144""]",A_r0_s31014_t2_factor,True,True,COMPLETE_SUCCESS,False,stationary,factor,4,0,False,26.748916003271006,59.323540997866075,59.32924999797251,1.6269189558401133e-08,False,False,NO_NEGATIVE_WITNESS_FOUND,-4937/36028797018963968,True,True,0.06674999895039946,5.028542000218295,0.18816700321622193,2.817041997332126,18.07366700086277,32.001167004636955,"[""0"",""1""]","{""axis"":null,""sign"":null}","{""lower"":[""25578970264831736153796288323383733919867770337980322911253262742075793086642422157788767173019468644863256844026704665592708556151149619001547548658898666812056984568181526544986890816750656549739453086822865274927772917706768665541032950325780618294332157157023827418720448626838163907995381399868437679387043442770109983602041748070957936146331"",""1596713712299058959053458280181997092884742398061050001850296567327867249216277234640094709792733110460689926716720956902627773050109533162778581299540042563898588418077838072502227212542114902681762316602349297023627799910090184796584921949514354728532858796782888845942175069229050156522938909870171448285296277990696019680797591406591323668480""],""ok"":true,""upper"":[""655561348820628129699115039681413112951215260366523"",""40922045845265281709703175316055924550366111203328""]}","[""7326468998424278159057144504487387916325309"",""457339501141741294894775472388296476196864""]",-6.08054299664218,-7.589167995320167
31014,2,1,31014_2,0a5a25ebc13d2e87f2cd8542aff71c5b5bffe9a56e2b976c3e58c6076621f780,fdd937a50ec8c4a28c62f2b1ec78ba15e46c7a39d0a01c699522bffc62cd1f36,39c75ee513e4a6561ba26d5df93519b85af6c42334b4156a9f8301ebc5e3b0b2,A_r1_s31014_t2_conic,True,True,COMPLETE_SUCCESS,False,optimal,conic,0,30,False,32.96366699942155,66.98437500017462,66.98791700182483,1.3164101743813606e-05,False,False,NO_NEGATIVE_WITNESS_FOUND,19164343/36028797018963968,True,True,0.06387499888660386,25.626417002058588,0.29762499616481364,2.8059169999323785,3.6141249947831966,33.424125002056826,"[""0"",""1""]","{""axis"":null,""sign"":null}","{""lower"":[""11905105870657380769875587076045800105011494981799835653173637854318028253138296861793190556920107301647476940023731203222993183160432320530013256662173702224534711295259840138235370168468423466509840574370141846209670040266380410000914456027449279793102391084950311098114101981943115231670753295595974711739259091"",""743151940381103596709277705500273302793731794567554175042314161047727240058249835010698712342392385208265430508450261234096940497113068057889066108935351613025018181075795621594176557511905074745057960462761727209014368146160093242827071682350893538512992871600871621491425927559309295840866869372055909197414400""],""ok"":true,""upper"":[""5001536171174986160218190765207828571154918129"",""312210432779428723981500055817077061083725824""]}","[""1221078166503136249243823989813613148179349"",""76223250190290215815795912064716079366144""]",A_r1_s31014_t2_factor,True,True,COMPLETE_SUCCESS,False,stationary,factor,4,0,False,22.74204200512031,55.357750003167894,55.36066700005904,1.6269189558401133e-08,False,False,NO_NEGATIVE_WITNESS_FOUND,-4937/36028797018963968,True,True,0.08304200309794396,5.087458004709333,0.20337500609457493,2.7955420009675436,14.022833995113615,32.04737499618204,"[""0"",""1""]","{""axis"":null,""sign"":null}","{""lower"":[""25578970264831736153796288323383733919867770337980322911253262742075793086642422157788767173019468644863256844026704665592708556151149619001547548658898666812056984568181526544986890816750656549739453086822865274927772917706768665541032950325780618294332157157023827418720448626838163907995381399868437679387043442770109983602041748070957936146331"",""1596713712299058959053458280181997092884742398061050001850296567327867249216277234640094709792733110460689926716720956902627773050109533162778581299540042563898588418077838072502227212542114902681762316602349297023627799910090184796584921949514354728532858796782888845942175069229050156522938909870171448285296277990696019680797591406591323668480""],""ok"":true,""upper"":[""655561348820628129699115039681413112951215260366523"",""40922045845265281709703175316055924550366111203328""]}","[""7326468998424278159057144504487387916325309"",""457339501141741294894775472388296476196864""]",-10.221624994301237,-11.62662499700673
31014,3,0,31014_3,f9253c363afc58e48ddd1c27b233a46eae3fec72ceb9f3ce367f305ca934f255,fdd937a50ec8c4a28c62f2b1ec78ba15e46c7a39d0a01c699522bffc62cd1f36,39c75ee513e4a6561ba26d5df93519b85af6c42334b4156a9f8301ebc5e3b0b2,A_r0_s31014_t3_conic,True,True,COMPLETE_SUCCESS,False,optimal,conic,0,36,False,35.72520799934864,70.31854100205237,70.32141600211617,6.649599218197951e-06,False,False,NO_NEGATIVE_WITNESS_FOUND,141042143095991/36028797018963968,True,True,0.06466600461862981,29.265875004057307,0.3569589971448295,2.693458998692222,2.6816249956027605,34.02204099984374,"[""0"",""1""]","{""axis"":null,""sign"":null}","{""lower"":[""479315987646601881553479871853569278615135248479437573453897877538171018982603777271380793608013477213939786979867290234463727809064660970754201187709005709311949133249647402492700869702790077777629893910778439333309438205870541757009730323285309655451170000149099494911196896363778771726860056241709792391770288566263"",""29957261673919288139872968046578639684708304866772176806998611302699929447825803958235424518161990225969131808348622026030773878884980478871046960567395575295482319799168468980349090414689500785472073913970184888533543667328672000343568794582651329389304937592597446326547513469995981731221860167998321039568273408000""],""ok"":true,""upper"":[""7672883597070613577218674835829021991290359375949"",""479555224749202520035584085735030365824602865664""]}","[""7672883596177928116218664155099400639523585412989"",""479555224749202520035584085735030365824602865664""]",A_r0_s31014_t3_factor,True,True,COMPLETE_SUCCESS,False,optimal,conic,4,36,True,44.39791700133355,78.87599999958184,78.8790840015281,6.649599218197951e-06,False,False,NO_NEGATIVE_WITNESS_FOUND,141042143095991/36028797018963968,True,True,0.06450000364566222,37.44754099898273,0.30916599644115195,2.8004999985569157,2.753166001639329,33.626874996116385,"[""0"",""1""]","{""axis"":null,""sign"":null}","{""lower"":[""479315987646601881553479871853569278615135248479437573453897877538171018982603777271380793608013477213939786979867290234463727809064660970754201187709005709311949133249647402492700869702790077777629893910778439333309438205870541757009730323285309655451170000149099494911196896363778771726860056241709792391770288566263"",""29957261673919288139872968046578639684708304866772176806998611302699929447825803958235424518161990225969131808348622026030773878884980478871046960567395575295482319799168468980349090414689500785472073913970184888533543667328672000343568794582651329389304937592597446326547513469995981731221860167998321039568273408000""],""ok"":true,""upper"":[""7672883597070613577218674835829021991290359375949"",""479555224749202520035584085735030365824602865664""]}","[""7672883596177928116218664155099400639523585412989"",""479555224749202520035584085735030365824602865664""]",8.672709001984913,8.557458997529466
31014,3,1,31014_3,f9253c363afc58e48ddd1c27b233a46eae3fec72ceb9f3ce367f305ca934f255,fdd937a50ec8c4a28c62f2b1ec78ba15e46c7a39d0a01c699522bffc62cd1f36,39c75ee513e4a6561ba26d5df93519b85af6c42334b4156a9f8301ebc5e3b0b2,A_r1_s31014_t3_conic,True,True,COMPLETE_SUCCESS,False,optimal,conic,0,36,False,35.94625000550877,70.27162500162376,70.2743330039084,6.649599218197951e-06,False,False,NO_NEGATIVE_WITNESS_FOUND,141042143095991/36028797018963968,True,True,0.05787500413134694,29.1663329990115,0.30258300103014335,3.009667001606431,2.8091249987483025,33.7605419990723,"[""0"",""1""]","{""axis"":null,""sign"":null}","{""lower"":[""479315987646601881553479871853569278615135248479437573453897877538171018982603777271380793608013477213939786979867290234463727809064660970754201187709005709311949133249647402492700869702790077777629893910778439333309438205870541757009730323285309655451170000149099494911196896363778771726860056241709792391770288566263"",""29957261673919288139872968046578639684708304866772176806998611302699929447825803958235424518161990225969131808348622026030773878884980478871046960567395575295482319799168468980349090414689500785472073913970184888533543667328672000343568794582651329389304937592597446326547513469995981731221860167998321039568273408000""],""ok"":true,""upper"":[""7672883597070613577218674835829021991290359375949"",""479555224749202520035584085735030365824602865664""]}","[""7672883596177928116218664155099400639523585412989"",""479555224749202520035584085735030365824602865664""]",A_r1_s31014_t3_factor,True,True,COMPLETE_SUCCESS,False,optimal,conic,4,36,True,43.6222079952131,78.36579199647531,78.36820800002897,6.649599218197951e-06,False,False,NO_NEGATIVE_WITNESS_FOUND,141042143095991/36028797018963968,True,True,0.06270800076890737,36.79087499767775,0.37770799826830626,2.6779589970828965,2.7435000010882504,33.7739579990739,"[""0"",""1""]","{""axis"":null,""sign"":null}","{""lower"":[""479315987646601881553479871853569278615135248479437573453897877538171018982603777271380793608013477213939786979867290234463727809064660970754201187709005709311949133249647402492700869702790077777629893910778439333309438205870541757009730323285309655451170000149099494911196896363778771726860056241709792391770288566263"",""29957261673919288139872968046578639684708304866772176806998611302699929447825803958235424518161990225969131808348622026030773878884980478871046960567395575295482319799168468980349090414689500785472073913970184888533543667328672000343568794582651329389304937592597446326547513469995981731221860167998321039568273408000""],""ok"":true,""upper"":[""7672883597070613577218674835829021991290359375949"",""479555224749202520035584085735030365824602865664""]}","[""7672883596177928116218664155099400639523585412989"",""479555224749202520035584085735030365824602865664""]",7.6759579897043295,8.094166994851548
31014,4,0,31014_4,5400fba8813dc03b5c617347bc30ec904da00ec445cfe3951c0d1423eb8108fb,fdd937a50ec8c4a28c62f2b1ec78ba15e46c7a39d0a01c699522bffc62cd1f36,39c75ee513e4a6561ba26d5df93519b85af6c42334b4156a9f8301ebc5e3b0b2,A_r0_s31014_t4_conic,True,True,COMPLETE_SUCCESS,False,optimal,conic,0,26,False,29.26929199747974,64.30520799767692,64.3079579967889,1.2039857376748456e-06,False,False,NO_NEGATIVE_WITNESS_FOUND,1841017124089015/36028797018963968,True,True,0.07370799721684307,23.023417001240887,0.3121249974356033,2.7142500039190054,2.531458994781133,34.431125000992324,"[""0"",""1""]","{""axis"":null,""sign"":null}","{""lower"":[""80415947740590821945434830681645420766869253397949609606906076600640035057832973209924426066913536705453261816086892045397771703618077701316650681316804956367190175056444905335934454426729129598497443642737061647972610521782034609982509696546236995272636674581550141980018437692161046851690215191125139446585917236183596141997"",""5025997111825168274901187708311928045494790721862867411061606084199153368761852284660177485626283340698886545123889619967310802535185463565546762552948272451709308652459635659884891424878450265663986588116334033524894613682155497665207639224222579381952750327391066660015967347105725065757987515479328261622272792933087313920""],""ok"":true,""upper"":[""15345767192473876682497300773636286973818977689053"",""959110449498405040071168171470060731649205731328""]}","[""5115255730661157105050208064318582448070117524811"",""319703483166135013357056057156686910549735243776""]",A_r0_s31014_t4_factor,True,True,COMPLETE_SUCCESS,False,stationary,factor,5,0,False,12.931249999382999,45.070416999806184,45.073332999891136,1.615032264129028e-08,False,False,NO_NEGATIVE_WITNESS_FOUND,1841068577877175/36028797018963968,True,True,0.06583300273632631,6.3728329987498,0.2156249975087121,3.076665998378303,2.6558329991530627,31.580625000060536,"[""0"",""1""]","{""axis"":null,""sign"":null}","{""lower"":[""5933650679296985782460928631168837871261552221792468038350723401442458194228517707745556540800966307039612634559016539973747977829211462049189177855861863351447699494714223520148940665812536396915883536442620497577654798156134219512677734944784763877866279463286402849710992611505741790318345366210016648896263991551426489357324297869111563459391"",""370853167830399005966652880925471121507868309693245773721959501986816577188432098433424244133661972530926813834827980585366007953215418853083878955135401931888648030197643252101727203855236647244833562318227856225007478753353717350955311541965423974056074879870365974409724410767835343160601337270190065647338606504410105206332463482965474672640""],""ok"":true,""upper"":[""358845822034712893842363646636484755338353409283846629328092081365552837386797975348020874992467673"",""22427863877169555865147727914780297203328397484744854084443936882133307120696725775241101912834048""]}","[""2109106183089924736648825246197775916310558689242048344948721"",""131819136443120296040551577887360994738149464333744724770816""]",-16.33804199809674,-19.234790997870732
31014,4,1,31014_4,5400fba8813dc03b5c617347bc30ec904da00ec445cfe3951c0d1423eb8108fb,fdd937a50ec8c4a28c62f2b1ec78ba15e46c7a39d0a01c699522bffc62cd1f36,39c75ee513e4a6561ba26d5df93519b85af6c42334b4156a9f8301ebc5e3b0b2,A_r1_s31014_t4_conic,True,True,COMPLETE_SUCCESS,False,optimal,conic,0,26,False,29.554667002230417,64.03825000597863,64.04145900160074,1.2039857376748456e-06,False,False,NO_NEGATIVE_WITNESS_FOUND,1841017124089015/36028797018963968,True,True,0.06129200482973829,23.213583997858223,0.3349580001668073,2.845832997991238,2.4911250002332963,33.90679100266425,"[""0"",""1""]","{""axis"":null,""sign"":null}","{""lower"":[""80415947740590821945434830681645420766869253397949609606906076600640035057832973209924426066913536705453261816086892045397771703618077701316650681316804956367190175056444905335934454426729129598497443642737061647972610521782034609982509696546236995272636674581550141980018437692161046851690215191125139446585917236183596141997"",""5025997111825168274901187708311928045494790721862867411061606084199153368761852284660177485626283340698886545123889619967310802535185463565546762552948272451709308652459635659884891424878450265663986588116334033524894613682155497665207639224222579381952750327391066660015967347105725065757987515479328261622272792933087313920""],""ok"":true,""upper"":[""15345767192473876682497300773636286973818977689053"",""959110449498405040071168171470060731649205731328""]}","[""5115255730661157105050208064318582448070117524811"",""319703483166135013357056057156686910549735243776""]",A_r1_s31014_t4_factor,True,True,COMPLETE_SUCCESS,False,stationary,factor,5,0,False,12.901083995529916,46.10154199326644,46.104208995529916,1.615032264129028e-08,False,False,NO_NEGATIVE_WITNESS_FOUND,1841068577877175/36028797018963968,True,True,0.07358399307122454,6.372834002831951,0.20562500139931217,2.9815419984515756,2.687583997612819,32.58787500089966,"[""0"",""1""]","{""axis"":null,""sign"":null}","{""lower"":[""5933650679296985782460928631168837871261552221792468038350723401442458194228517707745556540800966307039612634559016539973747977829211462049189177855861863351447699494714223520148940665812536396915883536442620497577654798156134219512677734944784763877866279463286402849710992611505741790318345366210016648896263991551426489357324297869111563459391"",""370853167830399005966652880925471121507868309693245773721959501986816577188432098433424244133661972530926813834827980585366007953215418853083878955135401931888648030197643252101727203855236647244833562318227856225007478753353717350955311541965423974056074879870365974409724410767835343160601337270190065647338606504410105206332463482965474672640""],""ok"":true,""upper"":[""358845822034712893842363646636484755338353409283846629328092081365552837386797975348020874992467673"",""22427863877169555865147727914780297203328397484744854084443936882133307120696725775241101912834048""]}","[""2109106183089924736648825246197775916310558689242048344948721"",""131819136443120296040551577887360994738149464333744724770816""]",-16.6535830067005,-17.936708012712188
31014,5,0,31014_5,bdfaef7a440f1ca1991ea599b084d3f77af349a7e8fa23d354b13b3f7dc3ef6c,fdd937a50ec8c4a28c62f2b1ec78ba15e46c7a39d0a01c699522bffc62cd1f36,39c75ee513e4a6561ba26d5df93519b85af6c42334b4156a9f8301ebc5e3b0b2,A_r0_s31014_t5_conic,True,True,COMPLETE_SUCCESS,False,optimal,conic,0,13,False,18.010708001384046,52.005040997755714,52.00754100224003,0.00011352301209748231,False,False,NO_NEGATIVE_WITNESS_FOUND,4927678154534071/36028797018963968,True,True,0.05991599755361676,11.853000003611669,0.2961249992949888,2.7749999935622327,2.428250001685228,33.45483299926855,"[""0"",""1""]","{""axis"":null,""sign"":null}","{""lower"":[""798208794623081531976386183702054223230010832515670270477513663904971642102758829187292914722550032260635969656209240860392127496668820281442339604151906292794322906584423415327743385135044925721428357471981901904827940080209184221931339620368614780942595005735324800703331002110193138105911377024044573"",""49888403468085780411990683363923380159939693920630428006518867706213873269258321696353810688282698589385023152008993009852528439152533608828149441421371377646670467423319796245917998967149217611068541240710524448904601658101101607149754508569659411097248317907959678416592412647656600888574144183009280""],""ok"":true,""upper"":[""959110452641158502102561497908900209770233350063"",""59944403093650315004448010716878795728075358208""]}","[""959110449525031740924431806261227663706557687023"",""59944403093650315004448010716878795728075358208""]",A_r0_s31014_t5_factor,True,True,COMPLETE_SUCCESS,False,stationary,factor,4,0,False,11.87512500473531,45.00070799986133,45.00520800502272,1.6123728021700202e-08,False,False,NO_NEGATIVE_WITNESS_FOUND,4927737566489783/36028797018963968,True,True,0.06054199911886826,5.137874999491032,0.2029169991146773,3.0754170002182946,2.8509999974630773,32.544875000894535,"[""0"",""1""]","{""axis"":null,""sign"":null}","{""lower"":[""1356263012412993963224354084728510539714131088082466921446670811542157268880176854326639490341057833531139087807463460159044416207011374532333139056689416315188287934171598684019799129712897736621289109590903038979427853399239868782848506619875928843416319346718207063059741524624102813172896642915903392718797051525620804022315948607552969248757"",""84766438361234060045569156324114108708613876128404603202800634888665131471576970690014587287759118169356540174131369098730110128931204076546951336321424662995678820505453271122188432248167273766421665338202006526461852714892240163634299120270359397344507309440459361436227114906024699343321289212753956141940588670093622337534102486568920940544""],""ok"":true,""upper"":[""431495523173890014265862451330010554596160736013228644063062619463326926574258254184700608154665365602575579685119642789737393503287811598668057051528984642202697874132008751662285355155527566170572234578358481"",""26968470198368125891616403208125659662245394496896155041373022208116058408261400699313231753376307977482090416498960588860695331360805635040450222212814818810805590110765951309088119852434271743822548409778176""]}","[""1294077440023230710144016724176942272335285982197629904685272918862933"",""80879840001451919384001045261058892020911433267621717443310830747648""]",-6.135582996648736,-7.00433299789438
31014,5,1,31014_5,bdfaef7a440f1ca1991ea599b084d3f77af349a7e8fa23d354b13b3f7dc3ef6c,fdd937a50ec8c4a28c62f2b1ec78ba15e46c7a39d0a01c699522bffc62cd1f36,39c75ee513e4a6561ba26d5df93519b85af6c42334b4156a9f8301ebc5e3b0b2,A_r1_s31014_t5_conic,True,True,COMPLETE_SUCCESS,False,optimal,conic,0,13,False,17.783292001695372,55.26333399757277,55.26649999956135,0.00011352301209748231,False,False,NO_NEGATIVE_WITNESS_FOUND,4927678154534071/36028797018963968,True,True,0.0649170033284463,11.583042003621813,0.3072500039706938,2.7598750020843,2.4546670028939843,36.76499999710359,"[""0"",""1""]","{""axis"":null,""sign"":null}","{""lower"":[""798208794623081531976386183702054223230010832515670270477513663904971642102758829187292914722550032260635969656209240860392127496668820281442339604151906292794322906584423415327743385135044925721428357471981901904827940080209184221931339620368614780942595005735324800703331002110193138105911377024044573"",""49888403468085780411990683363923380159939693920630428006518867706213873269258321696353810688282698589385023152008993009852528439152533608828149441421371377646670467423319796245917998967149217611068541240710524448904601658101101607149754508569659411097248317907959678416592412647656600888574144183009280""],""ok"":true,""upper"":[""959110452641158502102561497908900209770233350063"",""59944403093650315004448010716878795728075358208""]}","[""959110449525031740924431806261227663706557687023"",""59944403093650315004448010716878795728075358208""]",A_r1_s31014_t5_factor,True,True,COMPLETE_SUCCESS,False,stationary,factor,4,0,False,11.983249998593237,45.61575000116136,45.6180420005694,1.6123728021700202e-08,False,False,NO_NEGATIVE_WITNESS_FOUND,4927737566489783/36028797018963968,True,True,0.07658299728063866,5.185000001802109,0.2022499975282699,3.033458000572864,2.900917002989445,33.0491249987972,"[""0"",""1""]","{""axis"":null,""sign"":null}","{""lower"":[""1356263012412993963224354084728510539714131088082466921446670811542157268880176854326639490341057833531139087807463460159044416207011374532333139056689416315188287934171598684019799129712897736621289109590903038979427853399239868782848506619875928843416319346718207063059741524624102813172896642915903392718797051525620804022315948607552969248757"",""84766438361234060045569156324114108708613876128404603202800634888665131471576970690014587287759118169356540174131369098730110128931204076546951336321424662995678820505453271122188432248167273766421665338202006526461852714892240163634299120270359397344507309440459361436227114906024699343321289212753956141940588670093622337534102486568920940544""],""ok"":true,""upper"":[""431495523173890014265862451330010554596160736013228644063062619463326926574258254184700608154665365602575579685119642789737393503287811598668057051528984642202697874132008751662285355155527566170572234578358481"",""26968470198368125891616403208125659662245394496896155041373022208116058408261400699313231753376307977482090416498960588860695331360805635040450222212814818810805590110765951309088119852434271743822548409778176""]}","[""1294077440023230710144016724176942272335285982197629904685272918862933"",""80879840001451919384001045261058892020911433267621717443310830747648""]",-5.800042003102135,-9.647583996411413
31014,6,0,31014_6,dd2031d4b8c1b284da1d7314689588dcd17bee8f631daa4ab4736590bd297ecc,fdd937a50ec8c4a28c62f2b1ec78ba15e46c7a39d0a01c699522bffc62cd1f36,39c75ee513e4a6561ba26d5df93519b85af6c42334b4156a9f8301ebc5e3b0b2,A_r0_s31014_t6_conic,True,True,COMPLETE_SUCCESS,False,optimal,conic,0,25,False,28.378832997987047,62.36608299514046,62.37141599558527,1.6838014048275354e-05,False,False,NO_NEGATIVE_WITNESS_FOUND,7812591310695607/36028797018963968,True,True,0.06474999827332795,22.08424999844283,0.32204200397245586,2.866750000976026,2.431249995424878,33.4255830020993,"[""0"",""1""]","{""axis"":null,""sign"":null}","{""lower"":[""13713320100685570194856329626369667549062609086983186518791260912910820061824452861332517571107366582845066793134911270678969432705194210921073175476417918556352269996454519960368748171309664010127155151169167320081433241175198327702901954683685507786668382183980633177052655297668174568667484202379798167807584313"",""857083407715381948691492373503217021283526210591259710865277264108243775081486891944670204449318458979215135497789464618034560168455629243414468808836136133899159866106518071515892336437128893067489274354219615463431163911281875576042824475358300967671019036369357209007627818082914942582811072504622074644398080""],""ok"":true,""upper"":[""19981467710737706759368302789780890660107723971"",""1248841731117714895926000223268308244334903296""]}","[""479555224753150460366598249005980746069047507489"",""29972201546825157502224005358439397864037679104""]",A_r0_s31014_t6_factor,True,True,COMPLETE_SUCCESS,False,stationary,factor,4,0,False,11.809167001047172,44.79333299968857,44.79575000004843,1.6088606647724205e-08,False,False,NO_NEGATIVE_WITNESS_FOUND,7812583951002807/36028797018963968,True,True,0.06004200258757919,5.245957996521611,0.20891700114589185,3.0192080012056977,2.7300419969833456,32.40920799726155,"[""0"",""1""]","{""axis"":null,""sign"":null}","{""lower"":[""3164613695637265846691886579497058967679160072224462745285698495466143278662393204148934177386394783718192579923205409086928055470388007174636153084995812843934027428797842057651385019461593748691331394052013768156578367225300783753607306921579820795784152425863783288032829593406061638718283802249634784035354174030388119144619223356880098836143"",""197788356176212806794434173753463496842320081414911910800304937876132351619402793089531823780930048480779866873412483228233569859932354608696999029827459916351351769056684848144450871194682923927982324894176116218390722098709437857270785133427938750702727411403708988030829815695463873407332659768067165988741076988523273366977373648463362785280""],""ok"":true,""upper"":[""43237786045873240004500348725354649333096227494478403057670981524835171117803396520642156686559728769216415980070804858100689267218470702782315258859157569867778014863333740114289959142047960539037041024118316263124827104189572585468100191579844733881168336757787138969651784558437445622059174261815296344981017952868081"",""2702361627867077500281271795334665583318513008783330590244883549102806810333189827430196163005943053181284990406451575049836466143990620304239451979799594057942623081085137423613106449498467472817761180399530821761959175842233369618085333804214700497409191886113188527805965237248637233210190377350849235235507877707776""]}","[""36234168320650459884032468276954383625368338322905007224282236507338409"",""2264635520040653742752029267309648976585520131493408088412703260934144""]",-16.569665996939875,-17.572749995451886
31014,6,1,31014_6,dd2031d4b8c1b284da1d7314689588dcd17bee8f631daa4ab4736590bd297ecc,fdd937a50ec8c4a28c62f2b1ec78ba15e46c7a39d0a01c699522bffc62cd1f36,39c75ee513e4a6561ba26d5df93519b85af6c42334b4156a9f8301ebc5e3b0b2,A_r1_s31014_t6_conic,True,True,COMPLETE_SUCCESS,False,optimal,conic,0,25,False,28.52020799764432,63.010749996465165,63.0134579987498,1.6838014048275354e-05,False,False,NO_NEGATIVE_WITNESS_FOUND,7812591310695607/36028797018963968,True,True,0.05858299846295267,22.264250001171604,0.30079200223553926,2.841874993464444,2.454417000990361,33.86162500100909,"[""0"",""1""]","{""axis"":null,""sign"":null}","{""lower"":[""13713320100685570194856329626369667549062609086983186518791260912910820061824452861332517571107366582845066793134911270678969432705194210921073175476417918556352269996454519960368748171309664010127155151169167320081433241175198327702901954683685507786668382183980633177052655297668174568667484202379798167807584313"",""857083407715381948691492373503217021283526210591259710865277264108243775081486891944670204449318458979215135497789464618034560168455629243414468808836136133899159866106518071515892336437128893067489274354219615463431163911281875576042824475358300967671019036369357209007627818082914942582811072504622074644398080""],""ok"":true,""upper"":[""19981467710737706759368302789780890660107723971"",""1248841731117714895926000223268308244334903296""]}","[""479555224753150460366598249005980746069047507489"",""29972201546825157502224005358439397864037679104""]",A_r1_s31014_t6_factor,True,True,COMPLETE_SUCCESS,False,stationary,factor,4,0,False,12.20816600107355,45.64129099890124,45.64399999799207,1.6088606647724205e-08,False,False,NO_NEGATIVE_WITNESS_FOUND,7812583951002807/36028797018963968,True,True,0.06137500167824328,5.736250001064036,0.192374995094724,2.9097500009811483,2.735166999627836,32.868582995433826,"[""0"",""1""]","{""axis"":null,""sign"":null}","{""lower"":[""3164613695637265846691886579497058967679160072224462745285698495466143278662393204148934177386394783718192579923205409086928055470388007174636153084995812843934027428797842057651385019461593748691331394052013768156578367225300783753607306921579820795784152425863783288032829593406061638718283802249634784035354174030388119144619223356880098836143"",""197788356176212806794434173753463496842320081414911910800304937876132351619402793089531823780930048480779866873412483228233569859932354608696999029827459916351351769056684848144450871194682923927982324894176116218390722098709437857270785133427938750702727411403708988030829815695463873407332659768067165988741076988523273366977373648463362785280""],""ok"":true,""upper"":[""43237786045873240004500348725354649333096227494478403057670981524835171117803396520642156686559728769216415980070804858100689267218470702782315258859157569867778014863333740114289959142047960539037041024118316263124827104189572585468100191579844733881168336757787138969651784558437445622059174261815296344981017952868081"",""2702361627867077500281271795334665583318513008783330590244883549102806810333189827430196163005943053181284990406451575049836466143990620304239451979799594057942623081085137423613106449498467472817761180399530821761959175842233369618085333804214700497409191886113188527805965237248637233210190377350849235235507877707776""]}","[""36234168320650459884032468276954383625368338322905007224282236507338409"",""2264635520040653742752029267309648976585520131493408088412703260934144""]",-16.31204199657077,-17.369458997563925
31014,7,0,31014_7,bc6c27d462360cc15c734fc287a4de9ec1f9e6390b6222934e9f87e481375330,fdd937a50ec8c4a28c62f2b1ec78ba15e46c7a39d0a01c699522bffc62cd1f36,39c75ee513e4a6561ba26d5df93519b85af6c42334b4156a9f8301ebc5e3b0b2,A_r0_s31014_t7_conic,True,True,COMPLETE_SUCCESS,False,optimal,conic,0,25,False,28.06599999894388,62.27408399718115,62.276791999465786,5.602714630511552e-06,False,False,NO_NEGATIVE_WITNESS_FOUND,4883617909260293/18014398509481984,True,True,0.05416700150817633,21.995167000568472,0.31645800481783226,2.7798330047517084,2.370791000430472,33.63133299717447,"[""0"",""1""]","{""axis"":null,""sign"":null}","{""lower"":[""3594870611984766126240329042980797807490701808831916157350806221472719584835983432206475797667952288835824403731103305210960525774032319105393262792510084859395809385749697637302290653825998997365121698160991961409073025583020657061042960578380483290097102665996167525701262859247534949308011284545557954788067655726077"",""224679491873338246658186377694364115782763140429290092415568924822027813736640140657727402292677319055363643524349691992749493999807946308634706786009375907287566059914100747127304580891890288620315353137409981002652934319120128057893100992576055302897332712407708779998202717983301799568782821134199772949391479930880""],""ok"":true,""upper"":[""40922045854672912074022799638268355513235440838253"",""2557627865329080106856448457253495284397881950208""]}","[""61383068768000811340629597266281094380977814606847"",""3836441797993620160284672685880242926596822925312""]",A_r0_s31014_t7_factor,True,True,COMPLETE_SUCCESS,False,stationary,factor,4,0,False,11.798832994827535,46.078457999101374,46.08145800011698,1.6043493993383742e-08,False,False,NO_NEGATIVE_WITNESS_FOUND,4883607365107717/18014398509481984,True,True,0.06025000038789585,5.474290999700315,0.18699999782256782,2.827666998200584,2.677666998351924,33.5239170017303,"[""0"",""1""]","{""axis"":null,""sign"":null}","{""lower"":[""2260438354032991860359386516416890435961737321716618977448060651178198181993636384997248586034215815192552157132492490224547989806207955775977952181767763729036464519569396266631203596187114711810700816228820032210082705567131604764724247888424295770989974835535092411064408769832482931491466093172809091385359544308905364043313093644941531543223"",""141277397268723433427564965205402698129901405818008515755136487147786187955823567822072088782967038272873166765513869968749039608923893921319946132231335801249575879008329743553939998038998958427276799853711858261078073622167689131896146130020616116704405644924943784882983838858734148717896531982943485521460410961926201040508820059839224872960""],""ok"":true,""upper"":[""27912691936426002852544242582776633520855752019175275080099922846902217464847370400670439850500764872614191258937836065352460848429615566871270467233965663503218762712443131138143363293295793066549820774892513414876313063449561634290488627286572374020909087593097574326965763501758964364622856581792113976897386036675903612886045613388114570167741633982782120483040730944960652783871437786071709578277738660941488554424891346895399296539299"",""1744543246026625178284015161423539595053484498253594393933458563406707831361638166538338383347868790676017545476157001060322655253218398160294080926931548745068523199089609085287176661304075087072055618551622802713719467304930961387851236109193598085999037777059044858763774813422230014414344395626692578959177236239409615819997066844358594102908599729571811031857531894781444866206986740562566990774948474818648260595658707059163155922944""]}","[""9275947090086517730312311878900322208094290474255177325084681773423482169"",""579746693130407358144519492431270138005893153662312470633652034799140864""]",-16.267167004116345,-16.195625998079777
31014,7,1,31014_7,bc6c27d462360cc15c734fc287a4de9ec1f9e6390b6222934e9f87e481375330,fdd937a50ec8c4a28c62f2b1ec78ba15e46c7a39d0a01c699522bffc62cd1f36,39c75ee513e4a6561ba26d5df93519b85af6c42334b4156a9f8301ebc5e3b0b2,A_r1_s31014_t7_conic,True,True,COMPLETE_SUCCESS,False,optimal,conic,0,25,False,28.11670899973251,62.62316700303927,62.626083999930415,5.602714630511552e-06,False,False,NO_NEGATIVE_WITNESS_FOUND,4883617909260293/18014398509481984,True,True,0.07054200250422582,21.884084002522286,0.32987499434966594,2.875750004022848,2.4077920024865307,33.938874999876134,"[""0"",""1""]","{""axis"":null,""sign"":null}","{""lower"":[""3594870611984766126240329042980797807490701808831916157350806221472719584835983432206475797667952288835824403731103305210960525774032319105393262792510084859395809385749697637302290653825998997365121698160991961409073025583020657061042960578380483290097102665996167525701262859247534949308011284545557954788067655726077"",""224679491873338246658186377694364115782763140429290092415568924822027813736640140657727402292677319055363643524349691992749493999807946308634706786009375907287566059914100747127304580891890288620315353137409981002652934319120128057893100992576055302897332712407708779998202717983301799568782821134199772949391479930880""],""ok"":true,""upper"":[""40922045854672912074022799638268355513235440838253"",""2557627865329080106856448457253495284397881950208""]}","[""61383068768000811340629597266281094380977814606847"",""3836441797993620160284672685880242926596822925312""]",A_r1_s31014_t7_factor,True,True,COMPLETE_SUCCESS,False,stationary,factor,4,0,False,12.209541004267521,46.40541600383585,46.41012500360375,1.6043493993383742e-08,False,False,NO_NEGATIVE_WITNESS_FOUND,4883607365107717/18014398509481984,True,True,0.0752909982111305,5.525000000488944,0.19654200150398538,3.0624580031144433,2.777458001219202,33.60729099949822,"[""0"",""1""]","{""axis"":null,""sign"":null}","{""lower"":[""2260438354032991860359386516416890435961737321716618977448060651178198181993636384997248586034215815192552157132492490224547989806207955775977952181767763729036464519569396266631203596187114711810700816228820032210082705567131604764724247888424295770989974835535092411064408769832482931491466093172809091385359544308905364043313093644941531543223"",""141277397268723433427564965205402698129901405818008515755136487147786187955823567822072088782967038272873166765513869968749039608923893921319946132231335801249575879008329743553939998038998958427276799853711858261078073622167689131896146130020616116704405644924943784882983838858734148717896531982943485521460410961926201040508820059839224872960""],""ok"":true,""upper"":[""27912691936426002852544242582776633520855752019175275080099922846902217464847370400670439850500764872614191258937836065352460848429615566871270467233965663503218762712443131138143363293295793066549820774892513414876313063449561634290488627286572374020909087593097574326965763501758964364622856581792113976897386036675903612886045613388114570167741633982782120483040730944960652783871437786071709578277738660941488554424891346895399296539299"",""1744543246026625178284015161423539595053484498253594393933458563406707831361638166538338383347868790676017545476157001060322655253218398160294080926931548745068523199089609085287176661304075087072055618551622802713719467304930961387851236109193598085999037777059044858763774813422230014414344395626692578959177236239409615819997066844358594102908599729571811031857531894781444866206986740562566990774948474818648260595658707059163155922944""]}","[""9275947090086517730312311878900322208094290474255177325084681773423482169"",""579746693130407358144519492431270138005893153662312470633652034799140864""]",-15.907167995464988,-16.217750999203417
31015,0,0,31015_0,5a83c983ca49e189f78997fb616aef419d541555f97045703ec014729ae92a11,fdd937a50ec8c4a28c62f2b1ec78ba15e46c7a39d0a01c699522bffc62cd1f36,39c75ee513e4a6561ba26d5df93519b85af6c42334b4156a9f8301ebc5e3b0b2,A_r0_s31015_t0_conic,True,True,COMPLETE_SUCCESS,False,optimal,conic,0,26,False,159.68812500068452,193.99912499648053,194.0015840009437,1.6618277069316349e-06,True,True,COLLISION_WITNESSED,5437004983425/18014398509481984,True,True,32.93883399601327,58.90862499654759,0.3171250064042397,63.93166600173572,2.8689999962807633,33.56537500076229,"[""14739038796438121510173095343"",""31059533262879737970742525952""]","{""axis"":1,""sign"":1}","{""lower"":[""1192208953450709771637486240844162287501938195766340214849974726998885453665165855047938995186031876682886845269618528738674317066368856002862811832124432964354855028694126892744859555251115376591767838646027020555735240374750078895247328297444990477558393848071739807128033349606098407452701014571037887594465304459"",""72816849334674135201972498381506592263313169732002351731137835089136184356783158884888854828716625500503849685785755834471000344629271313686882721235913134749330057968581646794086085637551075557875919371996749198838975273998468339688303733804846876432326585082339661471497802971955951864798920124921730932305559552""],""ok"":true,""upper"":[""20937648209152217807197747918507401580089335887369"",""1278813932664540053428224228626747642198940975104""]}","[""1384438024326905302253218718457961171922463549732098666239"",""79135104440103867600130356085508838961774764582254936064""]",A_r0_s31015_t0_factor,True,True,COMPLETE_SUCCESS,False,optimal,conic,0,26,True,152.74150000186637,186.90862500079675,186.9115410008817,1.6618277069316349e-06,True,True,COLLISION_WITNESSED,5437004983425/18014398509481984,True,True,32.462124996527564,50.98600000201259,0.30187499942258,65.29274999775225,2.87070800550282,33.320167000056244,"[""14739038796438121510173095343"",""31059533262879737970742525952""]","{""axis"":1,""sign"":1}","{""lower"":[""1192208953450709771637486240844162287501938195766340214849974726998885453665165855047938995186031876682886845269618528738674317066368856002862811832124432964354855028694126892744859555251115376591767838646027020555735240374750078895247328297444990477558393848071739807128033349606098407452701014571037887594465304459"",""72816849334674135201972498381506592263313169732002351731137835089136184356783158884888854828716625500503849685785755834471000344629271313686882721235913134749330057968581646794086085637551075557875919371996749198838975273998468339688303733804846876432326585082339661471497802971955951864798920124921730932305559552""],""ok"":true,""upper"":[""20937648209152217807197747918507401580089335887369"",""1278813932664540053428224228626747642198940975104""]}","[""1384438024326905302253218718457961171922463549732098666239"",""79135104440103867600130356085508838961774764582254936064""]",-6.946624998818152,-7.0904999956837855
31015,0,1,31015_0,5a83c983ca49e189f78997fb616aef419d541555f97045703ec014729ae92a11,fdd937a50ec8c4a28c62f2b1ec78ba15e46c7a39d0a01c699522bffc62cd1f36,39c75ee513e4a6561ba26d5df93519b85af6c42334b4156a9f8301ebc5e3b0b2,A_r1_s31015_t0_conic,True,True,COMPLETE_SUCCESS,False,optimal,conic,0,26,False,150.53516600164585,184.83125000057044,184.834416002559,1.6618277069316349e-06,True,True,COLLISION_WITNESSED,5437004983425/18014398509481984,True,True,33.09862500464078,49.25316700246185,0.3065830023842864,64.23183400329435,2.8307499960646965,33.49204100231873,"[""14739038796438121510173095343"",""31059533262879737970742525952""]","{""axis"":1,""sign"":1}","{""lower"":[""1192208953450709771637486240844162287501938195766340214849974726998885453665165855047938995186031876682886845269618528738674317066368856002862811832124432964354855028694126892744859555251115376591767838646027020555735240374750078895247328297444990477558393848071739807128033349606098407452701014571037887594465304459"",""72816849334674135201972498381506592263313169732002351731137835089136184356783158884888854828716625500503849685785755834471000344629271313686882721235913134749330057968581646794086085637551075557875919371996749198838975273998468339688303733804846876432326585082339661471497802971955951864798920124921730932305559552""],""ok"":true,""upper"":[""20937648209152217807197747918507401580089335887369"",""1278813932664540053428224228626747642198940975104""]}","[""1384438024326905302253218718457961171922463549732098666239"",""79135104440103867600130356085508838961774764582254936064""]",A_r1_s31015_t0_factor,True,True,COMPLETE_SUCCESS,False,optimal,conic,0,26,True,153.21033299551345,188.02854199748253,188.03133299661567,1.6618277069316349e-06,True,True,COLLISION_WITNESSED,5437004983425/18014398509481984,True,True,33.09941699990304,52.056165994144976,0.31120800122153014,64.00924999616109,2.9052500030957162,33.97762499662349,"[""14739038796438121510173095343"",""31059533262879737970742525952""]","{""axis"":1,""sign"":1}","{""lower"":[""1192208953450709771637486240844162287501938195766340214849974726998885453665165855047938995186031876682886845269618528738674317066368856002862811832124432964354855028694126892744859555251115376591767838646027020555735240374750078895247328297444990477558393848071739807128033349606098407452701014571037887594465304459"",""72816849334674135201972498381506592263313169732002351731137835089136184356783158884888854828716625500503849685785755834471000344629271313686882721235913134749330057968581646794086085637551075557875919371996749198838975273998468339688303733804846876432326585082339661471497802971955951864798920124921730932305559552""],""ok"":true,""upper"":[""20937648209152217807197747918507401580089335887369"",""1278813932664540053428224228626747642198940975104""]}","[""1384438024326905302253218718457961171922463549732098666239"",""79135104440103867600130356085508838961774764582254936064""]",2.675166993867606,3.1972919969120994
31015,1,0,31015_1,7eb83993efcd5fee46f538c0c6413950e4733fa2f1a112ea08a153e6e9b3e866,fdd937a50ec8c4a28c62f2b1ec78ba15e46c7a39d0a01c699522bffc62cd1f36,39c75ee513e4a6561ba26d5df93519b85af6c42334b4156a9f8301ebc5e3b0b2,A_r0_s31015_t1_conic,True,True,COMPLETE_SUCCESS,False,optimal,conic,0,13,False,82.78666700061876,116.98387499927776,116.98662499838974,8.658003720714417e-05,True,True,COLLISION_WITNESSED,8711688187009/18014398509481984,True,True,0.06995900184847414,11.665250000078231,0.35479199868859723,67.19920799514512,2.739749994361773,33.411832999263424,"[""341842836176181291549573531"",""485305207232495905792851968""]","{""axis"":1,""sign"":1}","{""lower"":[""71059233015928998450550285050307921321976557405811404396442218547925753029865856546910600334418929721599996165723748288416648994069503299345046897778433740589509840283858091699030280493679740868437577219240690194783027382133954250140622984536237516731407966339116241449321321614534648504402098471"",""4345493684208507780461838057816981736292197173844777991309793099377108974891979020274476233401283976343030762515124271130224680998395733861967371700851978743616997048844753468660985677587730559095061085887581094825265188452911500999211352454073706965876241789192710761081254659316411933413867520""],""ok"":true,""upper"":[""125470694417248216601231005320025092695591209658189"",""7672883595987240320569345371760485853193645850624""]}","[""339207782857773812451913716119004277142691577588012199"",""19320093857447233300813075216188681387152042134339584""]",A_r0_s31015_t1_factor,True,True,COMPLETE_SUCCESS,False,optimal,conic,4,13,True,89.67083300376544,124.19287500233622,124.19566699827556,8.658003720714417e-05,True,True,COLLISION_WITNESSED,8711688187009/18014398509481984,True,True,0.06874999962747097,19.401957993977703,0.3080000024056062,65.94508299895097,2.827290998538956,33.34950000134995,"[""341842836176181291549573531"",""485305207232495905792851968""]","{""axis"":1,""sign"":1}","{""lower"":[""71059233015928998450550285050307921321976557405811404396442218547925753029865856546910600334418929721599996165723748288416648994069503299345046897778433740589509840283858091699030280493679740868437577219240690194783027382133954250140622984536237516731407966339116241449321321614534648504402098471"",""4345493684208507780461838057816981736292197173844777991309793099377108974891979020274476233401283976343030762515124271130224680998395733861967371700851978743616997048844753468660985677587730559095061085887581094825265188452911500999211352454073706965876241789192710761081254659316411933413867520""],""ok"":true,""upper"":[""125470694417248216601231005320025092695591209658189"",""7672883595987240320569345371760485853193645850624""]}","[""339207782857773812451913716119004277142691577588012199"",""19320093857447233300813075216188681387152042134339584""]",6.8841660031466745,7.209000003058463
31015,1,1,31015_1,7eb83993efcd5fee46f538c0c6413950e4733fa2f1a112ea08a153e6e9b3e866,fdd937a50ec8c4a28c62f2b1ec78ba15e46c7a39d0a01c699522bffc62cd1f36,39c75ee513e4a6561ba26d5df93519b85af6c42334b4156a9f8301ebc5e3b0b2,A_r1_s31015_t1_conic,True,True,COMPLETE_SUCCESS,False,optimal,conic,0,13,False,82.62166699569207,117.32895900058793,117.33174999972107,8.658003720714417e-05,True,True,COLLISION_WITNESSED,8711688187009/18014398509481984,True,True,0.07208399620139971,11.74366600025678,0.3592080029193312,66.81674999708775,2.7462500002002344,33.94312499585794,"[""341842836176181291549573531"",""485305207232495905792851968""]","{""axis"":1,""sign"":1}","{""lower"":[""71059233015928998450550285050307921321976557405811404396442218547925753029865856546910600334418929721599996165723748288416648994069503299345046897778433740589509840283858091699030280493679740868437577219240690194783027382133954250140622984536237516731407966339116241449321321614534648504402098471"",""4345493684208507780461838057816981736292197173844777991309793099377108974891979020274476233401283976343030762515124271130224680998395733861967371700851978743616997048844753468660985677587730559095061085887581094825265188452911500999211352454073706965876241789192710761081254659316411933413867520""],""ok"":true,""upper"":[""125470694417248216601231005320025092695591209658189"",""7672883595987240320569345371760485853193645850624""]}","[""339207782857773812451913716119004277142691577588012199"",""19320093857447233300813075216188681387152042134339584""]",A_r1_s31015_t1_factor,True,True,COMPLETE_SUCCESS,False,optimal,conic,4,13,True,89.71054200083017,124.84104200120782,124.84358299843734,8.658003720714417e-05,True,True,COLLISION_WITNESSED,8711688187009/18014398509481984,True,True,0.07629200263181701,19.160582996846642,0.33329100551782176,66.19929099542787,2.7111250019515865,34.05004200612893,"[""341842836176181291549573531"",""485305207232495905792851968""]","{""axis"":1,""sign"":1}","{""lower"":[""71059233015928998450550285050307921321976557405811404396442218547925753029865856546910600334418929721599996165723748288416648994069503299345046897778433740589509840283858091699030280493679740868437577219240690194783027382133954250140622984536237516731407966339116241449321321614534648504402098471"",""4345493684208507780461838057816981736292197173844777991309793099377108974891979020274476233401283976343030762515124271130224680998395733861967371700851978743616997048844753468660985677587730559095061085887581094825265188452911500999211352454073706965876241789192710761081254659316411933413867520""],""ok"":true,""upper"":[""125470694417248216601231005320025092695591209658189"",""7672883595987240320569345371760485853193645850624""]}","[""339207782857773812451913716119004277142691577588012199"",""19320093857447233300813075216188681387152042134339584""]",7.088875005138107,7.512083000619896
31015,2,0,31015_2,6fda4fd960c25cb6dc934e00a0f383424813c1f50676ebfd70e7f37e8deccade,fdd937a50ec8c4a28c62f2b1ec78ba15e46c7a39d0a01c699522bffc62cd1f36,39c75ee513e4a6561ba26d5df93519b85af6c42334b4156a9f8301ebc5e3b0b2,A_r0_s31015_t2_conic,True,True,COMPLETE_SUCCESS,False,optimal,conic,0,36,False,83.19083300011698,117.65695799840614,117.65933300193865,1.0846299796919023e-05,True,True,COLLISION_WITNESSED,1472966204951/18014398509481984,True,True,0.10695799574023113,28.996959001233336,0.2925830049207434,50.053792001563124,2.9383750006672926,33.73970799293602,"[""4356234494167951300324826475"",""7764883315719934492685631488""]","{""axis"":1,""sign"":-1}","{""lower"":[""4090494721296180300467214700461883460185287831729367600987653737262213582379894611204866076233428864229483750063636031810951463047813366539094116936868284393150700499890223935271386333817274750664232944722003392334920984915042344939599840922716474707008092159601631386811254737101315750880237127885811397"",""251039503309651740003590816939640229712464447062266790780570135153910482488793273481155613439440440931018511121249745585402687062524273040183439287501715602956810317821562271583008458058677743316650000828434183208544719909968817461097196183611597058656991685416710312431396732004134195856333766662291456""],""ok"":true,""upper"":[""40697849078984726580956139446845272309564584527"",""2497683462235429791852000446536616488669806592""]}","[""87124389553296179872337628366488547253819984110934761799"",""4945944027506491725008147255344302435110922786390933504""]",A_r0_s31015_t2_factor,True,True,COMPLETE_SUCCESS,False,stationary,factor,4,0,False,59.08054200699553,90.75400000438094,90.75670800666558,1.3610039162116193e-08,True,True,COLLISION_WITNESSED,1474867584535/18014398509481984,True,True,0.12845800665672868,4.866957999183796,0.19345800683367997,50.12383299617795,2.997083000082057,30.863708001561463,"[""2178115204216258853102359575"",""3882441657859967246342815744""]","{""axis"":1,""sign"":-1}","{""lower"":[""2907685787490563731344296233378257008107987386868812139034201554987349596351288353498511648201710414437166116662720807874218621611181220559164086122299174679033435580649450101550410719873639919702364846157196018804699569953950298409698123724647020511212173553872809367301401166943570581378059719284501859431063957053291433532089016057107"",""178448711108769739225973100944988210954389257326293850088075730771558514255834548959533434397455803029388818159338385171582292538874797501654370706199354406766815523964209282872485291852733240070759429051703248557028515578428029963705217869181606207446642038034010843205865661901699378288051938081350430524006566921843509775455664209920""],""ok"":true,""upper"":[""931499841310181365721613343349518122088643"",""57167437642717661861846934048537059524608""]}","[""21781097176053644275997618489988815292222255002428655951"",""1236486006876622931252036813836075608777730696597733376""]",-24.110290993121453,-26.9029579940252
31015,2,1,31015_2,6fda4fd960c25cb6dc934e00a0f383424813c1f50676ebfd70e7f37e8deccade,fdd937a50ec8c4a28c62f2b1ec78ba15e46c7a39d0a01c699522bffc62cd1f36,39c75ee513e4a6561ba26d5df93519b85af6c42334b4156a9f8301ebc5e3b0b2,A_r1_s31015_t2_conic,True,True,COMPLETE_SUCCESS,False,optimal,conic,0,36,False,83.46983299998101,117.86770800244994,117.87050000566524,1.0846299796919023e-05,True,True,COLLISION_WITNESSED,1472966204951/18014398509481984,True,True,0.0742920019547455,29.132415998901706,0.298332997772377,50.14079199463595,2.9479160002665594,33.64362499996787,"[""4356234494167951300324826475"",""7764883315719934492685631488""]","{""axis"":1,""sign"":-1}","{""lower"":[""4090494721296180300467214700461883460185287831729367600987653737262213582379894611204866076233428864229483750063636031810951463047813366539094116936868284393150700499890223935271386333817274750664232944722003392334920984915042344939599840922716474707008092159601631386811254737101315750880237127885811397"",""251039503309651740003590816939640229712464447062266790780570135153910482488793273481155613439440440931018511121249745585402687062524273040183439287501715602956810317821562271583008458058677743316650000828434183208544719909968817461097196183611597058656991685416710312431396732004134195856333766662291456""],""ok"":true,""upper"":[""40697849078984726580956139446845272309564584527"",""2497683462235429791852000446536616488669806592""]}","[""87124389553296179872337628366488547253819984110934761799"",""4945944027506491725008147255344302435110922786390933504""]",A_r1_s31015_t2_factor,True,True,COMPLETE_SUCCESS,False,stationary,factor,4,0,False,65.24483399698511,97.32179199636448,97.3242920008488,1.3610039162116193e-08,True,True,COLLISION_WITNESSED,1474867584535/18014398509481984,True,True,0.07204199937405065,8.417500001087319,0.27070800570072606,52.727457994478755,2.892374999646563,31.319916997745167,"[""2178115204216258853102359575"",""3882441657859967246342815744""]","{""axis"":1,""sign"":-1}","{""lower"":[""2907685787490563731344296233378257008107987386868812139034201554987349596351288353498511648201710414437166116662720807874218621611181220559164086122299174679033435580649450101550410719873639919702364846157196018804699569953950298409698123724647020511212173553872809367301401166943570581378059719284501859431063957053291433532089016057107"",""178448711108769739225973100944988210954389257326293850088075730771558514255834548959533434397455803029388818159338385171582292538874797501654370706199354406766815523964209282872485291852733240070759429051703248557028515578428029963705217869181606207446642038034010843205865661901699378288051938081350430524006566921843509775455664209920""],""ok"":true,""upper"":[""931499841310181365721613343349518122088643"",""57167437642717661861846934048537059524608""]}","[""21781097176053644275997618489988815292222255002428655951"",""1236486006876622931252036813836075608777730696597733376""]",-18.2249990029959,-20.545916006085463
31015,3,0,31015_3,8b116b2554465bf7ac349d6324db81010a03636b280adf3af2cbf4fbf082301f,fdd937a50ec8c4a28c62f2b1ec78ba15e46c7a39d0a01c699522bffc62cd1f36,39c75ee513e4a6561ba26d5df93519b85af6c42334b4156a9f8301ebc5e3b0b2,A_r0_s31015_t3_conic,True,True,COMPLETE_SUCCESS,False,optimal,conic,0,28,False,79.0056249970803,113.15108300186694,113.1542079965584,6.422173820461033e-06,True,True,COLLISION_WITNESSED,3429909093911/18014398509481984,True,True,0.06454099639086053,23.89729200513102,0.294625002425164,50.873000000137836,2.982041005452629,33.38254200207302,"[""131526200413478199897125135649"",""248476266103037903765940207616""]","{""axis"":1,""sign"":-1}","{""lower"":[""6502498983864665064293492531263812505582717771532684226914857273263339919700504741652957900224846573332371379190879558247209533911512865859991373529445504196298521402123954681924593371319072911929292837061395311196537783972596650411761204210911325860110050632850563647473841948990270838664646425206793227084193"",""399638876000552401745085702494982517874181329643444362512623683790989850759087011630656821585568940117146709736305451436076160296827928354812418532689339161247198396937410211621671246715272276005195546685930758729744805804647607636316830267982891278486161667996905646903591771725987734635986293867721449799680""],""ok"":true,""upper"":[""487675996334530326402157490317779411604181853889"",""29972201546825157502224005358439397864037679104""]}","[""28984489558571188667780222401280830683616390764758349024117"",""1688215561388882508802780929824188564517861644421438636032""]",A_r0_s31015_t3_factor,True,True,COMPLETE_SUCCESS,False,stationary,factor,4,0,False,60.39454200072214,91.92837499722373,91.93120899726637,1.3753697564976895e-08,True,True,COLLISION_WITNESSED,3452099485207/18014398509481984,True,True,0.06904199835844338,5.2061249953112565,0.19299999985378236,51.134832996467594,2.921125000284519,30.75791699666297,"[""131526145388427479261027919531"",""248476266103037903765940207616""]","{""axis"":1,""sign"":-1}","{""lower"":[""1097958616816566447580832470315316304029453625988464348702804271930516973434196628243611798729988943487070601325539621143794654295607797433388494431365576325971805809692795321698502247709287312801941435042250622730263637349163362430111888403155373299951404224024380518183923356397370206156726063854972459286594743362703153277524173926697"",""67479714470904782875859828927881034661833362975023908932751536536703625134665600414393449726835199630622079158451257690452467662499372329020468596110823676307422339940330671403446185147047061247757073552083490187785666226923854846859227549731459795833005501590973413680819430751707677648236623842926124133307045577560882407337210413056""],""ok"":true,""upper"":[""116271018087342916516583589189685052391851"",""7145929705339707732730866756067132440576""]}","[""86953480627269981906033829183065138696322747882866496320871"",""5064646684166647526408342789472565693553584933264315908096""]",-18.611082996358164,-21.22270800464321
31015,3,1,31015_3,8b116b2554465bf7ac349d6324db81010a03636b280adf3af2cbf4fbf082301f,fdd937a50ec8c4a28c62f2b1ec78ba15e46c7a39d0a01c699522bffc62cd1f36,39c75ee513e4a6561ba26d5df93519b85af6c42334b4156a9f8301ebc5e3b0b2,A_r1_s31015_t3_conic,True,True,COMPLETE_SUCCESS,False,optimal,conic,0,28,False,79.35491700482089,113.69466700125486,113.6968330029049,6.422173820461033e-06,True,True,COLLISION_WITNESSED,3429909093911/18014398509481984,True,True,0.06991700502112508,24.13279200118268,0.31879200105322525,50.9170420045848,3.099666995694861,33.604208001634106,"[""131526200413478199897125135649"",""248476266103037903765940207616""]","{""axis"":1,""sign"":-1}","{""lower"":[""6502498983864665064293492531263812505582717771532684226914857273263339919700504741652957900224846573332371379190879558247209533911512865859991373529445504196298521402123954681924593371319072911929292837061395311196537783972596650411761204210911325860110050632850563647473841948990270838664646425206793227084193"",""399638876000552401745085702494982517874181329643444362512623683790989850759087011630656821585568940117146709736305451436076160296827928354812418532689339161247198396937410211621671246715272276005195546685930758729744805804647607636316830267982891278486161667996905646903591771725987734635986293867721449799680""],""ok"":true,""upper"":[""487675996334530326402157490317779411604181853889"",""29972201546825157502224005358439397864037679104""]}","[""28984489558571188667780222401280830683616390764758349024117"",""1688215561388882508802780929824188564517861644421438636032""]",A_r1_s31015_t3_factor,True,True,COMPLETE_SUCCESS,False,stationary,factor,4,0,False,59.68025000038324,92.0040830023936,92.00629100087099,1.3753697564976895e-08,True,True,COLLISION_WITNESSED,3452099485207/18014398509481984,True,True,0.0794160005170852,4.810541999177076,0.1821670011850074,50.79633300192654,2.9701249950448982,31.444583997654263,"[""131526145388427479261027919531"",""248476266103037903765940207616""]","{""axis"":1,""sign"":-1}","{""lower"":[""1097958616816566447580832470315316304029453625988464348702804271930516973434196628243611798729988943487070601325539621143794654295607797433388494431365576325971805809692795321698502247709287312801941435042250622730263637349163362430111888403155373299951404224024380518183923356397370206156726063854972459286594743362703153277524173926697"",""67479714470904782875859828927881034661833362975023908932751536536703625134665600414393449726835199630622079158451257690452467662499372329020468596110823676307422339940330671403446185147047061247757073552083490187785666226923854846859227549731459795833005501590973413680819430751707677648236623842926124133307045577560882407337210413056""],""ok"":true,""upper"":[""116271018087342916516583589189685052391851"",""7145929705339707732730866756067132440576""]}","[""86953480627269981906033829183065138696322747882866496320871"",""5064646684166647526408342789472565693553584933264315908096""]",-19.67466700443765,-21.690583998861257
31015,4,0,31015_4,76964b8b2293218cba82dc543c28822e33107f7caa4984d4ff3b9faafb948ee1,fdd937a50ec8c4a28c62f2b1ec78ba15e46c7a39d0a01c699522bffc62cd1f36,39c75ee513e4a6561ba26d5df93519b85af6c42334b4156a9f8301ebc5e3b0b2,A_r0_s31015_t4_conic,True,True,COMPLETE_SUCCESS,False,optimal,conic,0,26,False,81.02258400322171,115.75812500086613,115.7612919996609,2.162448175269712e-06,True,True,COLLISION_WITNESSED,732397493783/18014398509481984,True,True,0.07325000478886068,22.488250004244037,0.30183300259523094,54.389875003835186,2.9573330029961653,33.98604100220837,"[""485656797300719131407873735"",""970610414464991811585703936""]","{""axis"":1,""sign"":-1}","{""lower"":[""10510697813131173922686169551123953392272867139863288275288304155631898650075988871831363267473325231882815166548312711133527045701851609532598988786037733901947376329803762121466098897120855247652663800556788374306912140695741272077739712858698708705071277934345707058983959677482685500611897658476735325386692102453"",""645458048348841486347857972230363514078420969550026798543483132612647342450538022422735191044640153987626916612545446975829929869407839134774657858417331205121559516874098358092305233286095585771402364854739639434441268631533358236917660005149607096837102965866480359338514585235584552327782805461796395506435358720""],""ok"":true,""upper"":[""10412162823573665451623084965629584642165327255507"",""639406966332270026714112114313373821099470487552""]}","[""1298485069278702064647459298650170830045725376381202351"",""77280375429788933203252300864754725548608168537358336""]",A_r0_s31015_t4_factor,True,True,COMPLETE_SUCCESS,False,stationary,factor,4,0,False,63.05445799807785,94.81404099642532,94.81683299964061,1.424035593338515e-08,True,True,COLLISION_WITNESSED,730584735255/18014398509481984,True,True,0.07058299524942413,4.930791998049244,0.19908399553969502,54.15537500084611,2.8931659981026314,31.021416994917672,"[""485657076121754548045446027"",""970610414464991811585703936""]","{""axis"":1,""sign"":-1}","{""lower"":[""2329789550439140051458658158682690452914772231033904314715311706932908466854814749782529450150317355604603210989966485524548470067963137278271856400926372219351626908594664097624120639556822885453634518221468942734055898504827367664002966390547799969705911221553889844061099967670323520770335221276268210274300348065027873634916893725749"",""143071491994025458232267656864197326593692438265904611273069072349900879901024142758772414666517122935811631411735900518794712537316460508775209549068931073311420685708506947347569069754920044091812561989226410826365831354731544561976182824734379067481614687003259782670525407708359864295259434946243684661252417059468774146555510784000""],""ok"":true,""upper"":[""1818202928894737470389159147102503983739"",""111655151645932933323919793063548944384""]}","[""185497878148745645201916503169259851171401570391644513"",""11040053632826990457607471552107817935515452648194048""]",-17.96812600514386,-20.94408400444081
31015,4,1,31015_4,76964b8b2293218cba82dc543c28822e33107f7caa4984d4ff3b9faafb948ee1,fdd937a50ec8c4a28c62f2b1ec78ba15e46c7a39d0a01c699522bffc62cd1f36,39c75ee513e4a6561ba26d5df93519b85af6c42334b4156a9f8301ebc5e3b0b2,A_r1_s31015_t4_conic,True,True,COMPLETE_SUCCESS,False,optimal,conic,0,26,False,82.01412500056904,116.82320899853949,116.82637500052806,2.162448175269712e-06,True,True,COLLISION_WITNESSED,732397493783/18014398509481984,True,True,0.0657499986118637,23.14558299985947,0.3151250057271682,54.63616699853446,2.9972920019645244,34.06333400198491,"[""485656797300719131407873735"",""970610414464991811585703936""]","{""axis"":1,""sign"":-1}","{""lower"":[""10510697813131173922686169551123953392272867139863288275288304155631898650075988871831363267473325231882815166548312711133527045701851609532598988786037733901947376329803762121466098897120855247652663800556788374306912140695741272077739712858698708705071277934345707058983959677482685500611897658476735325386692102453"",""645458048348841486347857972230363514078420969550026798543483132612647342450538022422735191044640153987626916612545446975829929869407839134774657858417331205121559516874098358092305233286095585771402364854739639434441268631533358236917660005149607096837102965866480359338514585235584552327782805461796395506435358720""],""ok"":true,""upper"":[""10412162823573665451623084965629584642165327255507"",""639406966332270026714112114313373821099470487552""]}","[""1298485069278702064647459298650170830045725376381202351"",""77280375429788933203252300864754725548608168537358336""]",A_r1_s31015_t4_factor,True,True,COMPLETE_SUCCESS,False,stationary,factor,4,0,False,63.327083000331186,95.17399999458576,95.17662500002189,1.424035593338515e-08,True,True,COLLISION_WITNESSED,730584735255/18014398509481984,True,True,0.07554199692094699,5.017458002839703,0.19600000086938962,54.282458004308864,2.940582999144681,31.094959005713463,"[""485657076121754548045446027"",""970610414464991811585703936""]","{""axis"":1,""sign"":-1}","{""lower"":[""2329789550439140051458658158682690452914772231033904314715311706932908466854814749782529450150317355604603210989966485524548470067963137278271856400926372219351626908594664097624120639556822885453634518221468942734055898504827367664002966390547799969705911221553889844061099967670323520770335221276268210274300348065027873634916893725749"",""143071491994025458232267656864197326593692438265904611273069072349900879901024142758772414666517122935811631411735900518794712537316460508775209549068931073311420685708506947347569069754920044091812561989226410826365831354731544561976182824734379067481614687003259782670525407708359864295259434946243684661252417059468774146555510784000""],""ok"":true,""upper"":[""1818202928894737470389159147102503983739"",""111655151645932933323919793063548944384""]}","[""185497878148745645201916503169259851171401570391644513"",""11040053632826990457607471552107817935515452648194048""]",-18.687042000237852,-21.64920900395373
31015,5,0,31015_5,b7825f58f5bfa9e0bb59f81b2adb306e40c94e823be0fe679c3f4581cacce834,fdd937a50ec8c4a28c62f2b1ec78ba15e46c7a39d0a01c699522bffc62cd1f36,39c75ee513e4a6561ba26d5df93519b85af6c42334b4156a9f8301ebc5e3b0b2,A_r0_s31015_t5_conic,True,True,COMPLETE_SUCCESS,False,optimal,conic,0,15,False,72.21029199718032,107.19979200075613,107.20274999766843,5.9382057096353404e-05,True,True,COLLISION_WITNESSED,409376300567/18014398509481984,True,True,0.0686249986756593,12.992875002964865,0.29512500623241067,55.00291699718218,3.0181249967426993,34.22454200335778,"[""471099485961075149228730771"",""970610414464991811585703936""]","{""axis"":1,""sign"":-1}","{""lower"":[""8489117120664289068436570342752822197025819029983864827476242928301881543941332197385193247631320419979900213532349472003865953856206878481926180913928066012239415422334444869079498984683109597153937024647601381731976533693071833845044471348869054546751922491005906557893209633571676203735114041286808787"",""519694030176170097506815453261607256356869082990044300807317764914368631818105662085975326354429134518671571962598351579378775571509900345773313541499937411494111465284714095223099487794599531140029537856033182883186517688534414806657227158847098352007665336869589221349633775756906064916553460801863680""],""ok"":true,""upper"":[""163197599278461031934435722137382274643056269843"",""9990733848941719167408001786146465954679226368""]}","[""1278702917783821071000240902789929733544950331747995831"",""77280375429788933203252300864754725548608168537358336""]",A_r0_s31015_t5_factor,True,True,COMPLETE_SUCCESS,False,stationary,factor,4,0,False,65.09212499804562,100.19270799966762,100.19541600195225,2.8991032594206816e-08,True,True,COLLISION_WITNESSED,475816271383/18014398509481984,True,True,0.07479100167984143,5.20591699751094,0.21345900313463062,55.752250002115034,2.995374998135958,34.294832999876235,"[""471096903947778984299974407"",""970610414464991811585703936""]","{""axis"":1,""sign"":-1}","{""lower"":[""25674903783016252490815355186592613297288957341263249185524351313740686263755269231859722838105358131794905075050126271772541650227405077570783036708850972852368839561782071071353408254611816177804733955167501092216069252071816923873618912836626922958373773432301902950862506540374344941084547225818854398638416719904447190193558129964373"",""1571782502895529968979479533155482963069107085535955049644783229406938779678654859666456513191348012979752993449948879135878267178185924446816556903609982479711065359824550984296336347380665992690994130657995131005526345314477577964761935624920771853373808366143693634341049921560923067639962968319782916849751374078495045142071008559104""],""ok"":true,""upper"":[""3647750595510750725091715822672629614983"",""223310303291865866647839586127097888768""]}","[""1278702898210641726096609514014850935144670608477923311"",""77280375429788933203252300864754725548608168537358336""]",-7.118166999134701,-7.007084001088515
31015,5,1,31015_5,b7825f58f5bfa9e0bb59f81b2adb306e40c94e823be0fe679c3f4581cacce834,fdd937a50ec8c4a28c62f2b1ec78ba15e46c7a39d0a01c699522bffc62cd1f36,39c75ee513e4a6561ba26d5df93519b85af6c42334b4156a9f8301ebc5e3b0b2,A_r1_s31015_t5_conic,True,True,COMPLETE_SUCCESS,False,optimal,conic,0,15,False,72.0414579991484,106.47141599474708,106.47420799796237,5.9382057096353404e-05,True,True,COLLISION_WITNESSED,409376300567/18014398509481984,True,True,0.07137499778764322,12.931584002217278,0.3089579986408353,54.84774999786168,3.0451670027105138,33.670333003101405,"[""471099485961075149228730771"",""970610414464991811585703936""]","{""axis"":1,""sign"":-1}","{""lower"":[""8489117120664289068436570342752822197025819029983864827476242928301881543941332197385193247631320419979900213532349472003865953856206878481926180913928066012239415422334444869079498984683109597153937024647601381731976533693071833845044471348869054546751922491005906557893209633571676203735114041286808787"",""519694030176170097506815453261607256356869082990044300807317764914368631818105662085975326354429134518671571962598351579378775571509900345773313541499937411494111465284714095223099487794599531140029537856033182883186517688534414806657227158847098352007665336869589221349633775756906064916553460801863680""],""ok"":true,""upper"":[""163197599278461031934435722137382274643056269843"",""9990733848941719167408001786146465954679226368""]}","[""1278702917783821071000240902789929733544950331747995831"",""77280375429788933203252300864754725548608168537358336""]",A_r1_s31015_t5_factor,True,True,COMPLETE_SUCCESS,False,stationary,factor,4,0,False,64.55191699933494,99.74558300018543,99.74849999707658,2.8991032594206816e-08,True,True,COLLISION_WITNESSED,475816271383/18014398509481984,True,True,0.06379199476214126,5.414541003119666,0.19258300017099828,55.035875004250556,3.0192499980330467,34.33999999833759,"[""471096903947778984299974407"",""970610414464991811585703936""]","{""axis"":1,""sign"":-1}","{""lower"":[""25674903783016252490815355186592613297288957341263249185524351313740686263755269231859722838105358131794905075050126271772541650227405077570783036708850972852368839561782071071353408254611816177804733955167501092216069252071816923873618912836626922958373773432301902950862506540374344941084547225818854398638416719904447190193558129964373"",""1571782502895529968979479533155482963069107085535955049644783229406938779678654859666456513191348012979752993449948879135878267178185924446816556903609982479711065359824550984296336347380665992690994130657995131005526345314477577964761935624920771853373808366143693634341049921560923067639962968319782916849751374078495045142071008559104""],""ok"":true,""upper"":[""3647750595510750725091715822672629614983"",""223310303291865866647839586127097888768""]}","[""1278702898210641726096609514014850935144670608477923311"",""77280375429788933203252300864754725548608168537358336""]",-7.489540999813471,-6.725832994561642
31015,6,0,31015_6,131d0c64c77b38aed96c6d2ea4ef43503779a3e3042b52f45d8e2dda0deeb9c1,fdd937a50ec8c4a28c62f2b1ec78ba15e46c7a39d0a01c699522bffc62cd1f36,39c75ee513e4a6561ba26d5df93519b85af6c42334b4156a9f8301ebc5e3b0b2,A_r0_s31015_t6_conic,True,True,COMPLETE_SUCCESS,False,optimal,conic,0,28,False,93.3969999969122,127.54816700180527,127.55074999586213,1.1754283469319103e-05,True,True,COLLISION_WITNESSED,3381175852567/18014398509481984,True,True,0.0628749985480681,23.787792000803165,0.3149999974993989,65.37866599683184,2.914291006163694,33.37795799598098,"[""14684068348633497524456205"",""31059533262879737970742525952""]","{""axis"":1,""sign"":-1}","{""lower"":[""2037932066546683808743893274132499131475932070670591755779465069063151308852535469952487163530470326533360728263222724600591093374250380323677568158873276560354554394486335677435963536239028240967239832051255151042837646929544217158139781944978516714767509445143449826439503647479597144347871047184534861253653181"",""125517069353319319194248970186922025656232651624016314950134303066871437594577074619824422239888546044358056662911679569143436949329617206109044977364405631273968349143211539385335226919331557871389776934225270631725730650798545433523672258502988034720030842075979281358093647276154989271404992075792737328168960""],""ok"":true,""upper"":[""648850446364073347401298317321982096172321318997"",""39962935395766876669632007144585863818716905472""]}","[""183561337874540848154141593666823647510498211064244914577"",""11305014920014838228590050869358405565967823511750705152""]",A_r0_s31015_t6_factor,True,True,COMPLETE_SUCCESS,False,optimal,conic,4,28,True,101.71574999549193,136.1571669986006,136.1602499964647,1.1754283469319103e-05,True,True,COLLISION_WITNESSED,3381175852567/18014398509481984,True,True,0.06266700074775144,31.72574999916833,0.2992919980897568,65.51620800019009,2.948916000605095,33.336708998831455,"[""14684068348633497524456205"",""31059533262879737970742525952""]","{""axis"":1,""sign"":-1}","{""lower"":[""2037932066546683808743893274132499131475932070670591755779465069063151308852535469952487163530470326533360728263222724600591093374250380323677568158873276560354554394486335677435963536239028240967239832051255151042837646929544217158139781944978516714767509445143449826439503647479597144347871047184534861253653181"",""125517069353319319194248970186922025656232651624016314950134303066871437594577074619824422239888546044358056662911679569143436949329617206109044977364405631273968349143211539385335226919331557871389776934225270631725730650798545433523672258502988034720030842075979281358093647276154989271404992075792737328168960""],""ok"":true,""upper"":[""648850446364073347401298317321982096172321318997"",""39962935395766876669632007144585863818716905472""]}","[""183561337874540848154141593666823647510498211064244914577"",""11305014920014838228590050869358405565967823511750705152""]",8.318749998579733,8.608999996795319
31015,6,1,31015_6,131d0c64c77b38aed96c6d2ea4ef43503779a3e3042b52f45d8e2dda0deeb9c1,fdd937a50ec8c4a28c62f2b1ec78ba15e46c7a39d0a01c699522bffc62cd1f36,39c75ee513e4a6561ba26d5df93519b85af6c42334b4156a9f8301ebc5e3b0b2,A_r1_s31015_t6_conic,True,True,COMPLETE_SUCCESS,False,optimal,conic,0,28,False,94.36562500195578,129.16654199943878,129.16937500267522,1.1754283469319103e-05,True,True,COLLISION_WITNESSED,3381175852567/18014398509481984,True,True,0.06191700231283903,24.187375005567446,0.29749999521300197,65.92462499975227,3.0400830000871792,33.997499995166436,"[""14684068348633497524456205"",""31059533262879737970742525952""]","{""axis"":1,""sign"":-1}","{""lower"":[""2037932066546683808743893274132499131475932070670591755779465069063151308852535469952487163530470326533360728263222724600591093374250380323677568158873276560354554394486335677435963536239028240967239832051255151042837646929544217158139781944978516714767509445143449826439503647479597144347871047184534861253653181"",""125517069353319319194248970186922025656232651624016314950134303066871437594577074619824422239888546044358056662911679569143436949329617206109044977364405631273968349143211539385335226919331557871389776934225270631725730650798545433523672258502988034720030842075979281358093647276154989271404992075792737328168960""],""ok"":true,""upper"":[""648850446364073347401298317321982096172321318997"",""39962935395766876669632007144585863818716905472""]}","[""183561337874540848154141593666823647510498211064244914577"",""11305014920014838228590050869358405565967823511750705152""]",A_r1_s31015_t6_factor,True,True,COMPLETE_SUCCESS,False,optimal,conic,4,28,True,102.44458300439874,137.42541600367986,137.42866599932313,1.1754283469319103e-05,True,True,COLLISION_WITNESSED,3381175852567/18014398509481984,True,True,0.06783300341339782,31.887374992948025,0.3125000002910383,66.1141249947832,2.918500002124347,33.79475000110688,"[""14684068348633497524456205"",""31059533262879737970742525952""]","{""axis"":1,""sign"":-1}","{""lower"":[""2037932066546683808743893274132499131475932070670591755779465069063151308852535469952487163530470326533360728263222724600591093374250380323677568158873276560354554394486335677435963536239028240967239832051255151042837646929544217158139781944978516714767509445143449826439503647479597144347871047184534861253653181"",""125517069353319319194248970186922025656232651624016314950134303066871437594577074619824422239888546044358056662911679569143436949329617206109044977364405631273968349143211539385335226919331557871389776934225270631725730650798545433523672258502988034720030842075979281358093647276154989271404992075792737328168960""],""ok"":true,""upper"":[""648850446364073347401298317321982096172321318997"",""39962935395766876669632007144585863818716905472""]}","[""183561337874540848154141593666823647510498211064244914577"",""11305014920014838228590050869358405565967823511750705152""]",8.07895800244296,8.258874004241079
31015,7,0,31015_7,3f112c66341b5046077ad69095840aa9440489a73366c1b54766c07a4ddc568a,fdd937a50ec8c4a28c62f2b1ec78ba15e46c7a39d0a01c699522bffc62cd1f36,39c75ee513e4a6561ba26d5df93519b85af6c42334b4156a9f8301ebc5e3b0b2,A_r0_s31015_t7_conic,True,True,COMPLETE_SUCCESS,False,optimal,conic,0,30,False,92.91954099899158,127.21645800047554,127.21966599929146,2.395169587442145e-06,True,True,COLLISION_WITNESSED,2235114364439/18014398509481984,True,True,0.06329100142465904,25.039874999492895,0.3071249957429245,63.910541000950616,2.7586659998632967,33.49770899512805,"[""104634178994542784454387"",""247636175995201325361004544""]","{""axis"":1,""sign"":-1}","{""lower"":[""34517461352193433341119307142428020611975588263370343815779323337946533744029165228461387158731855016408573897924227212690469837114825737445177114648307975672976164007985710607015502840336050281596505718137880453202416207832359253705367581445027378179895591131874889363882854059496828075344595081790817461338854277621933"",""2134222715056883224184784504609122314356021876505238476118300411301673986466858579354108733146518567834800994073687072094782468989044247719766090356274576777205436773154287368181221049585126411853504055720256412919937411576043648301248319533244455375616424910680250188096532981957034430216670249560308587934606384168960""],""ok"":true,""upper"":[""161583333430406119096697713563811894698184355323"",""9990733848941719167408001786146465954679226368""]}","[""81362481706590014440536992752685644554822937597218551"",""5030457769109581357917128649316511521755013658443776""]",A_r0_s31015_t7_factor,True,True,COMPLETE_SUCCESS,False,stationary,factor,3,0,False,11.478625005111098,43.4171660017455,43.42000000178814,1.5651255033978344e-08,False,False,NO_NEGATIVE_WITNESS_FOUND,400919/18014398509481984,True,True,0.06858300184831023,4.297958003007807,0.19766599871218204,2.6373750006314367,3.7177910053287633,31.35070800635731,"[""0"",""1""]","{""axis"":null,""sign"":null}","{""lower"":[""5474862504442962367589453932840666288106700462359715467286111165974367329803084902294654310620194750232895002985486887953136753845901572347996273440719177006606384321694405020824513404278208453813922822572297128090741956152937304946522266533854692570010435450035688387959501794898801604985846056266236418383346255973502313770411659554133353703191"",""338511980389581117732423085159753987276754599258700915161883181537694027075238115711524958302971102673954645260435738713154633273264598370119961068522766984132849146258347193026191816283396572270916027184792540429482321445614557281759884712242569379526161053180992905901671818398139137378186076473672025292945494570601322867870060870632313192448""],""ok"":true,""upper"":[""121187500065926622138820160009836187866605130231"",""7493050386706289375556001339609849466009419776""]}","[""4815558595098122840572266573386728587899"",""297747071055821155530452781502797185024""]",-81.44091599388048,-83.79929199873004
31015,7,1,31015_7,3f112c66341b5046077ad69095840aa9440489a73366c1b54766c07a4ddc568a,fdd937a50ec8c4a28c62f2b1ec78ba15e46c7a39d0a01c699522bffc62cd1f36,39c75ee513e4a6561ba26d5df93519b85af6c42334b4156a9f8301ebc5e3b0b2,A_r1_s31015_t7_conic,True,True,COMPLETE_SUCCESS,False,optimal,conic,0,30,False,95.3617920022225,129.5695419976255,129.57229199673748,2.395169587442145e-06,True,True,COLLISION_WITNESSED,2235114364439/18014398509481984,True,True,0.0725840000086464,25.326333001430612,0.3096669970545918,65.74537500273436,2.9307920049177483,33.45408399763983,"[""104634178994542784454387"",""247636175995201325361004544""]","{""axis"":1,""sign"":-1}","{""lower"":[""34517461352193433341119307142428020611975588263370343815779323337946533744029165228461387158731855016408573897924227212690469837114825737445177114648307975672976164007985710607015502840336050281596505718137880453202416207832359253705367581445027378179895591131874889363882854059496828075344595081790817461338854277621933"",""2134222715056883224184784504609122314356021876505238476118300411301673986466858579354108733146518567834800994073687072094782468989044247719766090356274576777205436773154287368181221049585126411853504055720256412919937411576043648301248319533244455375616424910680250188096532981957034430216670249560308587934606384168960""],""ok"":true,""upper"":[""161583333430406119096697713563811894698184355323"",""9990733848941719167408001786146465954679226368""]}","[""81362481706590014440536992752685644554822937597218551"",""5030457769109581357917128649316511521755013658443776""]",A_r1_s31015_t7_factor,True,True,COMPLETE_SUCCESS,False,stationary,factor,3,0,False,11.189541997737251,49.195416999282315,49.198542001249734,1.5651255033978344e-08,False,False,NO_NEGATIVE_WITNESS_FOUND,400919/18014398509481984,True,True,0.0628749985480681,3.897915994457435,0.19383399921935052,2.6891249945038,3.7781249993713573,37.394667000626214,"[""0"",""1""]","{""axis"":null,""sign"":null}","{""lower"":[""5474862504442962367589453932840666288106700462359715467286111165974367329803084902294654310620194750232895002985486887953136753845901572347996273440719177006606384321694405020824513404278208453813922822572297128090741956152937304946522266533854692570010435450035688387959501794898801604985846056266236418383346255973502313770411659554133353703191"",""338511980389581117732423085159753987276754599258700915161883181537694027075238115711524958302971102673954645260435738713154633273264598370119961068522766984132849146258347193026191816283396572270916027184792540429482321445614557281759884712242569379526161053180992905901671818398139137378186076473672025292945494570601322867870060870632313192448""],""ok"":true,""upper"":[""121187500065926622138820160009836187866605130231"",""7493050386706289375556001339609849466009419776""]}","[""4815558595098122840572266573386728587899"",""297747071055821155530452781502797185024""]",-84.17225000448525,-80.37412499834318
31016,0,0,31016_0,7530930c7f221ff33b3a6f6214408250789e7b290dac8893d459f48e3a2c46d6,fdd937a50ec8c4a28c62f2b1ec78ba15e46c7a39d0a01c699522bffc62cd1f36,39c75ee513e4a6561ba26d5df93519b85af6c42334b4156a9f8301ebc5e3b0b2,A_r0_s31016_t0_conic,True,True,COMPLETE_SUCCESS,False,optimal,conic,0,32,False,93.29195799364243,127.09791599627351,127.10091599728912,2.0684277045843685e-05,False,False,NO_NEGATIVE_WITNESS_FOUND,102938303/36028797018963968,True,True,32.77508299652254,52.35808300494682,0.2872499971999787,2.7687080000760034,4.55504099954851,33.24566700030118,"[""0"",""1""]","{""axis"":null,""sign"":null}","{""lower"":[""1962610315542837248747631815966086424536773904516254174898380383254359156627147916110478972605402648594228072968772247102791175673263695858377017422151460969074596065480066996288029812656641315498867686964991916411636611827063944929386151362350716539464084801615110356638521556477799014092497754642739349043843819"",""122606158813700790644817920052447235587256602346228083900887489322294607346975527110180371873727887005214507200858529353852963393726497252801561872358632255703592152800827691175630300905782681016398055814169451738799802380520313850464071973135766233516689988504022022728075325966767932958034568583232361670377472""],""ok"":true,""upper"":[""479778736358633522809583775597997416691083905129"",""29972201546825157502224005358439397864037679104""]}","[""29283370129336353001523439663437346530544241"",""1829358004566965179579101889553185904787456""]",A_r0_s31016_t0_factor,True,True,COMPLETE_SUCCESS,False,optimal,conic,0,32,True,123.80754100013291,158.08695799933048,158.08958299749065,2.0684277045843685e-05,False,False,NO_NEGATIVE_WITNESS_FOUND,102938303/36028797018963968,True,True,32.70041599898832,83.04849999694852,0.34987500112038106,2.6317079973523505,4.446250000910368,33.576792004168965,"[""0"",""1""]","{""axis"":null,""sign"":null}","{""lower"":[""1962610315542837248747631815966086424536773904516254174898380383254359156627147916110478972605402648594228072968772247102791175673263695858377017422151460969074596065480066996288029812656641315498867686964991916411636611827063944929386151362350716539464084801615110356638521556477799014092497754642739349043843819"",""122606158813700790644817920052447235587256602346228083900887489322294607346975527110180371873727887005214507200858529353852963393726497252801561872358632255703592152800827691175630300905782681016398055814169451738799802380520313850464071973135766233516689988504022022728075325966767932958034568583232361670377472""],""ok"":true,""upper"":[""479778736358633522809583775597997416691083905129"",""29972201546825157502224005358439397864037679104""]}","[""29283370129336353001523439663437346530544241"",""1829358004566965179579101889553185904787456""]",30.515583006490488,30.989042003056966
31016,0,1,31016_0,7530930c7f221ff33b3a6f6214408250789e7b290dac8893d459f48e3a2c46d6,fdd937a50ec8c4a28c62f2b1ec78ba15e46c7a39d0a01c699522bffc62cd1f36,39c75ee513e4a6561ba26d5df93519b85af6c42334b4156a9f8301ebc5e3b0b2,A_r1_s31016_t0_conic,True,True,COMPLETE_SUCCESS,False,optimal,conic,0,32,False,121.3296670030104,155.14291699946625,155.14599999733036,2.0684277045843685e-05,False,False,NO_NEGATIVE_WITNESS_FOUND,102938303/36028797018963968,True,True,60.95291700330563,52.30199999641627,0.31670899625169113,2.689999993890524,4.537458000413608,33.25858300377149,"[""0"",""1""]","{""axis"":null,""sign"":null}","{""lower"":[""1962610315542837248747631815966086424536773904516254174898380383254359156627147916110478972605402648594228072968772247102791175673263695858377017422151460969074596065480066996288029812656641315498867686964991916411636611827063944929386151362350716539464084801615110356638521556477799014092497754642739349043843819"",""122606158813700790644817920052447235587256602346228083900887489322294607346975527110180371873727887005214507200858529353852963393726497252801561872358632255703592152800827691175630300905782681016398055814169451738799802380520313850464071973135766233516689988504022022728075325966767932958034568583232361670377472""],""ok"":true,""upper"":[""479778736358633522809583775597997416691083905129"",""29972201546825157502224005358439397864037679104""]}","[""29283370129336353001523439663437346530544241"",""1829358004566965179579101889553185904787456""]",A_r1_s31016_t0_factor,True,True,COMPLETE_SUCCESS,False,optimal,conic,0,32,True,96.9109580037184,131.31220800278243,131.31491700187325,2.0684277045843685e-05,False,False,NO_NEGATIVE_WITNESS_FOUND,102938303/36028797018963968,True,True,32.8090830007568,55.81125000026077,0.29591700149467215,2.7096670019091107,4.659083002479747,33.74491599970497,"[""0"",""1""]","{""axis"":null,""sign"":null}","{""lower"":[""1962610315542837248747631815966086424536773904516254174898380383254359156627147916110478972605402648594228072968772247102791175673263695858377017422151460969074596065480066996288029812656641315498867686964991916411636611827063944929386151362350716539464084801615110356638521556477799014092497754642739349043843819"",""122606158813700790644817920052447235587256602346228083900887489322294607346975527110180371873727887005214507200858529353852963393726497252801561872358632255703592152800827691175630300905782681016398055814169451738799802380520313850464071973135766233516689988504022022728075325966767932958034568583232361670377472""],""ok"":true,""upper"":[""479778736358633522809583775597997416691083905129"",""29972201546825157502224005358439397864037679104""]}","[""29283370129336353001523439663437346530544241"",""1829358004566965179579101889553185904787456""]",-24.418708999291994,-23.830708996683825
31016,1,0,31016_1,3b087b58865465c98190fd92a8a1d28e7ee85e49f0cbb2fb5d50fa0d9cdd08b0,fdd937a50ec8c4a28c62f2b1ec78ba15e46c7a39d0a01c699522bffc62cd1f36,39c75ee513e4a6561ba26d5df93519b85af6c42334b4156a9f8301ebc5e3b0b2,A_r0_s31016_t1_conic,True,True,COMPLETE_SUCCESS,False,optimal,conic,0,30,False,33.18441600276856,67.68337499670452,67.68629099678947,1.9844755175865994e-06,False,False,NO_NEGATIVE_WITNESS_FOUND,8067319/9007199254740992,True,True,0.06795799708925188,25.781083000765648,0.31020799360703677,2.8426670032786205,3.639541995653417,33.938208005565684,"[""0"",""1""]","{""axis"":null,""sign"":null}","{""lower"":[""291688190098332227321783514819071044073501941223687222650004018430923520043779187817086235126340071839841745414896933128473271200937163373928694303715432947792950776526453746976114511812081165033936250515417190505789029126739574231079375359460979952642553803420769135215104104532598852803765830082800122910264663094776438191"",""18229330502690936290507796741823179604446950230875804428133349626466539676765156926397399373773205106090637034789648487167453522869676094383701644663108624601400397043766868877963895253752926874575930478513115011339908768215880061589943566344062523029838924918868371962999598709606216618247022853864931283607153024213975040""],""ok"":true,""upper"":[""30693527200436031623427736102473004566747941298421"",""1918220898996810080142336342940121463298411462656""]}","[""1873384228478723850237389888869402323513937769"",""117078912292285771493062520931403897906397184""]",A_r0_s31016_t1_factor,True,True,COMPLETE_SUCCESS,False,optimal,conic,4,30,True,40.79837500466965,75.63979200494941,75.6425420040614,1.9844755175865994e-06,False,False,NO_NEGATIVE_WITNESS_FOUND,8067319/9007199254740992,True,True,0.06758400559192523,33.049041994672734,0.305957997625228,2.643959000124596,3.8538750013685785,33.92791700025555,"[""0"",""1""]","{""axis"":null,""sign"":null}","{""lower"":[""291688190098332227321783514819071044073501941223687222650004018430923520043779187817086235126340071839841745414896933128473271200937163373928694303715432947792950776526453746976114511812081165033936250515417190505789029126739574231079375359460979952642553803420769135215104104532598852803765830082800122910264663094776438191"",""18229330502690936290507796741823179604446950230875804428133349626466539676765156926397399373773205106090637034789648487167453522869676094383701644663108624601400397043766868877963895253752926874575930478513115011339908768215880061589943566344062523029838924918868371962999598709606216618247022853864931283607153024213975040""],""ok"":true,""upper"":[""30693527200436031623427736102473004566747941298421"",""1918220898996810080142336342940121463298411462656""]}","[""1873384228478723850237389888869402323513937769"",""117078912292285771493062520931403897906397184""]",7.613959001901094,7.956417008244898
31016,1,1,31016_1,3b087b58865465c98190fd92a8a1d28e7ee85e49f0cbb2fb5d50fa0d9cdd08b0,fdd937a50ec8c4a28c62f2b1ec78ba15e46c7a39d0a01c699522bffc62cd1f36,39c75ee513e4a6561ba26d5df93519b85af6c42334b4156a9f8301ebc5e3b0b2,A_r1_s31016_t1_conic,True,True,COMPLETE_SUCCESS,False,optimal,conic,0,30,False,32.710957995732315,67.11845799873117,67.12133299879497,1.9844755175865994e-06,False,False,NO_NEGATIVE_WITNESS_FOUND,8067319/9007199254740992,True,True,0.06191699503688142,25.273291998018976,0.30345800041686743,2.7380000028642826,3.7605830002576113,33.85191599954851,"[""0"",""1""]","{""axis"":null,""sign"":null}","{""lower"":[""291688190098332227321783514819071044073501941223687222650004018430923520043779187817086235126340071839841745414896933128473271200937163373928694303715432947792950776526453746976114511812081165033936250515417190505789029126739574231079375359460979952642553803420769135215104104532598852803765830082800122910264663094776438191"",""18229330502690936290507796741823179604446950230875804428133349626466539676765156926397399373773205106090637034789648487167453522869676094383701644663108624601400397043766868877963895253752926874575930478513115011339908768215880061589943566344062523029838924918868371962999598709606216618247022853864931283607153024213975040""],""ok"":true,""upper"":[""30693527200436031623427736102473004566747941298421"",""1918220898996810080142336342940121463298411462656""]}","[""1873384228478723850237389888869402323513937769"",""117078912292285771493062520931403897906397184""]",A_r1_s31016_t1_factor,True,True,COMPLETE_SUCCESS,False,optimal,conic,4,30,True,40.816291999362875,75.4470419997233,75.45016700169072,1.9844755175865994e-06,False,False,NO_NEGATIVE_WITNESS_FOUND,8067319/9007199254740992,True,True,0.07854199793655425,33.18874999968102,0.31570799910696223,2.7424170039012097,3.6390420063980855,33.65775000565918,"[""0"",""1""]","{""axis"":null,""sign"":null}","{""lower"":[""291688190098332227321783514819071044073501941223687222650004018430923520043779187817086235126340071839841745414896933128473271200937163373928694303715432947792950776526453746976114511812081165033936250515417190505789029126739574231079375359460979952642553803420769135215104104532598852803765830082800122910264663094776438191"",""18229330502690936290507796741823179604446950230875804428133349626466539676765156926397399373773205106090637034789648487167453522869676094383701644663108624601400397043766868877963895253752926874575930478513115011339908768215880061589943566344062523029838924918868371962999598709606216618247022853864931283607153024213975040""],""ok"":true,""upper"":[""30693527200436031623427736102473004566747941298421"",""1918220898996810080142336342940121463298411462656""]}","[""1873384228478723850237389888869402323513937769"",""117078912292285771493062520931403897906397184""]",8.10533400363056,8.328584000992123
31016,2,0,31016_2,74c79d7c178c5a10affd61821a2d5d565a7763ac328c6e6c0f809ef912a1fe1b,fdd937a50ec8c4a28c62f2b1ec78ba15e46c7a39d0a01c699522bffc62cd1f36,39c75ee513e4a6561ba26d5df93519b85af6c42334b4156a9f8301ebc5e3b0b2,A_r0_s31016_t2_conic,True,True,COMPLETE_SUCCESS,False,optimal,conic,0,31,False,32.54929200193146,67.58095800614683,67.58354200428585,6.6373630197941594e-06,False,False,NO_NEGATIVE_WITNESS_FOUND,10131703/9007199254740992,True,True,0.06433300586650148,25.676833000034094,0.28029199893353507,2.5400419981451705,3.4252500045113266,34.468375000869855,"[""0"",""1""]","{""axis"":null,""sign"":null}","{""lower"":[""2922008052120279358190362738859165513651517539718513750429809363427862288322371093055890312000360389735411066684817764104791340638679151146511282542519957390573831758905243897839096481269280307614220133651682347912152322734541758445960740248641998709060201757883273577320759338634991249258817491944305443901305938621621"",""182543871660422051924652897665528872737024608592326595343570953032142567770615746351484746596766937252275752370223009239849732476341519443633135644471221576975787467323002068324205335117643632882874978204308278654246470622519440307990716329567919891096300791324244179989035783001536430161668322784493784595128259706880""],""ok"":true,""upper"":[""122821088120151806544209030884235190155192975040989"",""7672883595987240320569345371760485853193645850624""]}","[""9760943103229702995173513806609716852364607"",""609786001522321726526367296517728634929152""]",A_r0_s31016_t2_factor,True,True,COMPLETE_SUCCESS,False,stationary,factor,5,0,False,83.41725000354927,125.95333399804076,125.95879199943738,1.4932642637756332e-08,True,True,NO_NEGATIVE_WITNESS_FOUND,870993058039/9007199254740992,True,True,0.05979200068395585,14.862792006169911,0.20745900110341609,64.69225000182632,2.7887920005014166,41.75595800188603,"[""516275369308354107764655"",""967328812481255177191424""]","{""axis"":1,""sign"":-1}","{""lower"":[""308663519214724785313366898397810648873331019475254158913717310182961353682134953331085663827040334688103509198527847687895510781058305419588574860878257555737388437656044384549403124430739307884895342612464994436092895671295476674324063768204101374747662052105036970883296313928251797183430046505851136198338621900942679624714233516282753868201351"",""19282838901187451275050985880840906020285784282065113118579151950054465340351285243782993071992668399512282669846635383722392318823487687648505509702886879343687148995873248019043150261300013549173190005053673607730083587503446102185701946053835869760126875203671003198902767342018153205980315715778325508944015637077371206612885320396739528622080""],""ok"":true,""upper"":[""1357545916301040256534665569005169780112121081266928997046622559048133424123"",""84808659109362447819998280035660088759719227050029709989837097662045749248""]}","[""12258269017040347467687698783845715025355005628037383"",""718636824158511622559589807045215931679287665491968""]",50.86795800161781,58.37237599189393
31016,2,1,31016_2,74c79d7c178c5a10affd61821a2d5d565a7763ac328c6e6c0f809ef912a1fe1b,fdd937a50ec8c4a28c62f2b1ec78ba15e46c7a39d0a01c699522bffc62cd1f36,39c75ee513e4a6561ba26d5df93519b85af6c42334b4156a9f8301ebc5e3b0b2,A_r1_s31016_t2_conic,True,True,COMPLETE_SUCCESS,False,optimal,conic,0,31,False,32.92887499992503,67.43024999741465,67.43258299684385,6.6373630197941594e-06,False,False,NO_NEGATIVE_WITNESS_FOUND,10131703/9007199254740992,True,True,0.0624169988441281,25.87337500153808,0.3059169976040721,2.696042000025045,3.455749996646773,33.91633299906971,"[""0"",""1""]","{""axis"":null,""sign"":null}","{""lower"":[""2922008052120279358190362738859165513651517539718513750429809363427862288322371093055890312000360389735411066684817764104791340638679151146511282542519957390573831758905243897839096481269280307614220133651682347912152322734541758445960740248641998709060201757883273577320759338634991249258817491944305443901305938621621"",""182543871660422051924652897665528872737024608592326595343570953032142567770615746351484746596766937252275752370223009239849732476341519443633135644471221576975787467323002068324205335117643632882874978204308278654246470622519440307990716329567919891096300791324244179989035783001536430161668322784493784595128259706880""],""ok"":true,""upper"":[""122821088120151806544209030884235190155192975040989"",""7672883595987240320569345371760485853193645850624""]}","[""9760943103229702995173513806609716852364607"",""609786001522321726526367296517728634929152""]",A_r1_s31016_t2_factor,True,True,COMPLETE_SUCCESS,False,stationary,factor,5,0,False,73.50712500192458,116.14962499879766,116.15229200106114,1.4932642637756332e-08,True,True,NO_NEGATIVE_WITNESS_FOUND,870993058039/9007199254740992,True,True,0.06508400110760704,5.762500004493631,0.2182910029659979,63.76329199702013,2.8846249988419004,41.91187499964144,"[""516275369308354107764655"",""967328812481255177191424""]","{""axis"":1,""sign"":-1}","{""lower"":[""308663519214724785313366898397810648873331019475254158913717310182961353682134953331085663827040334688103509198527847687895510781058305419588574860878257555737388437656044384549403124430739307884895342612464994436092895671295476674324063768204101374747662052105036970883296313928251797183430046505851136198338621900942679624714233516282753868201351"",""19282838901187451275050985880840906020285784282065113118579151950054465340351285243782993071992668399512282669846635383722392318823487687648505509702886879343687148995873248019043150261300013549173190005053673607730083587503446102185701946053835869760126875203671003198902767342018153205980315715778325508944015637077371206612885320396739528622080""],""ok"":true,""upper"":[""1357545916301040256534665569005169780112121081266928997046622559048133424123"",""84808659109362447819998280035660088759719227050029709989837097662045749248""]}","[""12258269017040347467687698783845715025355005628037383"",""718636824158511622559589807045215931679287665491968""]",40.57825000199955,48.719375001383014
31016,3,0,31016_3,f8d392d657de6f4a64001df2f11d511ccfc21f05e5ee34a8f1dd92bca4aa41ad,fdd937a50ec8c4a28c62f2b1ec78ba15e46c7a39d0a01c699522bffc62cd1f36,39c75ee513e4a6561ba26d5df93519b85af6c42334b4156a9f8301ebc5e3b0b2,A_r0_s31016_t3_conic,True,True,COMPLETE_SUCCESS,False,optimal,conic,0,30,False,32.67125000274973,66.36687500576954,66.36966700170888,2.689535222533627e-05,False,False,NO_NEGATIVE_WITNESS_FOUND,12785911/9007199254740992,True,True,0.07691700011491776,25.51050000329269,0.30574999982491136,2.7053750018239953,3.550959001586307,33.11420800309861,"[""0"",""1""]","{""axis"":null,""sign"":null}","{""lower"":[""35145062944147769988986854016554275703615812728656238584541695522255546482659925832710836692626508681929971155039200919705167165077209333709004042016994132625343447525243573291595037719019581235960374406829882905706521044535432868651778951405525038331192918200340251563368309425837979129120435893978760060884277"",""2194643339471362330044942375330495329805736021582912623057826493599951649178826447782761750696744021720578599391342367943753809103770731690937425081318568548386507932481398029602370849985718756883712828743236285038136769976970890882274395398429307810283224175529226901253771788717841084885503110320990590074880""],""ok"":true,""upper"":[""319984166332901651968958130782572914515051559311"",""19981467697883438334816003572292931909358452736""]}","[""3661928170724009861615434903314508168305797"",""228669750570870647447387736194148238098432""]",A_r0_s31016_t3_factor,True,True,COMPLETE_SUCCESS,False,stationary,factor,4,0,False,75.29012499435339,126.73458399513038,126.73687499773223,1.4853582432650109e-08,True,True,NO_NEGATIVE_WITNESS_FOUND,1117550016759/9007199254740992,True,True,0.07683399599045515,4.963416999089532,0.19745800091186538,66.26479200349422,2.8894580027554184,50.68766600015806,"[""16563260487725392680288963"",""30954521999400165670125568""]","{""axis"":1,""sign"":-1}","{""lower"":[""1297624600001000851065359844124744173035820668669232069051595642348229168983549666497954287441339595079217529699176021534124590366524283517204448982681015767690091291178082442269306191415673200061235954347974965803471386116637263703889269011927701722498473470885225090407559573227164778317923745556970738755332784029034137583350233624709913340443"",""81030397133955490018298356561127425610908752981078334120144225795155419786666345073672225000801328681500440557386124667340308075053746149779856846758039841611510788626694727204240223699600700116181105992483223312286959599778244696755692557045948180115189021034615245314625722727504019437729959590055913600513930034920148592400646274192873881600""],""ok"":true,""upper"":[""404379189913420645460845240619472522359384277567281318599726716268018720401877761043987018244351104521972098949107"",""25251529849984254866267695376678951718343338765862255249844792525914311438032269984121691630633033094999364861952""]}","[""21389431222625591295986576122375326292596869111783069"",""1257614442277395339479282162329127880438753414610944""]",42.61887499160366,60.367708989360835
31016,3,1,31016_3,f8d392d657de6f4a64001df2f11d511ccfc21f05e5ee34a8f1dd92bca4aa41ad,fdd937a50ec8c4a28c62f2b1ec78ba15e46c7a39d0a01c699522bffc62cd1f36,39c75ee513e4a6561ba26d5df93519b85af6c42334b4156a9f8301ebc5e3b0b2,A_r1_s31016_t3_conic,True,True,COMPLETE_SUCCESS,False,optimal,conic,0,30,False,32.226000002992805,66.6966249991674,66.6994999992312,2.689535222533627e-05,False,False,NO_NEGATIVE_WITNESS_FOUND,12785911/9007199254740992,True,True,0.06245900294743478,25.27158300654264,0.3249159999541007,2.5495419977232814,3.461542000877671,33.892208004544955,"[""0"",""1""]","{""axis"":null,""sign"":null}","{""lower"":[""35145062944147769988986854016554275703615812728656238584541695522255546482659925832710836692626508681929971155039200919705167165077209333709004042016994132625343447525243573291595037719019581235960374406829882905706521044535432868651778951405525038331192918200340251563368309425837979129120435893978760060884277"",""2194643339471362330044942375330495329805736021582912623057826493599951649178826447782761750696744021720578599391342367943753809103770731690937425081318568548386507932481398029602370849985718756883712828743236285038136769976970890882274395398429307810283224175529226901253771788717841084885503110320990590074880""],""ok"":true,""upper"":[""319984166332901651968958130782572914515051559311"",""19981467697883438334816003572292931909358452736""]}","[""3661928170724009861615434903314508168305797"",""228669750570870647447387736194148238098432""]",A_r1_s31016_t3_factor,True,True,COMPLETE_SUCCESS,False,stationary,factor,4,0,False,75.71379200089723,127.29208399832714,127.29424999997718,1.4853582432650109e-08,True,True,NO_NEGATIVE_WITNESS_FOUND,1117550016759/9007199254740992,True,True,0.06295899947872385,5.179625004529953,0.2004169946303591,66.42795899824705,2.9270840022945777,50.83054099668516,"[""16563260487725392680288963"",""30954521999400165670125568""]","{""axis"":1,""sign"":-1}","{""lower"":[""1297624600001000851065359844124744173035820668669232069051595642348229168983549666497954287441339595079217529699176021534124590366524283517204448982681015767690091291178082442269306191415673200061235954347974965803471386116637263703889269011927701722498473470885225090407559573227164778317923745556970738755332784029034137583350233624709913340443"",""81030397133955490018298356561127425610908752981078334120144225795155419786666345073672225000801328681500440557386124667340308075053746149779856846758039841611510788626694727204240223699600700116181105992483223312286959599778244696755692557045948180115189021034615245314625722727504019437729959590055913600513930034920148592400646274192873881600""],""ok"":true,""upper"":[""404379189913420645460845240619472522359384277567281318599726716268018720401877761043987018244351104521972098949107"",""25251529849984254866267695376678951718343338765862255249844792525914311438032269984121691630633033094999364861952""]}","[""21389431222625591295986576122375326292596869111783069"",""1257614442277395339479282162329127880438753414610944""]",43.487791997904424,60.595458999159746
31016,4,0,31016_4,8eebf95eed3d3c294d8bd5de3e9d2fb3929a4ee1033f70c45af9c8880aa21c74,fdd937a50ec8c4a28c62f2b1ec78ba15e46c7a39d0a01c699522bffc62cd1f36,39c75ee513e4a6561ba26d5df93519b85af6c42334b4156a9f8301ebc5e3b0b2,A_r0_s31016_t4_conic,True,True,COMPLETE_SUCCESS,False,optimal,conic,0,32,False,33.69337500043912,68.0947919972823,68.09979199897498,5.489605976041695e-06,False,False,NO_NEGATIVE_WITNESS_FOUND,2595063/9007199254740992,True,True,0.06199999916134402,26.86837499641115,0.31437500001629815,2.6852089940803126,3.2169580008485354,33.837374998256564,"[""0"",""1""]","{""axis"":null,""sign"":null}","{""lower"":[""13247742302144700574061882075166215803237677446505605208717691389409476283724100473079740685292672103887656098850963701423365231361762702152933327561348253664476072179716241686923395700497066799313164508192770225952783585193978589494890061483760097934165113518486707111465432848383953955716591894260216904448701716851"",""827078118084474488460320185053910973144311957633550836291569529669329342208476389866056663058517640700949748945395429776611712187892251271250961337210031917706297877885669351463500566236080522635632679807861539353674190527049666035369246422892409355983079257115759648204763396551590650280202874308915313671426539520""],""ok"":true,""upper"":[""7681289198145669013346117872100073278723583204199"",""479555224749202520035584085735030365824602865664""]}","[""1831362056096550959154477974873495618030471"",""114334875285435323723693868097074119049216""]",A_r0_s31016_t4_factor,True,True,COMPLETE_SUCCESS,False,stationary,factor,4,0,False,69.45916599943303,132.77970800118055,132.78249999711988,1.4840619774320527e-08,True,True,NO_NEGATIVE_WITNESS_FOUND,1896090433783/9007199254740992,True,True,0.0703330006217584,4.922749998513609,0.19579100626287982,60.56245900253998,2.9174999945098534,62.584083003457636,"[""16596623445219440967096675"",""30954521999400165670125568""]","{""axis"":1,""sign"":-1}","{""lower"":[""1049581943607856870990703768612562602136857339139526837599355639694428153728331066570886360303271994892548615063017539807889510664766385210613143583319886715061580755621494606476516754438374376607007378060714788774743155579075931225205035074162021330429646803549274068131874601992539728135730009879797693212780351404508592257737291054749849509629"",""65527086978298136025728611739300513201221913667269211795893888423505525739836452269584702275505945485356226260410164124526718143748533833368477085400562653658951726240556282950920222413927166502563472957668633094874347109988883375107976247180332880379999899945625835023387873720651274456396719018806457777856119501110895438333054432137267118080""],""ok"":true,""upper"":[""78647438136791825946128551818339933671819150373345075516381800157730029164634486541987150911876424832000456997018255103611792544107103210702714795056469"",""4910085911844212805019784545241398728324963069064597184224937052144200694607011832324905138488856235726330026191340106513825884818828089579992791384064""]}","[""10683747621000879717941468383761219268701447025478677"",""628807221138697669739641081164563940219376707305472""]",35.76579099899391,64.68491600389825
31016,4,1,31016_4,8eebf95eed3d3c294d8bd5de3e9d2fb3929a4ee1033f70c45af9c8880aa21c74,fdd937a50ec8c4a28c62f2b1ec78ba15e46c7a39d0a01c699522bffc62cd1f36,39c75ee513e4a6561ba26d5df93519b85af6c42334b4156a9f8301ebc5e3b0b2,A_r1_s31016_t4_conic,True,True,COMPLETE_SUCCESS,False,optimal,conic,0,32,False,38.30245800054399,73.16749999881722,73.17254100053106,5.489605976041695e-06,False,False,NO_NEGATIVE_WITNESS_FOUND,2595063/9007199254740992,True,True,0.06512500112876296,30.762874994252343,0.32933399779722095,2.713709000090603,3.7886670033913106,34.284875000594184,"[""0"",""1""]","{""axis"":null,""sign"":null}","{""lower"":[""13247742302144700574061882075166215803237677446505605208717691389409476283724100473079740685292672103887656098850963701423365231361762702152933327561348253664476072179716241686923395700497066799313164508192770225952783585193978589494890061483760097934165113518486707111465432848383953955716591894260216904448701716851"",""827078118084474488460320185053910973144311957633550836291569529669329342208476389866056663058517640700949748945395429776611712187892251271250961337210031917706297877885669351463500566236080522635632679807861539353674190527049666035369246422892409355983079257115759648204763396551590650280202874308915313671426539520""],""ok"":true,""upper"":[""7681289198145669013346117872100073278723583204199"",""479555224749202520035584085735030365824602865664""]}","[""1831362056096550959154477974873495618030471"",""114334875285435323723693868097074119049216""]",A_r1_s31016_t4_factor,True,True,COMPLETE_SUCCESS,False,stationary,factor,4,0,False,71.2744999982533,134.74412499635946,134.74791599583114,1.4840619774320527e-08,True,True,NO_NEGATIVE_WITNESS_FOUND,1896090433783/9007199254740992,True,True,0.0689999942551367,5.307125000399537,0.19283300207462162,61.9419580034446,2.866374998120591,62.70279100135667,"[""16596623445219440967096675"",""30954521999400165670125568""]","{""axis"":1,""sign"":-1}","{""lower"":[""1049581943607856870990703768612562602136857339139526837599355639694428153728331066570886360303271994892548615063017539807889510664766385210613143583319886715061580755621494606476516754438374376607007378060714788774743155579075931225205035074162021330429646803549274068131874601992539728135730009879797693212780351404508592257737291054749849509629"",""65527086978298136025728611739300513201221913667269211795893888423505525739836452269584702275505945485356226260410164124526718143748533833368477085400562653658951726240556282950920222413927166502563472957668633094874347109988883375107976247180332880379999899945625835023387873720651274456396719018806457777856119501110895438333054432137267118080""],""ok"":true,""upper"":[""78647438136791825946128551818339933671819150373345075516381800157730029164634486541987150911876424832000456997018255103611792544107103210702714795056469"",""4910085911844212805019784545241398728324963069064597184224937052144200694607011832324905138488856235726330026191340106513825884818828089579992791384064""]}","[""10683747621000879717941468383761219268701447025478677"",""628807221138697669739641081164563940219376707305472""]",32.97204199770931,61.57662499754224
31016,5,0,31016_5,3c654c87a853968af50350066d4f015efe9513f424886d227d7ba648ef8f84b7,fdd937a50ec8c4a28c62f2b1ec78ba15e46c7a39d0a01c699522bffc62cd1f36,39c75ee513e4a6561ba26d5df93519b85af6c42334b4156a9f8301ebc5e3b0b2,A_r0_s31016_t5_conic,True,True,COMPLETE_SUCCESS,False,optimal,conic,0,32,False,33.63024999998743,68.25758299964946,68.26083299529273,4.8882070627007085e-06,False,False,NO_NEGATIVE_WITNESS_FOUND,1161463/9007199254740992,True,True,0.06645800021942705,26.456041996425483,0.3312919943709858,2.6863340026466176,3.539833996910602,34.01362500153482,"[""0"",""1""]","{""axis"":null,""sign"":null}","{""lower"":[""2770634623060283511889305218122684752380910335133318744673496411142212195147903776449532200856903681149165145613552989055337712949593575198416473936655694595992887429623751933554351400669590529057676120043846694554943721883740446200552364222942963370324537699882806451905306091488954425134556085081822446189934342003591"",""172994107293614227059203608439244866032747322887610565475947421722738531448929139337111628880976757873317004946140366536225651386416469705598099770784082303860075073988369888219796121391007242967941334442370901243540859999248784743302279786772459451851371805888884529003810475591741957031326371580809569451881600647168""],""ok"":true,""upper"":[""983097691395948689406665404411195564158930187701397"",""61383068767897922564554762974083886825549166804992""]}","[""1831162145893425241512194141319469216321381"",""114334875285435323723693868097074119049216""]",A_r0_s31016_t5_factor,True,True,COMPLETE_SUCCESS,False,stationary,factor,4,0,False,28.66037499916274,109.50970799603965,109.51183299766853,1.4784258228380782e-08,False,False,NO_NEGATIVE_WITNESS_FOUND,-1801/9007199254740992,True,True,0.05858299846295267,4.904458997771144,0.20283299818402156,5.815667005663272,17.10845799971139,80.25950000592275,"[""0"",""1""]","{""axis"":null,""sign"":null}","{""lower"":[""635134660420034212503924063534036918426774962465651631409222456064151965620165517884348463162191558572713170772821805091553869619171649091928385107248016593622847482928641273575651893928296624179115382545268293199793432767439102317569883945343512638666156786437542635778684826506281185837402367021486283769169529039235323893383492414056189188171"",""39656806155357578102155613871135612865379837989580453581958508824962770630990910322174598516325490100526167824062547028684966212040738921013946895310886245416514536773253508936385388328053057273905835496756273596672036267093555744877241380366368467517415105319177538331265044566423516079521053015417947340006575851112829069211479868550215106560""],""ok"":true,""upper"":[""235378303938647078823234684763257828493735445720120734870380535896475248245473873867944427640473257364556699981374419510434691399749199493941893474339951788901908531016978232958932686789910450018910470317"",""14696649931972027310843551204204918813566695347865597883700246651848961098949650736843235426426646629051257769175371763425933473511181223755128164134878332307437128399857630761875762859036184988742582272""]}","[""457790536453762460383059243535487975566889"",""28583718821358830930923467024268529762304""]",-4.969875000824686,41.252124996390194
31016,5,1,31016_5,3c654c87a853968af50350066d4f015efe9513f424886d227d7ba648ef8f84b7,fdd937a50ec8c4a28c62f2b1ec78ba15e46c7a39d0a01c699522bffc62cd1f36,39c75ee513e4a6561ba26d5df93519b85af6c42334b4156a9f8301ebc5e3b0b2,A_r1_s31016_t5_conic,True,True,COMPLETE_SUCCESS,False,optimal,conic,0,32,False,33.72504199796822,67.69591700140154,67.69812499987893,4.8882070627007085e-06,False,False,NO_NEGATIVE_WITNESS_FOUND,1161463/9007199254740992,True,True,0.06312500045169145,26.579041994409636,0.2975000024889596,2.7327499992679805,3.505542001221329,33.40133400342893,"[""0"",""1""]","{""axis"":null,""sign"":null}","{""lower"":[""2770634623060283511889305218122684752380910335133318744673496411142212195147903776449532200856903681149165145613552989055337712949593575198416473936655694595992887429623751933554351400669590529057676120043846694554943721883740446200552364222942963370324537699882806451905306091488954425134556085081822446189934342003591"",""172994107293614227059203608439244866032747322887610565475947421722738531448929139337111628880976757873317004946140366536225651386416469705598099770784082303860075073988369888219796121391007242967941334442370901243540859999248784743302279786772459451851371805888884529003810475591741957031326371580809569451881600647168""],""ok"":true,""upper"":[""983097691395948689406665404411195564158930187701397"",""61383068767897922564554762974083886825549166804992""]}","[""1831162145893425241512194141319469216321381"",""114334875285435323723693868097074119049216""]",A_r1_s31016_t5_factor,True,True,COMPLETE_SUCCESS,False,stationary,factor,4,0,False,26.019916003861,107.65275000449037,107.65550000360236,1.4784258228380782e-08,False,False,NO_NEGATIVE_WITNESS_FOUND,-1801/9007199254740992,True,True,0.07387500227196142,5.404250005085487,0.19933300063712522,5.820582999149337,13.925125000241678,80.99366600072244,"[""0"",""1""]","{""axis"":null,""sign"":null}","{""lower"":[""635134660420034212503924063534036918426774962465651631409222456064151965620165517884348463162191558572713170772821805091553869619171649091928385107248016593622847482928641273575651893928296624179115382545268293199793432767439102317569883945343512638666156786437542635778684826506281185837402367021486283769169529039235323893383492414056189188171"",""39656806155357578102155613871135612865379837989580453581958508824962770630990910322174598516325490100526167824062547028684966212040738921013946895310886245416514536773253508936385388328053057273905835496756273596672036267093555744877241380366368467517415105319177538331265044566423516079521053015417947340006575851112829069211479868550215106560""],""ok"":true,""upper"":[""235378303938647078823234684763257828493735445720120734870380535896475248245473873867944427640473257364556699981374419510434691399749199493941893474339951788901908531016978232958932686789910450018910470317"",""14696649931972027310843551204204918813566695347865597883700246651848961098949650736843235426426646629051257769175371763425933473511181223755128164134878332307437128399857630761875762859036184988742582272""]}","[""457790536453762460383059243535487975566889"",""28583718821358830930923467024268529762304""]",-7.70512599410722,39.95683300308883
31016,6,0,31016_6,9839509b5e43133ccc393ac28e841c0eb0117cd6bd8caed6caae2cb4f1b82cee,fdd937a50ec8c4a28c62f2b1ec78ba15e46c7a39d0a01c699522bffc62cd1f36,39c75ee513e4a6561ba26d5df93519b85af6c42334b4156a9f8301ebc5e3b0b2,A_r0_s31016_t6_conic,True,True,COMPLETE_SUCCESS,False,optimal,conic,0,30,False,31.95308399881469,65.9625420012162,65.96537500445265,4.569896790533177e-06,False,False,NO_NEGATIVE_WITNESS_FOUND,5257463/9007199254740992,True,True,0.05691700062016025,24.82837499701418,0.2986670006066561,2.6006249972851947,3.610250001656823,33.4694999983185,"[""0"",""1""]","{""axis"":null,""sign"":null}","{""lower"":[""15000330284240503815107666762346948010374950181258493875543147060422179215503176376987292529275047448329349570723321348182589733295316865758638084178351198026361046412464666703201067002611689328274895456253923187468116843274371547592687344486836428785066059461631165450413895963282788822247617741969960406537334010323597"",""936952922797812104100431440185021623342124605314876737471663609586695450630530995760347854069617092121618045964067626146085447928613974146838237945358088664301038404071286778319300953824571283721100519915964887053162445017460950172236647814712589443875540098519912714052012412343288392854847723095995094576055996907520""],""ok"":true,""upper"":[""7677534953026251142990781184022362800338166470819"",""479555224749202520035584085735030365824602865664""]}","[""7321867897430086721110198922621473561286399"",""457339501141741294894775472388296476196864""]",A_r0_s31016_t6_factor,True,True,COMPLETE_SUCCESS,False,stationary,factor,3,0,False,25.39983400492929,58.424834001925774,58.42783400294138,1.4895688428018922e-08,False,False,NO_NEGATIVE_WITNESS_FOUND,-1801/9007199254740992,True,True,0.061875005485489964,3.9222499981406145,0.19920799968531355,2.7658330000122078,17.78845800436102,32.44191699923249,"[""0"",""1""]","{""axis"":null,""sign"":null}","{""lower"":[""458485023377947011615344808444214844817364671716600804678066435253326104991141794984984962647023454470480818295493833500950406552181990499805352990415483649378337463584280679295408040972863281085229593008683082042575474815948865393649433937067948552927700229502585562268207515299922697458485459247283361779269432321505253396386942681854354749937"",""28637953458195552575363079019788766166249208275194097094803100789710695661710273229451166069756264908150798589638227727190944501495528768612848989102863885139722431138526719527234043479110088759229512358199115383554001602012713690392694619012684379137517645859994635101214091051517348866123274090237175811867857016154547554624638171613946183680""],""ok"":true,""upper"":[""4378537163640447594089672433633196020888628794893984636821736905772260760974583797428746133840173502750473608710684916843558705878383071626079344280845528577617916358049085894518424139104682019507011519028991518912950324753886495596367970913"",""273492779473587772960306421103801589336015478063738420641252761810634339832363815433496242613872343956252984614183785252663407880344739583374278275583881701109371697597254503374462195320601747108023955739948473909405284587474620482645393408""]}","[""29287471588891201578109790008327671823102571"",""1829358004566965179579101889553185904787456""]",-6.553249993885402,-7.537707999290433
31016,6,1,31016_6,9839509b5e43133ccc393ac28e841c0eb0117cd6bd8caed6caae2cb4f1b82cee,fdd937a50ec8c4a28c62f2b1ec78ba15e46c7a39d0a01c699522bffc62cd1f36,39c75ee513e4a6561ba26d5df93519b85af6c42334b4156a9f8301ebc5e3b0b2,A_r1_s31016_t6_conic,True,True,COMPLETE_SUCCESS,False,optimal,conic,0,30,False,32.68154099350795,66.86845799413277,66.87070799671346,4.569896790533177e-06,False,False,NO_NEGATIVE_WITNESS_FOUND,5257463/9007199254740992,True,True,0.05824999971082434,25.36425000289455,0.3072499966947362,2.715458998864051,3.67391700274311,33.62641599960625,"[""0"",""1""]","{""axis"":null,""sign"":null}","{""lower"":[""15000330284240503815107666762346948010374950181258493875543147060422179215503176376987292529275047448329349570723321348182589733295316865758638084178351198026361046412464666703201067002611689328274895456253923187468116843274371547592687344486836428785066059461631165450413895963282788822247617741969960406537334010323597"",""936952922797812104100431440185021623342124605314876737471663609586695450630530995760347854069617092121618045964067626146085447928613974146838237945358088664301038404071286778319300953824571283721100519915964887053162445017460950172236647814712589443875540098519912714052012412343288392854847723095995094576055996907520""],""ok"":true,""upper"":[""7677534953026251142990781184022362800338166470819"",""479555224749202520035584085735030365824602865664""]}","[""7321867897430086721110198922621473561286399"",""457339501141741294894775472388296476196864""]",A_r1_s31016_t6_factor,True,True,COMPLETE_SUCCESS,False,stationary,factor,3,0,False,21.95929099980276,55.13483300455846,55.13758300367044,1.4895688428018922e-08,False,False,NO_NEGATIVE_WITNESS_FOUND,-1801/9007199254740992,True,True,0.06041600136086345,4.157499999564607,0.18724999972619116,2.7028750046156347,14.273458000388928,32.596208999166265,"[""0"",""1""]","{""axis"":null,""sign"":null}","{""lower"":[""458485023377947011615344808444214844817364671716600804678066435253326104991141794984984962647023454470480818295493833500950406552181990499805352990415483649378337463584280679295408040972863281085229593008683082042575474815948865393649433937067948552927700229502585562268207515299922697458485459247283361779269432321505253396386942681854354749937"",""28637953458195552575363079019788766166249208275194097094803100789710695661710273229451166069756264908150798589638227727190944501495528768612848989102863885139722431138526719527234043479110088759229512358199115383554001602012713690392694619012684379137517645859994635101214091051517348866123274090237175811867857016154547554624638171613946183680""],""ok"":true,""upper"":[""4378537163640447594089672433633196020888628794893984636821736905772260760974583797428746133840173502750473608710684916843558705878383071626079344280845528577617916358049085894518424139104682019507011519028991518912950324753886495596367970913"",""273492779473587772960306421103801589336015478063738420641252761810634339832363815433496242613872343956252984614183785252663407880344739583374278275583881701109371697597254503374462195320601747108023955739948473909405284587474620482645393408""]}","[""29287471588891201578109790008327671823102571"",""1829358004566965179579101889553185904787456""]",-10.72224999370519,-11.73362498957431
31016,7,0,31016_7,fa927ce0f40bbe47fa32faeaac5a33e0606dcd701a25bda6291b83a4989cf191,fdd937a50ec8c4a28c62f2b1ec78ba15e46c7a39d0a01c699522bffc62cd1f36,39c75ee513e4a6561ba26d5df93519b85af6c42334b4156a9f8301ebc5e3b0b2,A_r0_s31016_t7_conic,True,True,COMPLETE_SUCCESS,False,optimal,conic,0,29,False,32.72845900210086,66.92691700300202,66.92908400145825,6.429507719147806e-06,False,False,NO_NEGATIVE_WITNESS_FOUND,7715063/9007199254740992,True,True,0.06154199945740402,25.347709000925533,0.32704200566513464,2.888708004320506,3.5399999978835694,33.551708998857066,"[""0"",""1""]","{""axis"":null,""sign"":null}","{""lower"":[""194073630283121525358829206092730457837505645287555513729725226329949499909905848909345061438844407401146457347485198132819489737464058296688479165869601834576544465276852020143129482052584680758709342645155413768357414349167374197940278359074019706103465513511904401666141046578130804854076299900197816482373807147"",""12127541172741685576883515382506488142384078299723044858030719910298816560238906678960269620767161313987649389989092172890734714068950471374558898345506370331810928790044212807214538758232347372207650963315063899675250194739183529567938029080475697979824544548298152478918353243399542438683460546776512348804874240""],""ok"":true,""upper"":[""245574094746652633192624588105321116528615061759433"",""15345767191974480641138690743520971706387291701248""]}","[""234197706905820562604940993921226912968333433"",""14634864036535721436632815116425487238299648""]",A_r0_s31016_t7_factor,True,True,COMPLETE_SUCCESS,False,stationary,factor,3,0,False,11.530916999618057,44.35670899692923,44.359542000165675,1.5111338099412817e-08,False,False,NO_NEGATIVE_WITNESS_FOUND,6391/9007199254740992,True,True,0.06283399852691218,4.105083004105836,0.22587500279769301,2.758707996690646,3.813416995399166,32.23554100259207,"[""0"",""1""]","{""axis"":null,""sign"":null}","{""lower"":[""27990928582388012385671552504257378878852239189382740538347391977366777340554306101480418746068933283455087261745521642311215561035037843856585719244897678309452704883186820007192200264021454888252473527327355361943995577348465088089631940077692778858444856970557389826531934157143324885802919564035374932538372949788237988640499698635649354333541"",""1749135121237762955731969836911770299347697688500073731501631741301433888895355881550659654192118572345703598510234277977156021719556399788387191508295204332067394475667465550887983205938144628640633905064099571476031785396946928006623542575080077610839516899672213279955308325179590855687228590602465753171270035556639186485575311157861558517760""],""ok"":true,""upper"":[""4927647064431622851593582230409718068178131011557001226203740648151616489008273167446559104056283983111701649709282376685917310048052419815499141928907742275684270516416163621576076090937800377043813807559453637304254314317774284795240246749435307259549727"",""307925494931442782869910764854871863452240139579178855996554467199248560185554425521280496426146404292616473443122684990239915046860052946283184919998902360079754424559392488523572647163421979802186670168507724900861205312379642499032337678968811623022592""]}","[""234197706896751505618490781575539501700124083"",""14634864036535721436632815116425487238299648""]",-21.197542002482805,-22.57020800607279
31016,7,1,31016_7,fa927ce0f40bbe47fa32faeaac5a33e0606dcd701a25bda6291b83a4989cf191,fdd937a50ec8c4a28c62f2b1ec78ba15e46c7a39d0a01c699522bffc62cd1f36,39c75ee513e4a6561ba26d5df93519b85af6c42334b4156a9f8301ebc5e3b0b2,A_r1_s31016_t7_conic,True,True,COMPLETE_SUCCESS,False,optimal,conic,0,29,False,31.99045800283784,66.03420800092863,66.03650000033667,6.429507719147806e-06,False,False,NO_NEGATIVE_WITNESS_FOUND,7715063/9007199254740992,True,True,0.06108300294727087,24.755083002673928,0.3063749973080121,2.8008750014123507,3.519916004734114,33.44241599552333,"[""0"",""1""]","{""axis"":null,""sign"":null}","{""lower"":[""194073630283121525358829206092730457837505645287555513729725226329949499909905848909345061438844407401146457347485198132819489737464058296688479165869601834576544465276852020143129482052584680758709342645155413768357414349167374197940278359074019706103465513511904401666141046578130804854076299900197816482373807147"",""12127541172741685576883515382506488142384078299723044858030719910298816560238906678960269620767161313987649389989092172890734714068950471374558898345506370331810928790044212807214538758232347372207650963315063899675250194739183529567938029080475697979824544548298152478918353243399542438683460546776512348804874240""],""ok"":true,""upper"":[""245574094746652633192624588105321116528615061759433"",""15345767191974480641138690743520971706387291701248""]}","[""234197706905820562604940993921226912968333433"",""14634864036535721436632815116425487238299648""]",A_r1_s31016_t7_factor,True,True,COMPLETE_SUCCESS,False,stationary,factor,3,0,False,11.928542000532616,45.127499994123355,45.12983300082851,1.5111338099412817e-08,False,False,NO_NEGATIVE_WITNESS_FOUND,6391/9007199254740992,True,True,0.06062499596737325,4.593541998474393,0.18475000251783058,2.630999995744787,3.8916669946047477,32.65195900166873,"[""0"",""1""]","{""axis"":null,""sign"":null}","{""lower"":[""27990928582388012385671552504257378878852239189382740538347391977366777340554306101480418746068933283455087261745521642311215561035037843856585719244897678309452704883186820007192200264021454888252473527327355361943995577348465088089631940077692778858444856970557389826531934157143324885802919564035374932538372949788237988640499698635649354333541"",""1749135121237762955731969836911770299347697688500073731501631741301433888895355881550659654192118572345703598510234277977156021719556399788387191508295204332067394475667465550887983205938144628640633905064099571476031785396946928006623542575080077610839516899672213279955308325179590855687228590602465753171270035556639186485575311157861558517760""],""ok"":true,""upper"":[""4927647064431622851593582230409718068178131011557001226203740648151616489008273167446559104056283983111701649709282376685917310048052419815499141928907742275684270516416163621576076090937800377043813807559453637304254314317774284795240246749435307259549727"",""307925494931442782869910764854871863452240139579178855996554467199248560185554425521280496426146404292616473443122684990239915046860052946283184919998902360079754424559392488523572647163421979802186670168507724900861205312379642499032337678968811623022592""]}","[""234197706896751505618490781575539501700124083"",""14634864036535721436632815116425487238299648""]",-20.061916002305225,-20.906708006805275
31017,0,0,31017_0,faea6bb4c3243361fcd2f1dbd515166497f416d8e815b41c62dffd47f1561f94,fdd937a50ec8c4a28c62f2b1ec78ba15e46c7a39d0a01c699522bffc62cd1f36,39c75ee513e4a6561ba26d5df93519b85af6c42334b4156a9f8301ebc5e3b0b2,A_r0_s31017_t0_conic,True,True,COMPLETE_SUCCESS,False,optimal,conic,0,13,False,133.84175000101095,168.1402089961921,168.14599999634083,0.00011256178318946652,True,True,COLLISION_WITNESSED,164583940497/9007199254740992,True,True,33.263249999436084,38.10554200026672,0.30879100086167455,58.291916000598576,3.1285000004572794,33.54708300321363,"[""339692671105118213444235153"",""485305207232495905792851968""]","{""axis"":1,""sign"":1}","{""lower"":[""470420477400549104210102814390873087868480897655985760381123351751969256625788306519060549496959889655342710723749025930059184794370207897565868749339594936571425490245066029849250313024189540066913233928251155640905408223089807569685753862891511248788587141954853673470501918114909948665274215020470136983"",""28992695384600093585149817248046721710579280869040108991684614717948174427489963158996725418139343770349433523678148318619735662028028496336853621652548138098196260191074757049357373631498100232339856240260260264266045565626306224238118469594232992455293094265499069268441733286841764604472011237841960960""],""ok"":true,""upper"":[""1266450029726851476312936878692027633011500061"",""78052608194857180995375013954269265270931456""]}","[""373122447671132387220227280383669772782033520122643839"",""19320093857447233300813075216188681387152042134339584""]",A_r0_s31017_t0_factor,True,True,COMPLETE_SUCCESS,False,optimal,conic,0,13,True,139.17262500035577,174.24583299725782,174.24816599668702,0.00011256178318946652,True,True,COLLISION_WITNESSED,164583940497/9007199254740992,True,True,32.95833300217055,40.71370800375007,0.48349999997299165,61.21054099639878,2.9821249991073273,34.27437500067754,"[""339692671105118213444235153"",""485305207232495905792851968""]","{""axis"":1,""sign"":1}","{""lower"":[""470420477400549104210102814390873087868480897655985760381123351751969256625788306519060549496959889655342710723749025930059184794370207897565868749339594936571425490245066029849250313024189540066913233928251155640905408223089807569685753862891511248788587141954853673470501918114909948665274215020470136983"",""28992695384600093585149817248046721710579280869040108991684614717948174427489963158996725418139343770349433523678148318619735662028028496336853621652548138098196260191074757049357373631498100232339856240260260264266045565626306224238118469594232992455293094265499069268441733286841764604472011237841960960""],""ok"":true,""upper"":[""1266450029726851476312936878692027633011500061"",""78052608194857180995375013954269265270931456""]}","[""373122447671132387220227280383669772782033520122643839"",""19320093857447233300813075216188681387152042134339584""]",5.330874999344815,6.105624001065735
31017,0,1,31017_0,faea6bb4c3243361fcd2f1dbd515166497f416d8e815b41c62dffd47f1561f94,fdd937a50ec8c4a28c62f2b1ec78ba15e46c7a39d0a01c699522bffc62cd1f36,39c75ee513e4a6561ba26d5df93519b85af6c42334b4156a9f8301ebc5e3b0b2,A_r1_s31017_t0_conic,True,True,COMPLETE_SUCCESS,False,optimal,conic,0,13,False,133.5696669993922,168.1191250027041,168.1220000027679,0.00011256178318946652,True,True,COLLISION_WITNESSED,164583940497/9007199254740992,True,True,33.11383400432533,37.863666999328416,0.2899999963119626,58.54120799631346,2.9910829980508424,33.81004199763993,"[""339692671105118213444235153"",""485305207232495905792851968""]","{""axis"":1,""sign"":1}","{""lower"":[""470420477400549104210102814390873087868480897655985760381123351751969256625788306519060549496959889655342710723749025930059184794370207897565868749339594936571425490245066029849250313024189540066913233928251155640905408223089807569685753862891511248788587141954853673470501918114909948665274215020470136983"",""28992695384600093585149817248046721710579280869040108991684614717948174427489963158996725418139343770349433523678148318619735662028028496336853621652548138098196260191074757049357373631498100232339856240260260264266045565626306224238118469594232992455293094265499069268441733286841764604472011237841960960""],""ok"":true,""upper"":[""1266450029726851476312936878692027633011500061"",""78052608194857180995375013954269265270931456""]}","[""373122447671132387220227280383669772782033520122643839"",""19320093857447233300813075216188681387152042134339584""]",A_r1_s31017_t0_factor,True,True,COMPLETE_SUCCESS,False,optimal,conic,0,13,True,136.3656249959604,170.5905420021736,170.59345899906475,0.00011256178318946652,True,True,COLLISION_WITNESSED,164583940497/9007199254740992,True,True,32.86162499716738,40.64862499944866,0.3041669988306239,58.67058299918426,3.054583001357969,33.39604099892313,"[""339692671105118213444235153"",""485305207232495905792851968""]","{""axis"":1,""sign"":1}","{""lower"":[""470420477400549104210102814390873087868480897655985760381123351751969256625788306519060549496959889655342710723749025930059184794370207897565868749339594936571425490245066029849250313024189540066913233928251155640905408223089807569685753862891511248788587141954853673470501918114909948665274215020470136983"",""28992695384600093585149817248046721710579280869040108991684614717948174427489963158996725418139343770349433523678148318619735662028028496336853621652548138098196260191074757049357373631498100232339856240260260264266045565626306224238118469594232992455293094265499069268441733286841764604472011237841960960""],""ok"":true,""upper"":[""1266450029726851476312936878692027633011500061"",""78052608194857180995375013954269265270931456""]}","[""373122447671132387220227280383669772782033520122643839"",""19320093857447233300813075216188681387152042134339584""]",2.795957996568177,2.471416999469511
31017,1,0,31017_1,2a13a52d46f46933bf7d932ced50d3f1d4ce8b0f14ff0b67ec4916e3c07949bb,fdd937a50ec8c4a28c62f2b1ec78ba15e46c7a39d0a01c699522bffc62cd1f36,39c75ee513e4a6561ba26d5df93519b85af6c42334b4156a9f8301ebc5e3b0b2,A_r0_s31017_t1_conic,True,True,COMPLETE_SUCCESS,False,optimal,conic,0,27,False,91.35591700032819,126.12712499685585,126.13004200102296,2.3698611326005818e-05,True,True,COLLISION_WITNESSED,1960774066577/9007199254740992,True,True,0.06420900172088295,24.012916001083795,0.33258400071645156,63.2464579975931,2.777082998363767,34.0069579979172,"[""20306227834499553598660439967"",""31059533262879737970742525952""]","{""axis"":1,""sign"":1}","{""lower"":[""1174590822613258224428600342082628655620425664873076565081661057746284402875264372141871425594221416294485801994494797241513836679696245944471968497869779231978775445260793822901066886853711189295672954153949200550985318441444253518839795154901662181879023142147205842639681018378086772182794466902873547692484803"",""72609144461469595686781542049962021057901893809226904621824978994647673440366066127332686488888188027367342381822400952085377205359670717554983171511482195457078780671437793402808796715203986303141174050801344436085287064532048514181065403466795056314092262438107710292772203010161525479726312924396776073461760""],""ok"":true,""upper"":[""60607249792311817699235623493438017951666858813"",""3746525193353144687778000669804924733004709888""]}","[""212909814501293370839763197232953025815025655408614514537"",""11305014920014838228590050869358405565967823511750705152""]",A_r0_s31017_t1_factor,True,True,COMPLETE_SUCCESS,False,stationary,factor,4,0,False,75.84279099683044,114.71499999606749,114.71779099520063,1.589607286345643e-08,True,True,NO_NEGATIVE_WITNESS_FOUND,1973340668305/9007199254740992,True,True,0.06462499732151628,5.0923330054502,0.1973750040633604,66.81550000212155,2.8571250004461035,38.072625000495464,"[""20306223385158610371562712703"",""31059533262879737970742525952""]","{""axis"":1,""sign"":1}","{""lower"":[""693887953643888983826279865889269672533692798979753856205070316569121429679414727795023891432963083819309008500284477135222127564038632627605774295535791758123146923536892023286616442272507763022275732794708351692448844121409262651173583155924530871384067448402380578717966999744924616132106271437440531136633818311606321189717214825967860990703233"",""42893691972936384990312671150875014282377887419153152268084468686007195677007312861993791533268565041639911953032533143343326682546034770711417014765143303396468955908865228646485989373297359842063602727774586551087695997114410316912772866459948869252674094403434719800277499933751832201678376064958578201830948006799291106252176560495274984734720""],""ok"":true,""upper"":[""1016820920277354005823771359123349174171083973861833653"",""62856262418327472706104077285461900109362346808311808""]}","[""70969957579951435544476645334952483755712038516809238499"",""3768338306671612742863350289786135188655941170583568384""]",-15.513126003497746,-11.412125000788365
31017,1,1,31017_1,2a13a52d46f46933bf7d932ced50d3f1d4ce8b0f14ff0b67ec4916e3c07949bb,fdd937a50ec8c4a28c62f2b1ec78ba15e46c7a39d0a01c699522bffc62cd1f36,39c75ee513e4a6561ba26d5df93519b85af6c42334b4156a9f8301ebc5e3b0b2,A_r1_s31017_t1_conic,True,True,COMPLETE_SUCCESS,False,optimal,conic,0,27,False,91.78679199976614,130.21766699966975,130.22095799533417,2.3698611326005818e-05,True,True,COLLISION_WITNESSED,1960774066577/9007199254740992,True,True,0.06687499990221113,23.801208000804763,0.31108300026971847,63.94154200097546,2.837791995261796,37.60137499921257,"[""20306227834499553598660439967"",""31059533262879737970742525952""]","{""axis"":1,""sign"":1}","{""lower"":[""1174590822613258224428600342082628655620425664873076565081661057746284402875264372141871425594221416294485801994494797241513836679696245944471968497869779231978775445260793822901066886853711189295672954153949200550985318441444253518839795154901662181879023142147205842639681018378086772182794466902873547692484803"",""72609144461469595686781542049962021057901893809226904621824978994647673440366066127332686488888188027367342381822400952085377205359670717554983171511482195457078780671437793402808796715203986303141174050801344436085287064532048514181065403466795056314092262438107710292772203010161525479726312924396776073461760""],""ok"":true,""upper"":[""60607249792311817699235623493438017951666858813"",""3746525193353144687778000669804924733004709888""]}","[""212909814501293370839763197232953025815025655408614514537"",""11305014920014838228590050869358405565967823511750705152""]",A_r1_s31017_t1_factor,True,True,COMPLETE_SUCCESS,False,stationary,factor,4,0,False,74.85179200011771,114.47366700303974,114.47637499804841,1.589607286345643e-08,True,True,NO_NEGATIVE_WITNESS_FOUND,1973340668305/9007199254740992,True,True,0.07120800000848249,5.055374997027684,0.19704200531123206,65.85558300139382,2.833541999279987,38.83058299834374,"[""20306223385158610371562712703"",""31059533262879737970742525952""]","{""axis"":1,""sign"":1}","{""lower"":[""693887953643888983826279865889269672533692798979753856205070316569121429679414727795023891432963083819309008500284477135222127564038632627605774295535791758123146923536892023286616442272507763022275732794708351692448844121409262651173583155924530871384067448402380578717966999744924616132106271437440531136633818311606321189717214825967860990703233"",""42893691972936384990312671150875014282377887419153152268084468686007195677007312861993791533268565041639911953032533143343326682546034770711417014765143303396468955908865228646485989373297359842063602727774586551087695997114410316912772866459948869252674094403434719800277499933751832201678376064958578201830948006799291106252176560495274984734720""],""ok"":true,""upper"":[""1016820920277354005823771359123349174171083973861833653"",""62856262418327472706104077285461900109362346808311808""]}","[""70969957579951435544476645334952483755712038516809238499"",""3768338306671612742863350289786135188655941170583568384""]",-16.934999999648426,-15.74399999663001
31017,2,0,31017_2,6460165e654bf255ae7849ed226fc4683f72c0ce5e1bb18f692cb4c44e9fd209,fdd937a50ec8c4a28c62f2b1ec78ba15e46c7a39d0a01c699522bffc62cd1f36,39c75ee513e4a6561ba26d5df93519b85af6c42334b4156a9f8301ebc5e3b0b2,A_r0_s31017_t2_conic,True,True,COMPLETE_SUCCESS,False,optimal,conic,0,26,False,30.458416003966704,64.90000000485452,64.90304100589128,1.527509553193791e-05,False,False,NO_NEGATIVE_WITNESS_FOUND,769753/18014398509481984,True,True,0.07341600576182827,23.270084006071556,0.3117499945801683,2.6900419979938306,3.5727919967030175,33.8887079997221,"[""0"",""1""]","{""axis"":null,""sign"":null}","{""lower"":[""11216883974708460679618464045746449910747264722328011083478937675713637130683770573241663256193699497939375104492803676631164781558069613782456545391500700574321281061076179574863766084196274524829478927092572642588317668781813433160436034374819770346295023080125706241177347269699148790931185812135139328264884211311"",""694251768937422112039674623618967928900076727734392473482071374932577978898483204878797945998462265982767249635830825338342095627637737678980986517995348007500396995368409936254887882062970592997839558785449302486262653178813424793345464893839821563738299763542103543023426855107333069244178333880662169271486382080""],""ok"":true,""upper"":[""165292439558759074493965588437439416394605280078887"",""10230511461316320427425793829013981137591527800832""]}","[""14431929404971345117155859143722160239957"",""893241213167463466591358344508391555072""]",A_r0_s31017_t2_factor,True,True,COMPLETE_SUCCESS,False,stationary,factor,4,0,False,28.40637500048615,71.95804100047098,71.96045800083084,1.57632282931331e-08,False,False,NO_NEGATIVE_WITNESS_FOUND,-295/18014398509481984,True,True,0.056416000006720424,5.096707995107863,0.1986250063055195,5.579790995398071,16.870708001079038,43.001874997571576,"[""0"",""1""]","{""axis"":null,""sign"":null}","{""lower"":[""5459954664973985300728232946757333734586741254635908946297814393467514038978937009945642955731561069109013842816540093760186414193596640910602291072512052715880969106726258697765356150241962153412689916949065583163462351796891272470658695517006596227086769503822359489038721428848262733600040985480971373619620560695699102481134036303418334851447229"",""337935171177066520538872492405671865508790108321163773243230402065646262162085166238596785997744982409793997593638881992294757511270567529782264484805514705162848953844081522551574581926792141311557119871806125276306322035543219281719653314509326943802982057574308321754543489658024868999187562513591338194980130647813551588605230653551636098580480""],""ok"":true,""upper"":[""28123051271621311681932767485025662806862053561136700650832538257061196461854384781495971"",""1740631327434253247543837868513872940351596527790717011041623919126058239543866814365696""]}","[""28863858807898709464631503908759871553939"",""1786482426334926933182716689016783110144""]",-2.0520410034805536,7.058040995616466
31017,2,1,31017_2,6460165e654bf255ae7849ed226fc4683f72c0ce5e1bb18f692cb4c44e9fd209,fdd937a50ec8c4a28c62f2b1ec78ba15e46c7a39d0a01c699522bffc62cd1f36,39c75ee513e4a6561ba26d5df93519b85af6c42334b4156a9f8301ebc5e3b0b2,A_r1_s31017_t2_conic,True,True,COMPLETE_SUCCESS,False,optimal,conic,0,26,False,30.4555420007091,64.95341700065183,64.95629200071562,1.527509553193791e-05,False,False,NO_NEGATIVE_WITNESS_FOUND,769753/18014398509481984,True,True,0.06683300307486206,23.209625003801193,0.3004160025739111,2.71595899539534,3.608416001952719,33.91287499835016,"[""0"",""1""]","{""axis"":null,""sign"":null}","{""lower"":[""11216883974708460679618464045746449910747264722328011083478937675713637130683770573241663256193699497939375104492803676631164781558069613782456545391500700574321281061076179574863766084196274524829478927092572642588317668781813433160436034374819770346295023080125706241177347269699148790931185812135139328264884211311"",""694251768937422112039674623618967928900076727734392473482071374932577978898483204878797945998462265982767249635830825338342095627637737678980986517995348007500396995368409936254887882062970592997839558785449302486262653178813424793345464893839821563738299763542103543023426855107333069244178333880662169271486382080""],""ok"":true,""upper"":[""165292439558759074493965588437439416394605280078887"",""10230511461316320427425793829013981137591527800832""]}","[""14431929404971345117155859143722160239957"",""893241213167463466591358344508391555072""]",A_r1_s31017_t2_factor,True,True,COMPLETE_SUCCESS,False,stationary,factor,4,0,False,25.495208996289875,69.29716699960409,69.29995899554342,1.57632282931331e-08,False,False,NO_NEGATIVE_WITNESS_FOUND,-295/18014398509481984,True,True,0.05979200068395585,5.244458996457979,0.2027080045081675,5.725499999243766,13.712457999645267,43.22491700440878,"[""0"",""1""]","{""axis"":null,""sign"":null}","{""lower"":[""5459954664973985300728232946757333734586741254635908946297814393467514038978937009945642955731561069109013842816540093760186414193596640910602291072512052715880969106726258697765356150241962153412689916949065583163462351796891272470658695517006596227086769503822359489038721428848262733600040985480971373619620560695699102481134036303418334851447229"",""337935171177066520538872492405671865508790108321163773243230402065646262162085166238596785997744982409793997593638881992294757511270567529782264484805514705162848953844081522551574581926792141311557119871806125276306322035543219281719653314509326943802982057574308321754543489658024868999187562513591338194980130647813551588605230653551636098580480""],""ok"":true,""upper"":[""28123051271621311681932767485025662806862053561136700650832538257061196461854384781495971"",""1740631327434253247543837868513872940351596527790717011041623919126058239543866814365696""]}","[""28863858807898709464631503908759871553939"",""1786482426334926933182716689016783110144""]",-4.960333004419226,4.343749998952262
31017,3,0,31017_3,1e1924d1b44dfca9cbfc36ce4ab24d3382e62d27b711d148794e7bf34a18fe1c,fdd937a50ec8c4a28c62f2b1ec78ba15e46c7a39d0a01c699522bffc62cd1f36,39c75ee513e4a6561ba26d5df93519b85af6c42334b4156a9f8301ebc5e3b0b2,A_r0_s31017_t3_conic,True,True,COMPLETE_SUCCESS,False,optimal,conic,0,30,False,32.3442500011879,66.12245900032576,66.12520899943775,7.840853296486075e-06,False,False,NO_NEGATIVE_WITNESS_FOUND,360153/18014398509481984,True,True,0.060792001022491604,25.117458004388027,0.31312499777413905,2.571707998868078,3.6767920028069057,33.22458299953723,"[""0"",""1""]","{""axis"":null,""sign"":null}","{""lower"":[""345231305746898997933212625874753980278538546780353124598805003297572923523395856417681276163673198304187584364043668172628890356046176553500630867418854200878319527211573997174695966818735210058894374849813687580454059933472115180723889683328130258793784834469771380011002910480220684715903356868401340952061854404221"",""21361313527807402404431818567994500956770064687831315156725776672179369191384765591428285602051369549516308035971907035146010786201026982689335828701275275664104535640841775374396229564337187524850693749230750052589384148743245364013158500076259308189068373865866607352688444805070984032669614906945127887336101642240""],""ok"":true,""upper"":[""15500690678365475467474583002845904612793794560503"",""959110449498405040071168171470060731649205731328""]}","[""14436143148310501919235009980780958189697"",""893241213167463466591358344508391555072""]",A_r0_s31017_t3_factor,True,True,COMPLETE_SUCCESS,False,stationary,factor,4,0,False,81.24779199715704,138.2979170011822,138.3006249961909,1.5860548922025357e-08,True,True,NO_NEGATIVE_WITNESS_FOUND,2277019009425/9007199254740992,True,True,0.06554200081154704,5.030082997109275,0.2101660065818578,72.0986670057755,3.0515830003423616,56.29770800442202,"[""4099534297293384034081440507"",""7764883315719934492685631488""]","{""axis"":1,""sign"":1}","{""lower"":[""1166986316570451909997917357193311476178505786544722400298894039095611043626504438813877165010491783683747709062916517412729913709072583761966257460265625024333819704219365248268871105844334182652236452468285331519569113778452460238785777759751555563325588143017101377718164025369987192489608766025067804677586611300608589421866351025962835127910433"",""72207670947346710740829184054337928573761069202679481755486253300492120569257599118779765203158411665343377990862552413425858293264631629025767876971779081623796948479555389622670259027830803581292655956827586528116981837336086383022932327570667259660936458833479317336116287067211417054042752944936757645769120769313379460277508462464258319319040""],""ok"":true,""upper"":[""2150907827359276445946068152606027839141229705863248531073204606533253980652975579446460588444962918647041740690447871088326017568217"",""133088145317799113259763880838868017764948979618039195608183019869501822774670029905918771492998699748674778126147371447790759575552""]}","[""89065373078712219895274397122215654760801203119428349319"",""4945944027506491725008147255344302435110922786390933504""]",48.903541995969135,72.17545800085645
31017,3,1,31017_3,1e1924d1b44dfca9cbfc36ce4ab24d3382e62d27b711d148794e7bf34a18fe1c,fdd937a50ec8c4a28c62f2b1ec78ba15e46c7a39d0a01c699522bffc62cd1f36,39c75ee513e4a6561ba26d5df93519b85af6c42334b4156a9f8301ebc5e3b0b2,A_r1_s31017_t3_conic,True,True,COMPLETE_SUCCESS,False,optimal,conic,0,30,False,32.808707997901365,67.90595799975563,67.90854100108845,7.840853296486075e-06,False,False,NO_NEGATIVE_WITNESS_FOUND,360153/18014398509481984,True,True,0.0625829998170957,25.375832999998238,0.30229100229917094,2.7294160026940517,3.7617499983753078,34.532958998170216,"[""0"",""1""]","{""axis"":null,""sign"":null}","{""lower"":[""345231305746898997933212625874753980278538546780353124598805003297572923523395856417681276163673198304187584364043668172628890356046176553500630867418854200878319527211573997174695966818735210058894374849813687580454059933472115180723889683328130258793784834469771380011002910480220684715903356868401340952061854404221"",""21361313527807402404431818567994500956770064687831315156725776672179369191384765591428285602051369549516308035971907035146010786201026982689335828701275275664104535640841775374396229564337187524850693749230750052589384148743245364013158500076259308189068373865866607352688444805070984032669614906945127887336101642240""],""ok"":true,""upper"":[""15500690678365475467474583002845904612793794560503"",""959110449498405040071168171470060731649205731328""]}","[""14436143148310501919235009980780958189697"",""893241213167463466591358344508391555072""]",A_r1_s31017_t3_factor,True,True,COMPLETE_SUCCESS,False,stationary,factor,4,0,False,79.92050000029849,137.2767909997492,137.27941599790938,1.5860548922025357e-08,True,True,NO_NEGATIVE_WITNESS_FOUND,2277019009425/9007199254740992,True,True,0.06637499609496444,4.735250004159752,0.1940000001923181,71.29416699899593,2.802625000185799,56.57791699923109,"[""4099534297293384034081440507"",""7764883315719934492685631488""]","{""axis"":1,""sign"":1}","{""lower"":[""1166986316570451909997917357193311476178505786544722400298894039095611043626504438813877165010491783683747709062916517412729913709072583761966257460265625024333819704219365248268871105844334182652236452468285331519569113778452460238785777759751555563325588143017101377718164025369987192489608766025067804677586611300608589421866351025962835127910433"",""72207670947346710740829184054337928573761069202679481755486253300492120569257599118779765203158411665343377990862552413425858293264631629025767876971779081623796948479555389622670259027830803581292655956827586528116981837336086383022932327570667259660936458833479317336116287067211417054042752944936757645769120769313379460277508462464258319319040""],""ok"":true,""upper"":[""2150907827359276445946068152606027839141229705863248531073204606533253980652975579446460588444962918647041740690447871088326017568217"",""133088145317799113259763880838868017764948979618039195608183019869501822774670029905918771492998699748674778126147371447790759575552""]}","[""89065373078712219895274397122215654760801203119428349319"",""4945944027506491725008147255344302435110922786390933504""]",47.111792002397124,69.37083299999358
31017,4,0,31017_4,4a8148a7ab627cf3f259c6e60df86ad47973ee01490bfe164034ca1ba10faaf5,fdd937a50ec8c4a28c62f2b1ec78ba15e46c7a39d0a01c699522bffc62cd1f36,39c75ee513e4a6561ba26d5df93519b85af6c42334b4156a9f8301ebc5e3b0b2,A_r0_s31017_t4_conic,True,True,COMPLETE_SUCCESS,False,optimal,conic,0,32,False,35.42224999546306,69.98483299685176,69.98795799881918,1.0207892281195288e-06,False,False,NO_NEGATIVE_WITNESS_FOUND,16089/18014398509481984,True,True,0.06549999670824036,26.714166000601836,0.33395799982827157,2.758583999820985,4.970709000190254,33.955375001823995,"[""0"",""1""]","{""axis"":null,""sign"":null}","{""lower"":[""545027033746651911036113093812756845300365884160580115096421740665535955553779996488259312910898163525540236805539296608631387786987005878551678012558693821491882685390623896922458676560915589621090950093859343878278267863729101943730307804775648497906486552035600113272396493071995624598178043634151996703537409609669383472409"",""33660709303902550889114847329903470272005661839025690663793743220249962480206126627705593899971911399301293275776644239639981001098344680236095532650266947545079668107968049828881719461357203278608437024487640252574106617289153463939353540675795944938761128208514562261242468797925049810595500788838124246641438034194805555200""],""ok"":true,""upper"":[""31059426084074389407386838731619990574528434831331"",""1918220898996810080142336342940121463298411462656""]}","[""14463172333034505888549541528244716315657"",""893241213167463466591358344508391555072""]",A_r0_s31017_t4_factor,True,True,COMPLETE_SUCCESS,False,optimal,conic,6,32,True,47.31083299702732,82.23637499759207,82.24029199482175,1.0207892281195288e-06,False,False,NO_NEGATIVE_WITNESS_FOUND,16089/18014398509481984,True,True,0.0705419952282682,37.722082997788675,0.3348340032971464,3.0373339977813885,5.247583001619205,33.914207997440826,"[""0"",""1""]","{""axis"":null,""sign"":null}","{""lower"":[""545027033746651911036113093812756845300365884160580115096421740665535955553779996488259312910898163525540236805539296608631387786987005878551678012558693821491882685390623896922458676560915589621090950093859343878278267863729101943730307804775648497906486552035600113272396493071995624598178043634151996703537409609669383472409"",""33660709303902550889114847329903470272005661839025690663793743220249962480206126627705593899971911399301293275776644239639981001098344680236095532650266947545079668107968049828881719461357203278608437024487640252574106617289153463939353540675795944938761128208514562261242468797925049810595500788838124246641438034194805555200""],""ok"":true,""upper"":[""31059426084074389407386838731619990574528434831331"",""1918220898996810080142336342940121463298411462656""]}","[""14463172333034505888549541528244716315657"",""893241213167463466591358344508391555072""]",11.888583001564257,12.2515420007403
31017,4,1,31017_4,4a8148a7ab627cf3f259c6e60df86ad47973ee01490bfe164034ca1ba10faaf5,fdd937a50ec8c4a28c62f2b1ec78ba15e46c7a39d0a01c699522bffc62cd1f36,39c75ee513e4a6561ba26d5df93519b85af6c42334b4156a9f8301ebc5e3b0b2,A_r1_s31017_t4_conic,True,True,COMPLETE_SUCCESS,False,optimal,conic,0,32,False,35.678708998602815,70.16633400053252,70.16912499966566,1.0207892281195288e-06,False,False,NO_NEGATIVE_WITNESS_FOUND,16089/18014398509481984,True,True,0.05950000195298344,27.009375000488944,0.3064170014113188,2.8112910003983416,4.937500001688022,33.9197499997681,"[""0"",""1""]","{""axis"":null,""sign"":null}","{""lower"":[""545027033746651911036113093812756845300365884160580115096421740665535955553779996488259312910898163525540236805539296608631387786987005878551678012558693821491882685390623896922458676560915589621090950093859343878278267863729101943730307804775648497906486552035600113272396493071995624598178043634151996703537409609669383472409"",""33660709303902550889114847329903470272005661839025690663793743220249962480206126627705593899971911399301293275776644239639981001098344680236095532650266947545079668107968049828881719461357203278608437024487640252574106617289153463939353540675795944938761128208514562261242468797925049810595500788838124246641438034194805555200""],""ok"":true,""upper"":[""31059426084074389407386838731619990574528434831331"",""1918220898996810080142336342940121463298411462656""]}","[""14463172333034505888549541528244716315657"",""893241213167463466591358344508391555072""]",A_r1_s31017_t4_factor,True,True,COMPLETE_SUCCESS,False,optimal,conic,6,32,True,45.782499997585546,80.87979099946097,80.88275000045542,1.0207892281195288e-06,False,False,NO_NEGATIVE_WITNESS_FOUND,16089/18014398509481984,True,True,0.05837500066263601,36.93833400029689,0.33233300200663507,2.6774579964694567,4.844709001190495,34.21841700037476,"[""0"",""1""]","{""axis"":null,""sign"":null}","{""lower"":[""545027033746651911036113093812756845300365884160580115096421740665535955553779996488259312910898163525540236805539296608631387786987005878551678012558693821491882685390623896922458676560915589621090950093859343878278267863729101943730307804775648497906486552035600113272396493071995624598178043634151996703537409609669383472409"",""33660709303902550889114847329903470272005661839025690663793743220249962480206126627705593899971911399301293275776644239639981001098344680236095532650266947545079668107968049828881719461357203278608437024487640252574106617289153463939353540675795944938761128208514562261242468797925049810595500788838124246641438034194805555200""],""ok"":true,""upper"":[""31059426084074389407386838731619990574528434831331"",""1918220898996810080142336342940121463298411462656""]}","[""14463172333034505888549541528244716315657"",""893241213167463466591358344508391555072""]",10.103790998982731,10.71345699892845
31017,5,0,31017_5,8c99f6df5781c529dd5c314232cd006d55b1881952ce252caf9b6178fc984f5f,fdd937a50ec8c4a28c62f2b1ec78ba15e46c7a39d0a01c699522bffc62cd1f36,39c75ee513e4a6561ba26d5df93519b85af6c42334b4156a9f8301ebc5e3b0b2,A_r0_s31017_t5_conic,True,True,COMPLETE_SUCCESS,False,optimal,conic,0,14,False,92.81524999823887,127.18137499905424,127.18370799848344,0.00010977254334087473,True,True,COLLISION_WITNESSED,161374249361/9007199254740992,True,True,0.06549999670824036,12.375958998745773,0.31833399407332763,76.478084003611,2.772709005512297,33.598333997360896,"[""3239037381649795281464741487"",""7764883315719934492685631488""]","{""axis"":1,""sign"":1}","{""lower"":[""1003649171622512900589343566151597248439970582898302635123796320859344665074814170879283339514248673242143000371832141206355099180408492891668888042883032683789896546422495848556865057013357824789567569357472170328989285898200369415510035194027318485314558441327598276795942366089144519638454792944673"",""61709757479760440048108852495371373484292523221348719094249902879813724292989561412569009805171601553228352186170804137156579262458982294454162234949212939528953997988235979694765267549804278524665080615881023444895851743868431883222418462823830150532066449775117186455794430430047770373030674432000""],""ok"":true,""upper"":[""278555422911785168699019880478683998341859283823"",""17126972312471518572699431633393941636592959488""]}","[""86177948560029701118154606720632272260752261469044867199"",""4945944027506491725008147255344302435110922786390933504""]",A_r0_s31017_t5_factor,True,True,COMPLETE_SUCCESS,False,optimal,conic,5,14,True,91.53354199952446,126.29124999511987,126.29416699928697,0.00010977254334087473,True,True,COLLISION_WITNESSED,161374249361/9007199254740992,True,True,0.0628749985480681,21.025542002462316,0.30266599787864834,66.08379100362072,2.8073749999748543,33.66524999728426,"[""3239037381649795281464741487"",""7764883315719934492685631488""]","{""axis"":1,""sign"":1}","{""lower"":[""1003649171622512900589343566151597248439970582898302635123796320859344665074814170879283339514248673242143000371832141206355099180408492891668888042883032683789896546422495848556865057013357824789567569357472170328989285898200369415510035194027318485314558441327598276795942366089144519638454792944673"",""61709757479760440048108852495371373484292523221348719094249902879813724292989561412569009805171601553228352186170804137156579262458982294454162234949212939528953997988235979694765267549804278524665080615881023444895851743868431883222418462823830150532066449775117186455794430430047770373030674432000""],""ok"":true,""upper"":[""278555422911785168699019880478683998341859283823"",""17126972312471518572699431633393941636592959488""]}","[""86177948560029701118154606720632272260752261469044867199"",""4945944027506491725008147255344302435110922786390933504""]",-1.2817079987144098,-0.8901250039343722
31017,5,1,31017_5,8c99f6df5781c529dd5c314232cd006d55b1881952ce252caf9b6178fc984f5f,fdd937a50ec8c4a28c62f2b1ec78ba15e46c7a39d0a01c699522bffc62cd1f36,39c75ee513e4a6561ba26d5df93519b85af6c42334b4156a9f8301ebc5e3b0b2,A_r1_s31017_t5_conic,True,True,COMPLETE_SUCCESS,False,optimal,conic,0,14,False,82.84458400157746,117.23645900201518,117.23945900303079,0.00010977254334087473,True,True,COLLISION_WITNESSED,161374249361/9007199254740992,True,True,0.06279200169956312,12.382291999529116,0.30450000485870987,66.28241599537432,2.8729170007864013,33.526125000207685,"[""3239037381649795281464741487"",""7764883315719934492685631488""]","{""axis"":1,""sign"":1}","{""lower"":[""1003649171622512900589343566151597248439970582898302635123796320859344665074814170879283339514248673242143000371832141206355099180408492891668888042883032683789896546422495848556865057013357824789567569357472170328989285898200369415510035194027318485314558441327598276795942366089144519638454792944673"",""61709757479760440048108852495371373484292523221348719094249902879813724292989561412569009805171601553228352186170804137156579262458982294454162234949212939528953997988235979694765267549804278524665080615881023444895851743868431883222418462823830150532066449775117186455794430430047770373030674432000""],""ok"":true,""upper"":[""278555422911785168699019880478683998341859283823"",""17126972312471518572699431633393941636592959488""]}","[""86177948560029701118154606720632272260752261469044867199"",""4945944027506491725008147255344302435110922786390933504""]",A_r1_s31017_t5_factor,True,True,COMPLETE_SUCCESS,False,optimal,conic,5,14,True,91.53033399343258,126.62724999972852,126.63045899535064,0.00010977254334087473,True,True,COLLISION_WITNESSED,161374249361/9007199254740992,True,True,0.06474999827332795,21.02470799582079,0.29924999398645014,66.30537500313949,2.6745830036816187,33.92333300143946,"[""3239037381649795281464741487"",""7764883315719934492685631488""]","{""axis"":1,""sign"":1}","{""lower"":[""1003649171622512900589343566151597248439970582898302635123796320859344665074814170879283339514248673242143000371832141206355099180408492891668888042883032683789896546422495848556865057013357824789567569357472170328989285898200369415510035194027318485314558441327598276795942366089144519638454792944673"",""61709757479760440048108852495371373484292523221348719094249902879813724292989561412569009805171601553228352186170804137156579262458982294454162234949212939528953997988235979694765267549804278524665080615881023444895851743868431883222418462823830150532066449775117186455794430430047770373030674432000""],""ok"":true,""upper"":[""278555422911785168699019880478683998341859283823"",""17126972312471518572699431633393941636592959488""]}","[""86177948560029701118154606720632272260752261469044867199"",""4945944027506491725008147255344302435110922786390933504""]",8.685749991855118,9.390790997713339
31017,6,0,31017_6,1fe5ba227abe8cf32d75f5e47d7149ee7fac52fa9b6b9edbde2d06eb8e5c30ae,fdd937a50ec8c4a28c62f2b1ec78ba15e46c7a39d0a01c699522bffc62cd1f36,39c75ee513e4a6561ba26d5df93519b85af6c42334b4156a9f8301ebc5e3b0b2,A_r0_s31017_t6_conic,True,True,COMPLETE_SUCCESS,False,optimal,conic,0,30,False,94.18566699605435,128.20866699621547,128.21162499312777,7.680483635480557e-06,True,True,COLLISION_WITNESSED,2381398581649/9007199254740992,True,True,0.0669169967295602,25.242542003979906,0.27583400515140966,65.01454200042645,2.7560420057852753,33.273041000938974,"[""177292898982350881136397045"",""242652603616247952896425984""]","{""axis"":1,""sign"":1}","{""lower"":[""20458799278068038555171841574600846976713255803935423154599215166920154572084069996379644044108653373492960748804302228837889884199887624077592709356944324581503784653969463314372480861746125465699192997833965490519270960428328077935854807250543800891112232264982081033426265400000483209346805377227891719083827918831"",""1256640710475591036743297345361297678035861443563600311020624010685216985638824986320477294129053970214954928016419135740432118834712286288156707030922826129439964585440250656669520560177137193396272292071845817742709556458184354094583213161679718547236636282659077141372499857627890798273413404671737274091524063232""],""ok"":true,""upper"":[""69709156158107722195067427068133631683713965457"",""4281743078117879643174857908348485409148239872""]}","[""11940902944491892177998837275380141195299518008541383"",""690003352051686903600466972006738620969715790512128""]",A_r0_s31017_t6_factor,True,True,COMPLETE_SUCCESS,False,optimal,conic,4,30,True,103.46587499952875,138.26629100367427,138.26904100278625,7.680483635480557e-06,True,True,COLLISION_WITNESSED,2381398581649/9007199254740992,True,True,0.06120800389908254,33.20858300139662,0.28270899929339066,65.92295799782733,2.7647089955280535,33.62750000087544,"[""177292898982350881136397045"",""242652603616247952896425984""]","{""axis"":1,""sign"":1}","{""lower"":[""20458799278068038555171841574600846976713255803935423154599215166920154572084069996379644044108653373492960748804302228837889884199887624077592709356944324581503784653969463314372480861746125465699192997833965490519270960428328077935854807250543800891112232264982081033426265400000483209346805377227891719083827918831"",""1256640710475591036743297345361297678035861443563600311020624010685216985638824986320477294129053970214954928016419135740432118834712286288156707030922826129439964585440250656669520560177137193396272292071845817742709556458184354094583213161679718547236636282659077141372499857627890798273413404671737274091524063232""],""ok"":true,""upper"":[""69709156158107722195067427068133631683713965457"",""4281743078117879643174857908348485409148239872""]}","[""11940902944491892177998837275380141195299518008541383"",""690003352051686903600466972006738620969715790512128""]",9.2802080034744,10.057624007458799
31017,6,1,31017_6,1fe5ba227abe8cf32d75f5e47d7149ee7fac52fa9b6b9edbde2d06eb8e5c30ae,fdd937a50ec8c4a28c62f2b1ec78ba15e46c7a39d0a01c699522bffc62cd1f36,39c75ee513e4a6561ba26d5df93519b85af6c42334b4156a9f8301ebc5e3b0b2,A_r1_s31017_t6_conic,True,True,COMPLETE_SUCCESS,False,optimal,conic,0,30,False,96.1480410041986,131.10012499964796,131.10520799818914,7.680483635480557e-06,True,True,COLLISION_WITNESSED,2381398581649/9007199254740992,True,True,0.07891600398579612,25.356459002068732,0.32825000380398706,66.69483299629064,2.8757499967468902,34.15704199869651,"[""177292898982350881136397045"",""242652603616247952896425984""]","{""axis"":1,""sign"":1}","{""lower"":[""20458799278068038555171841574600846976713255803935423154599215166920154572084069996379644044108653373492960748804302228837889884199887624077592709356944324581503784653969463314372480861746125465699192997833965490519270960428328077935854807250543800891112232264982081033426265400000483209346805377227891719083827918831"",""1256640710475591036743297345361297678035861443563600311020624010685216985638824986320477294129053970214954928016419135740432118834712286288156707030922826129439964585440250656669520560177137193396272292071845817742709556458184354094583213161679718547236636282659077141372499857627890798273413404671737274091524063232""],""ok"":true,""upper"":[""69709156158107722195067427068133631683713965457"",""4281743078117879643174857908348485409148239872""]}","[""11940902944491892177998837275380141195299518008541383"",""690003352051686903600466972006738620969715790512128""]",A_r1_s31017_t6_factor,True,True,COMPLETE_SUCCESS,False,optimal,conic,4,30,True,104.93270800361643,139.81208300538128,139.81587500165915,7.680483635480557e-06,True,True,COLLISION_WITNESSED,2381398581649/9007199254740992,True,True,0.0670830049784854,33.26783399825217,0.34279199462616816,67.20679199497681,2.8817920028814115,33.77958299824968,"[""177292898982350881136397045"",""242652603616247952896425984""]","{""axis"":1,""sign"":1}","{""lower"":[""20458799278068038555171841574600846976713255803935423154599215166920154572084069996379644044108653373492960748804302228837889884199887624077592709356944324581503784653969463314372480861746125465699192997833965490519270960428328077935854807250543800891112232264982081033426265400000483209346805377227891719083827918831"",""1256640710475591036743297345361297678035861443563600311020624010685216985638824986320477294129053970214954928016419135740432118834712286288156707030922826129439964585440250656669520560177137193396272292071845817742709556458184354094583213161679718547236636282659077141372499857627890798273413404671737274091524063232""],""ok"":true,""upper"":[""69709156158107722195067427068133631683713965457"",""4281743078117879643174857908348485409148239872""]}","[""11940902944491892177998837275380141195299518008541383"",""690003352051686903600466972006738620969715790512128""]",8.784666999417823,8.711958005733322
31017,7,0,31017_7,0e86f5d4b0e11992ec3c6369e9aa01615f45c48e3d9d3a4daea4b14cb9c798ea,fdd937a50ec8c4a28c62f2b1ec78ba15e46c7a39d0a01c699522bffc62cd1f36,39c75ee513e4a6561ba26d5df93519b85af6c42334b4156a9f8301ebc5e3b0b2,A_r0_s31017_t7_conic,True,True,COMPLETE_SUCCESS,False,optimal,conic,0,30,False,89.15104199695634,123.40074999519857,123.4035839952412,9.742836794169976e-06,True,True,COLLISION_WITNESSED,651959598809/18014398509481984,True,True,0.06895899423398077,25.366957997903228,0.2924170039477758,59.91570799960755,2.692000001843553,33.40645800199127,"[""175994796094290464977976823"",""242652603616247952896425984""]","{""axis"":1,""sign"":1}","{""lower"":[""1933360385997742677624375620513071030788345665705643897097385370814102489520397645468920435465092880258117554269955922698706354321784415335967342630939527218717320461472497747526982463882390792201128744932881985897584527276347948298943763481068663650813969419675062550628699680840204335458877064666927339424197149865"",""119531777617190584541504129665384807636794420744463138690831675555786726270663006094479860875928401535108652051089042429010710063160657559428328675701935018470953954465761641893072571401278259526686887818647667551220949798985543421919823111102393081827662212702345396329754939912119205147589158832511694641284775936""],""ok"":true,""upper"":[""969568146846045943736052478365537524368102245263"",""59944403093650315004448010716878795728075358208""]}","[""42099886586709558433712169405907277679717938554737673"",""2415011732180904162601634402023585173394005266792448""]",A_r0_s31017_t7_factor,True,True,COMPLETE_SUCCESS,False,stationary,factor,4,0,False,25.27399999962654,57.124540995573625,57.12691599910613,1.501238771418205e-08,False,False,NO_NEGATIVE_WITNESS_FOUND,-295/18014398509481984,True,True,0.0698750009178184,4.783333002706058,0.19516700558597222,2.6272079994669184,17.055291005817708,31.297166999138426,"[""0"",""1""]","{""axis"":null,""sign"":null}","{""lower"":[""15896875648348371837075430075028611086737338899396556237850722780064075764020407314961557116484136343560555579461803639572632874321632490780586059559210602922440834358423396705547240344654800069396711938569937985002316715488577813888943617253024722183700371984852797921530918728176992628457689146163408001380655437887849118375731946445037316351333"",""982838314143717675845842181313230599574232525193804390234653876998695561718034157273981425447084680172209753537754396110628824722668226212761984956598011878054449863876847947304113828021640735908633566421956809891845646681618015187487466810858174435887026737214524414677121012711373705813231524951870996097941492616740329906861445226186607165440""],""ok"":true,""upper"":[""94555979252040652428025839457743491304717781247509"",""5846006549323611672814739330865132078623730171904""]}","[""28895382482629119491154308031952632742819"",""1786482426334926933182716689016783110144""]",-63.8770419973298,-66.27620899962494
31017,7,1,31017_7,0e86f5d4b0e11992ec3c6369e9aa01615f45c48e3d9d3a4daea4b14cb9c798ea,fdd937a50ec8c4a28c62f2b1ec78ba15e46c7a39d0a01c699522bffc62cd1f36,39c75ee513e4a6561ba26d5df93519b85af6c42334b4156a9f8301ebc5e3b0b2,A_r1_s31017_t7_conic,True,True,COMPLETE_SUCCESS,False,optimal,conic,0,30,False,91.53883399994811,126.55029199959245,126.55624999752035,9.742836794169976e-06,True,True,COLLISION_WITNESSED,651959598809/18014398509481984,True,True,0.07829199603293091,25.8467079984257,0.31112499709706753,61.377208003250416,3.107958000327926,34.22675000183517,"[""175994796094290464977976823"",""242652603616247952896425984""]","{""axis"":1,""sign"":1}","{""lower"":[""1933360385997742677624375620513071030788345665705643897097385370814102489520397645468920435465092880258117554269955922698706354321784415335967342630939527218717320461472497747526982463882390792201128744932881985897584527276347948298943763481068663650813969419675062550628699680840204335458877064666927339424197149865"",""119531777617190584541504129665384807636794420744463138690831675555786726270663006094479860875928401535108652051089042429010710063160657559428328675701935018470953954465761641893072571401278259526686887818647667551220949798985543421919823111102393081827662212702345396329754939912119205147589158832511694641284775936""],""ok"":true,""upper"":[""969568146846045943736052478365537524368102245263"",""59944403093650315004448010716878795728075358208""]}","[""42099886586709558433712169405907277679717938554737673"",""2415011732180904162601634402023585173394005266792448""]",A_r1_s31017_t7_factor,True,True,COMPLETE_SUCCESS,False,stationary,factor,4,0,False,24.382374998822343,58.45454199879896,58.457375002035405,1.501238771418205e-08,False,False,NO_NEGATIVE_WITNESS_FOUND,-295/18014398509481984,True,True,0.0770839978940785,5.031833999964874,0.20479199883993715,3.0078750060056336,15.470082995307166,33.488875000330154,"[""0"",""1""]","{""axis"":null,""sign"":null}","{""lower"":[""15896875648348371837075430075028611086737338899396556237850722780064075764020407314961557116484136343560555579461803639572632874321632490780586059559210602922440834358423396705547240344654800069396711938569937985002316715488577813888943617253024722183700371984852797921530918728176992628457689146163408001380655437887849118375731946445037316351333"",""982838314143717675845842181313230599574232525193804390234653876998695561718034157273981425447084680172209753537754396110628824722668226212761984956598011878054449863876847947304113828021640735908633566421956809891845646681618015187487466810858174435887026737214524414677121012711373705813231524951870996097941492616740329906861445226186607165440""],""ok"":true,""upper"":[""94555979252040652428025839457743491304717781247509"",""5846006549323611672814739330865132078623730171904""]}","[""28895382482629119491154308031952632742819"",""1786482426334926933182716689016783110144""]",-67.15645900112577,-68.09575000079349
31018,0,0,31018_0,f10adc6b9c61b9e5c3ce240d7decd04c8d36fc5611671073134f5b3cf2a825b6,fdd937a50ec8c4a28c62f2b1ec78ba15e46c7a39d0a01c699522bffc62cd1f36,39c75ee513e4a6561ba26d5df93519b85af6c42334b4156a9f8301ebc5e3b0b2,A_r0_s31018_t0_conic,True,True,COMPLETE_SUCCESS,False,optimal,conic,0,15,False,104.75545799999963,138.88699999370147,138.88987499376526,0.0001331920179474054,False,False,NO_NEGATIVE_WITNESS_FOUND,32077096351643/18014398509481984,True,True,32.77479099779157,65.81658399954904,0.2743340010056272,2.802582996082492,2.5125000029220246,33.6094160011271,"[""0"",""1""]","{""axis"":null,""sign"":null}","{""lower"":[""4434473160628559458685127147612938492727220245002588192888196779323299204922150073518582060244461506195862694865037218626195126310925677300948984030151798577085494349761522011472687498889370397544687411091176335566374409302481129685780127223218695408114296008291300314842723990611399969723127990038023"",""277156878884049084897457520218119750387716308694408371185414960063177989828341429575016206299278194474319806474716519775304259912650921693973269701824786570739897851709105826847732737372295526246239880288399602786967875456039383148022438958745973180090931329400701342414445265033523823122566168444928""],""ok"":true,""upper"":[""79925871036073752383220945961885821344664855579"",""4995366924470859583704000893073232977339613184""]}","[""79925870813061588971748884279470151605250523649"",""4995366924470859583704000893073232977339613184""]",A_r0_s31018_t0_factor,True,True,COMPLETE_SUCCESS,False,optimal,conic,0,15,True,80.77337499707937,115.1846659995499,115.18775000149617,0.0001331920179474054,False,False,NO_NEGATIVE_WITNESS_FOUND,32077096351643/18014398509481984,True,True,32.77433299808763,41.662291005195584,0.38137499359436333,2.6945419958792627,2.5741669960552827,33.7125419973745,"[""0"",""1""]","{""axis"":null,""sign"":null}","{""lower"":[""4434473160628559458685127147612938492727220245002588192888196779323299204922150073518582060244461506195862694865037218626195126310925677300948984030151798577085494349761522011472687498889370397544687411091176335566374409302481129685780127223218695408114296008291300314842723990611399969723127990038023"",""277156878884049084897457520218119750387716308694408371185414960063177989828341429575016206299278194474319806474716519775304259912650921693973269701824786570739897851709105826847732737372295526246239880288399602786967875456039383148022438958745973180090931329400701342414445265033523823122566168444928""],""ok"":true,""upper"":[""79925871036073752383220945961885821344664855579"",""4995366924470859583704000893073232977339613184""]}","[""79925870813061588971748884279470151605250523649"",""4995366924470859583704000893073232977339613184""]",-23.982083002920263,-23.70233399415156
31018,0,1,31018_0,f10adc6b9c61b9e5c3ce240d7decd04c8d36fc5611671073134f5b3cf2a825b6,fdd937a50ec8c4a28c62f2b1ec78ba15e46c7a39d0a01c699522bffc62cd1f36,39c75ee513e4a6561ba26d5df93519b85af6c42334b4156a9f8301ebc5e3b0b2,A_r1_s31018_t0_conic,True,True,COMPLETE_SUCCESS,False,optimal,conic,0,15,False,79.44837499962887,113.73341699800221,113.73625000123866,0.0001331920179474054,False,False,NO_NEGATIVE_WITNESS_FOUND,32077096351643/18014398509481984,True,True,33.41866700066021,39.64058400015347,0.30216600134735927,2.771000006760005,2.7345830021658912,33.69850000308361,"[""0"",""1""]","{""axis"":null,""sign"":null}","{""lower"":[""4434473160628559458685127147612938492727220245002588192888196779323299204922150073518582060244461506195862694865037218626195126310925677300948984030151798577085494349761522011472687498889370397544687411091176335566374409302481129685780127223218695408114296008291300314842723990611399969723127990038023"",""277156878884049084897457520218119750387716308694408371185414960063177989828341429575016206299278194474319806474716519775304259912650921693973269701824786570739897851709105826847732737372295526246239880288399602786967875456039383148022438958745973180090931329400701342414445265033523823122566168444928""],""ok"":true,""upper"":[""79925871036073752383220945961885821344664855579"",""4995366924470859583704000893073232977339613184""]}","[""79925870813061588971748884279470151605250523649"",""4995366924470859583704000893073232977339613184""]",A_r1_s31018_t0_factor,True,True,COMPLETE_SUCCESS,False,optimal,conic,0,15,True,111.28208399895811,146.2998749993858,146.30266699532513,0.0001331920179474054,False,False,NO_NEGATIVE_WITNESS_FOUND,32077096351643/18014398509481984,True,True,62.189625001337845,42.56358300335705,0.32087499857880175,2.8880419995402917,2.6230000003124587,34.33670799859101,"[""0"",""1""]","{""axis"":null,""sign"":null}","{""lower"":[""4434473160628559458685127147612938492727220245002588192888196779323299204922150073518582060244461506195862694865037218626195126310925677300948984030151798577085494349761522011472687498889370397544687411091176335566374409302481129685780127223218695408114296008291300314842723990611399969723127990038023"",""277156878884049084897457520218119750387716308694408371185414960063177989828341429575016206299278194474319806474716519775304259912650921693973269701824786570739897851709105826847732737372295526246239880288399602786967875456039383148022438958745973180090931329400701342414445265033523823122566168444928""],""ok"":true,""upper"":[""79925871036073752383220945961885821344664855579"",""4995366924470859583704000893073232977339613184""]}","[""79925870813061588971748884279470151605250523649"",""4995366924470859583704000893073232977339613184""]",31.833708999329247,32.56645800138358
31018,1,0,31018_1,5ab4154616fa49321315198f66e2ecd8d7e5a0bde9a4e2bf83f904a99f3d165c,fdd937a50ec8c4a28c62f2b1ec78ba15e46c7a39d0a01c699522bffc62cd1f36,39c75ee513e4a6561ba26d5df93519b85af6c42334b4156a9f8301ebc5e3b0b2,A_r0_s31018_t1_conic,True,True,COMPLETE_SUCCESS,False,optimal,conic,0,36,False,36.391417001141235,76.1625000013737,76.16479200078174,2.1763496567962396e-05,False,False,NO_NEGATIVE_WITNESS_FOUND,23650997/18014398509481984,True,True,0.07829200330888852,29.230874999484513,0.3258340002503246,2.685749997908715,3.512250004860107,39.180583000415936,"[""0"",""1""]","{""axis"":null,""sign"":null}","{""lower"":[""162284981211980061983259900128765568289608368642302744349167185406202969921205146911793483413628360233337418011260859737594325481032283572105581528335841700453280799542390617380598888692226521573196523480388305386351549671319914383641227051055372122819663408880674201306221142093819284756928740860602082988671291"",""10142493390557092003501345643901503868769867668046323848836623848616284620570321673083733266635923674107991121429350468154509051915729936140189724332530884778552271398068716117484549543860360324177313305879755848356402808210903002264963235739123288460396142247574161024361399977027406816460684075317752739397632""],""ok"":true,""upper"":[""19982121233063133317570837615350841113419461361"",""1248841731117714895926000223268308244334903296""]}","[""3746647729783636908817831963743081541392927643"",""234157824584571542986125041862807795812794368""]",A_r0_s31018_t1_factor,True,True,COMPLETE_SUCCESS,False,optimal,conic,3,36,True,43.50495799735654,78.06612499553012,78.0687919977936,2.1763496567962396e-05,False,False,NO_NEGATIVE_WITNESS_FOUND,23650997/18014398509481984,True,True,0.07279199780896306,36.195291999320034,0.29358299798332155,2.750916995864827,3.3130419978988357,33.64633299497655,"[""0"",""1""]","{""axis"":null,""sign"":null}","{""lower"":[""162284981211980061983259900128765568289608368642302744349167185406202969921205146911793483413628360233337418011260859737594325481032283572105581528335841700453280799542390617380598888692226521573196523480388305386351549671319914383641227051055372122819663408880674201306221142093819284756928740860602082988671291"",""10142493390557092003501345643901503868769867668046323848836623848616284620570321673083733266635923674107991121429350468154509051915729936140189724332530884778552271398068716117484549543860360324177313305879755848356402808210903002264963235739123288460396142247574161024361399977027406816460684075317752739397632""],""ok"":true,""upper"":[""19982121233063133317570837615350841113419461361"",""1248841731117714895926000223268308244334903296""]}","[""3746647729783636908817831963743081541392927643"",""234157824584571542986125041862807795812794368""]",7.113540996215306,1.9036249941564165
31018,1,1,31018_1,5ab4154616fa49321315198f66e2ecd8d7e5a0bde9a4e2bf83f904a99f3d165c,fdd937a50ec8c4a28c62f2b1ec78ba15e46c7a39d0a01c699522bffc62cd1f36,39c75ee513e4a6561ba26d5df93519b85af6c42334b4156a9f8301ebc5e3b0b2,A_r1_s31018_t1_conic,True,True,COMPLETE_SUCCESS,False,optimal,conic,0,36,False,36.78133300127229,71.72720800008392,71.72966600046493,2.1763496567962396e-05,False,False,NO_NEGATIVE_WITNESS_FOUND,23650997/18014398509481984,True,True,0.06329099414870143,29.630750002979767,0.2970830028061755,2.7116249984828755,3.5291669992147945,34.369500004686415,"[""0"",""1""]","{""axis"":null,""sign"":null}","{""lower"":[""162284981211980061983259900128765568289608368642302744349167185406202969921205146911793483413628360233337418011260859737594325481032283572105581528335841700453280799542390617380598888692226521573196523480388305386351549671319914383641227051055372122819663408880674201306221142093819284756928740860602082988671291"",""10142493390557092003501345643901503868769867668046323848836623848616284620570321673083733266635923674107991121429350468154509051915729936140189724332530884778552271398068716117484549543860360324177313305879755848356402808210903002264963235739123288460396142247574161024361399977027406816460684075317752739397632""],""ok"":true,""upper"":[""19982121233063133317570837615350841113419461361"",""1248841731117714895926000223268308244334903296""]}","[""3746647729783636908817831963743081541392927643"",""234157824584571542986125041862807795812794368""]",A_r1_s31018_t1_factor,True,True,COMPLETE_SUCCESS,False,optimal,conic,3,36,True,44.22866700042505,79.08708399918396,79.08962500368943,2.1763496567962396e-05,False,False,NO_NEGATIVE_WITNESS_FOUND,23650997/18014398509481984,True,True,0.06008399941492826,36.80404199985787,0.30141699971864,2.8229999952600338,3.3562499957042746,33.94874999503372,"[""0"",""1""]","{""axis"":null,""sign"":null}","{""lower"":[""162284981211980061983259900128765568289608368642302744349167185406202969921205146911793483413628360233337418011260859737594325481032283572105581528335841700453280799542390617380598888692226521573196523480388305386351549671319914383641227051055372122819663408880674201306221142093819284756928740860602082988671291"",""10142493390557092003501345643901503868769867668046323848836623848616284620570321673083733266635923674107991121429350468154509051915729936140189724332530884778552271398068716117484549543860360324177313305879755848356402808210903002264963235739123288460396142247574161024361399977027406816460684075317752739397632""],""ok"":true,""upper"":[""19982121233063133317570837615350841113419461361"",""1248841731117714895926000223268308244334903296""]}","[""3746647729783636908817831963743081541392927643"",""234157824584571542986125041862807795812794368""]",7.447333999152761,7.359875999100041
31018,2,0,31018_2,f49654bf5727ddd94e4f9a400412668456fcb9b43ff0433a3f0983433cb6be46,fdd937a50ec8c4a28c62f2b1ec78ba15e46c7a39d0a01c699522bffc62cd1f36,39c75ee513e4a6561ba26d5df93519b85af6c42334b4156a9f8301ebc5e3b0b2,A_r0_s31018_t2_conic,True,True,COMPLETE_SUCCESS,False,optimal,conic,0,32,False,33.89208300359314,68.19450000330107,68.19741600338602,6.585038243126618e-06,False,False,NO_NEGATIVE_WITNESS_FOUND,22405813/18014398509481984,True,True,0.08145799802150577,26.58770899870433,0.30804100242676213,2.6131670019822195,3.7514580035349354,33.72108400071738,"[""0"",""1""]","{""axis"":null,""sign"":null}","{""lower"":[""169893825826181416238015452567152069670861215778174404614046280379222332331475916049733497221449457774590912273844194516813902322170759478044793044686088432121885644416121397704316976960888770949269971594585245520358990351692545831728703004296345961438553386562193237153828240548235971472992189044886887028653611669"",""10614657379085051105059246073354929207295209046922040690790947327348266110410858820408121755283295836296166412008487973623412354964414013690501520805576039825561667768016394078672016642272409321188679887708541038538305150970884822295714687009150244045074064228851569502967829677917569108216046187784374805174681600""],""ok"":true,""upper"":[""30702264778899184501657836034705554527902195132111"",""1918220898996810080142336342940121463298411462656""]}","[""29279961370984007705891732552475310924987811"",""1829358004566965179579101889553185904787456""]",A_r0_s31018_t2_factor,True,True,COMPLETE_SUCCESS,False,stationary,factor,4,0,False,69.63104100577766,102.74725000635954,102.75020800327184,1.5236365626096816e-08,True,True,COLLISION_WITNESSED,1781608398635/4503599627370496,True,True,0.06645800021942705,5.271833004371729,0.18195799930253997,60.57166699611116,2.770708997559268,32.35691699956078,"[""1425006321233386113314378199"",""1941220828929983623171407872""]","{""axis"":1,""sign"":1}","{""lower"":[""627972646289398380919362267222249271073656056277381059485587069439769960767072988564877820408657250857480165515057575735706700690674829084479423415415167661440829113578556098034186921913441985682737894409902270964691036393642580837382244123911045443887212838302057687623461351775444956775751625112630313344191871056377398953662594019751664719985051"",""39234573219278444995079176614546804331888917019965424978702579110267239317882812760272007459209727887346719313213261966193620450081802018847938832650924666286783476508433328403833330590939132092576390326698751140687484740894306959539706363864313521299311749812082432463142631844596021696823425107443104586967503531426085613259049503281332889845760""],""ok"":true,""upper"":[""263730446231461386756356298045859161479788279404350368905757"",""16477392055390037005068947235920124342268683041718090596352""]}","[""1868125789036017389050172628430726922801231477197988663"",""103040500573051910937669734486339634064810891383144448""]",35.73895800218452,34.55275000305846
31018,2,1,31018_2,f49654bf5727ddd94e4f9a400412668456fcb9b43ff0433a3f0983433cb6be46,fdd937a50ec8c4a28c62f2b1ec78ba15e46c7a39d0a01c699522bffc62cd1f36,39c75ee513e4a6561ba26d5df93519b85af6c42334b4156a9f8301ebc5e3b0b2,A_r1_s31018_t2_conic,True,True,COMPLETE_SUCCESS,False,optimal,conic,0,32,False,34.25641599460505,69.02049999916926,69.0232909983024,6.585038243126618e-06,False,False,NO_NEGATIVE_WITNESS_FOUND,22405813/18014398509481984,True,True,0.0690829983795993,26.943582997773774,0.3092499973718077,2.717291994486004,3.6622919942601584,34.18308300024364,"[""0"",""1""]","{""axis"":null,""sign"":null}","{""lower"":[""169893825826181416238015452567152069670861215778174404614046280379222332331475916049733497221449457774590912273844194516813902322170759478044793044686088432121885644416121397704316976960888770949269971594585245520358990351692545831728703004296345961438553386562193237153828240548235971472992189044886887028653611669"",""10614657379085051105059246073354929207295209046922040690790947327348266110410858820408121755283295836296166412008487973623412354964414013690501520805576039825561667768016394078672016642272409321188679887708541038538305150970884822295714687009150244045074064228851569502967829677917569108216046187784374805174681600""],""ok"":true,""upper"":[""30702264778899184501657836034705554527902195132111"",""1918220898996810080142336342940121463298411462656""]}","[""29279961370984007705891732552475310924987811"",""1829358004566965179579101889553185904787456""]",A_r1_s31018_t2_factor,True,True,COMPLETE_SUCCESS,False,stationary,factor,4,0,False,70.17774999985704,103.69612499926006,103.69870800059289,1.5236365626096816e-08,True,True,COLLISION_WITNESSED,1781608398635/4503599627370496,True,True,0.0687080028001219,4.8524159938097,0.21795800421386957,61.36804199923063,2.85762500425335,32.76025000377558,"[""1425006321233386113314378199"",""1941220828929983623171407872""]","{""axis"":1,""sign"":1}","{""lower"":[""627972646289398380919362267222249271073656056277381059485587069439769960767072988564877820408657250857480165515057575735706700690674829084479423415415167661440829113578556098034186921913441985682737894409902270964691036393642580837382244123911045443887212838302057687623461351775444956775751625112630313344191871056377398953662594019751664719985051"",""39234573219278444995079176614546804331888917019965424978702579110267239317882812760272007459209727887346719313213261966193620450081802018847938832650924666286783476508433328403833330590939132092576390326698751140687484740894306959539706363864313521299311749812082432463142631844596021696823425107443104586967503531426085613259049503281332889845760""],""ok"":true,""upper"":[""263730446231461386756356298045859161479788279404350368905757"",""16477392055390037005068947235920124342268683041718090596352""]}","[""1868125789036017389050172628430726922801231477197988663"",""103040500573051910937669734486339634064810891383144448""]",35.92133400525199,34.675625000090804
31018,3,0,31018_3,fe41ad3e71bd4764979c6c14ee7caac2809663adfa35f3e87abe682e34a668ae,fdd937a50ec8c4a28c62f2b1ec78ba15e46c7a39d0a01c699522bffc62cd1f36,39c75ee513e4a6561ba26d5df93519b85af6c42334b4156a9f8301ebc5e3b0b2,A_r0_s31018_t3_conic,True,True,COMPLETE_SUCCESS,False,optimal,conic,0,30,False,32.53433299687458,66.59908299479866,66.60204099898692,2.8111478113687068e-05,False,False,NO_NEGATIVE_WITNESS_FOUND,35447477/18014398509481984,True,True,0.05833299655932933,25.276416003180202,0.30233299912652,2.6616670002113096,3.7017499998910353,33.528915999340825,"[""0"",""1""]","{""axis"":null,""sign"":null}","{""lower"":[""852619916571576435804481923832426820603120479558894683202614840612268263781316839114923154809726842985593972506355765930194190493774117353114101686314825462364672604877623674193978651682980544084997936239708526893618528110128186997097197014412609903263621383676391986619314379692229452724908129157286369462159"",""53253928398899175127855307753899109116926095913251411033614360573961325808086947625906146163552457629177023906865093801578767924860376804729921546684230338196684457574844426226366387310655352126183644689083466060457982453964636779481256151507250702955117925441029241210739409441089367143202919076469009285120""],""ok"":true,""upper"":[""29991849451796136156038619862432781329172989489"",""1873262596676572343889000334902462366502354944""]}","[""7322228866177423449713992557420854514265279"",""457339501141741294894775472388296476196864""]",A_r0_s31018_t3_factor,True,True,COMPLETE_SUCCESS,False,stationary,factor,4,0,False,78.45091600029264,123.38933299906785,123.39266599883558,1.5369243575962735e-08,True,True,NO_NEGATIVE_WITNESS_FOUND,420907745067/4503599627370496,True,True,0.06820799899287522,5.04591700155288,0.2074169970001094,69.44687500072177,2.8549580019898713,43.956125002296176,"[""22434064569675042540306262245"",""31059533262879737970742525952""]","{""axis"":1,""sign"":1}","{""lower"":[""435147473621593272591300473422522590385888770006957619634698967086385621406031735228666044414229849493372410386230869748814342224115897326091346951113901974310355181091942165934469977865388536090563205708999112651073416368978263191919373764313302227696369526150080881673373654999212312425335716779693442401283437536298243055008806951797456198793333"",""27178900355189855176889114955490552510587631467469755215166679808404794657155358655688949178413711149005497869361816294573498069331849637365233949172783793215044703352029158762642966655811766326745897028316040521494235899613585797700069400222500967475016393540702026921311818986905757893090550923989486323052491372648658234039378664912796768010240""],""ok"":true,""upper"":[""684892766408696365132594884125455124527125742912102795050062616833719275852429417637136717581"",""42777755503024207811637359456596941382080836266984661263358949436442007295030070829851344896""]}","[""1425061096745215188895979573458499701510840395891465530759"",""79135104440103867600130356085508838961774764582254936064""]",45.916583003418054,56.79025000426918
31018,3,1,31018_3,fe41ad3e71bd4764979c6c14ee7caac2809663adfa35f3e87abe682e34a668ae,fdd937a50ec8c4a28c62f2b1ec78ba15e46c7a39d0a01c699522bffc62cd1f36,39c75ee513e4a6561ba26d5df93519b85af6c42334b4156a9f8301ebc5e3b0b2,A_r1_s31018_t3_conic,True,True,COMPLETE_SUCCESS,False,optimal,conic,0,30,False,32.69154200097546,67.52829199831467,67.5338750006631,2.8111478113687068e-05,False,False,NO_NEGATIVE_WITNESS_FOUND,35447477/18014398509481984,True,True,0.06508400110760704,25.549707999743987,0.29716699646087363,2.662958999280818,3.539790996001102,34.26529200078221,"[""0"",""1""]","{""axis"":null,""sign"":null}","{""lower"":[""852619916571576435804481923832426820603120479558894683202614840612268263781316839114923154809726842985593972506355765930194190493774117353114101686314825462364672604877623674193978651682980544084997936239708526893618528110128186997097197014412609903263621383676391986619314379692229452724908129157286369462159"",""53253928398899175127855307753899109116926095913251411033614360573961325808086947625906146163552457629177023906865093801578767924860376804729921546684230338196684457574844426226366387310655352126183644689083466060457982453964636779481256151507250702955117925441029241210739409441089367143202919076469009285120""],""ok"":true,""upper"":[""29991849451796136156038619862432781329172989489"",""1873262596676572343889000334902462366502354944""]}","[""7322228866177423449713992557420854514265279"",""457339501141741294894775472388296476196864""]",A_r1_s31018_t3_factor,True,True,COMPLETE_SUCCESS,False,stationary,factor,4,0,False,82.19237499724841,128.4172919986304,128.42033399647335,1.5369243575962735e-08,True,True,NO_NEGATIVE_WITNESS_FOUND,420907745067/4503599627370496,True,True,0.07954199827509001,5.281833000481129,0.19720899581443518,72.91204100329196,2.8984579985262826,45.39991700585233,"[""22434064569675042540306262245"",""31059533262879737970742525952""]","{""axis"":1,""sign"":1}","{""lower"":[""435147473621593272591300473422522590385888770006957619634698967086385621406031735228666044414229849493372410386230869748814342224115897326091346951113901974310355181091942165934469977865388536090563205708999112651073416368978263191919373764313302227696369526150080881673373654999212312425335716779693442401283437536298243055008806951797456198793333"",""27178900355189855176889114955490552510587631467469755215166679808404794657155358655688949178413711149005497869361816294573498069331849637365233949172783793215044703352029158762642966655811766326745897028316040521494235899613585797700069400222500967475016393540702026921311818986905757893090550923989486323052491372648658234039378664912796768010240""],""ok"":true,""upper"":[""684892766408696365132594884125455124527125742912102795050062616833719275852429417637136717581"",""42777755503024207811637359456596941382080836266984661263358949436442007295030070829851344896""]}","[""1425061096745215188895979573458499701510840395891465530759"",""79135104440103867600130356085508838961774764582254936064""]",49.50083299627295,60.88900000031572
31018,4,0,31018_4,ffba0f72d451be276dc66f547726a0f3e10e27b008ca07df2e436ac2be36b608,fdd937a50ec8c4a28c62f2b1ec78ba15e46c7a39d0a01c699522bffc62cd1f36,39c75ee513e4a6561ba26d5df93519b85af6c42334b4156a9f8301ebc5e3b0b2,A_r0_s31018_t4_conic,True,True,COMPLETE_SUCCESS,False,optimal,conic,0,27,False,30.413958003919106,64.16595799964853,64.16829200315988,2.067380083116829e-05,False,False,NO_NEGATIVE_WITNESS_FOUND,68821685/18014398509481984,True,True,0.062083003285806626,23.30120799888391,0.3019159994437359,2.690374996745959,3.5241250006947666,33.18641700025182,"[""0"",""1""]","{""axis"":null,""sign"":null}","{""lower"":[""13582032299272985109953990383798986291312683946834182825569293054853345475831665997557553314872552944087066546103955893527442555507528002786060287797218294741308786579656871750852446830062048294646254476295106499493995496297774759667583587310849292155364561333001695222810616180566919217593390486531560675008497"",""848301893402774602151934436872886821432979077881576958335960285892838769436692666081495859889546972474281178141419203261483361116303540005893531594798322456325814703811184638755901164407397939798738284982736349577290725068726381016078132438472074740964737862305380104257868561504820132073834293473766927237120""],""ok"":true,""upper"":[""15356191027610138230034445422975797234210131930833"",""959110449498405040071168171470060731649205731328""]}","[""9763203316175255858637594218979291951009597"",""609786001522321726526367296517728634929152""]",A_r0_s31018_t4_factor,True,True,COMPLETE_SUCCESS,False,stationary,factor,4,0,False,82.53025000158232,138.82479200401576,138.82779200503137,1.55355634024902e-08,True,True,NO_NEGATIVE_WITNESS_FOUND,2214715584299/4503599627370496,True,True,0.07391699909931049,5.098707995784935,0.1950410005520098,73.61320800555404,2.802625000185799,55.41041599644814,"[""44263499754184371096676960149"",""62119066525759475941485051904""]","{""axis"":1,""sign"":1}","{""lower"":[""3610659996129186599398010774138241875145771183667352477466098024146362973765304676977589349909886339136868263605291294704380122079576465904250637762651997884040441033065519749534060827641021934074955701270394084389704736988490089962228233034157013237914353881289628256377679308204916035591717593110904578965990489878903507352621486225385113611461"",""225513067091562387615206736281392553749875055723096448507252505958979523413415923734415523629143335535621060789370618291937335604348532611319905885206724428408911019918824970015681386970603468446559476566777897093286513111985415801987512039731258134188577954229384967876708510782878476639174468997950285521188454880790240153474118301022173528064""],""ok"":true,""upper"":[""477311913488959681374291360987177643512747661038157082933004364323278996963999918260165829647459736033395675069866125090643751660927093"",""29811744551187001370187109307906435979348571434440779816232996450768408301526086698925804814431708743703150300257011204305130144923648""]}","[""5681723065223995755979925562573583398666149026451377902391"",""316540417760415470400521424342035355847099058329019744256""]",52.11629199766321,74.65883400436724
31018,4,1,31018_4,ffba0f72d451be276dc66f547726a0f3e10e27b008ca07df2e436ac2be36b608,fdd937a50ec8c4a28c62f2b1ec78ba15e46c7a39d0a01c699522bffc62cd1f36,39c75ee513e4a6561ba26d5df93519b85af6c42334b4156a9f8301ebc5e3b0b2,A_r1_s31018_t4_conic,True,True,COMPLETE_SUCCESS,False,optimal,conic,0,27,False,30.636374998721294,64.51116700191051,64.5135839949944,2.067380083116829e-05,False,False,NO_NEGATIVE_WITNESS_FOUND,68821685/18014398509481984,True,True,0.06274999759625643,23.411875001329463,0.3637080008047633,2.6874999966821633,3.4846660055336542,33.26233300322201,"[""0"",""1""]","{""axis"":null,""sign"":null}","{""lower"":[""13582032299272985109953990383798986291312683946834182825569293054853345475831665997557553314872552944087066546103955893527442555507528002786060287797218294741308786579656871750852446830062048294646254476295106499493995496297774759667583587310849292155364561333001695222810616180566919217593390486531560675008497"",""848301893402774602151934436872886821432979077881576958335960285892838769436692666081495859889546972474281178141419203261483361116303540005893531594798322456325814703811184638755901164407397939798738284982736349577290725068726381016078132438472074740964737862305380104257868561504820132073834293473766927237120""],""ok"":true,""upper"":[""15356191027610138230034445422975797234210131930833"",""959110449498405040071168171470060731649205731328""]}","[""9763203316175255858637594218979291951009597"",""609786001522321726526367296517728634929152""]",A_r1_s31018_t4_factor,True,True,COMPLETE_SUCCESS,False,stationary,factor,4,0,False,86.99858299951302,144.57620800385484,144.58037500298815,1.55355634024902e-08,True,True,NO_NEGATIVE_WITNESS_FOUND,2214715584299/4503599627370496,True,True,0.07250000635394827,5.280375000438653,0.19012499978998676,77.6741670051706,2.932374998636078,56.691666002734564,"[""44263499754184371096676960149"",""62119066525759475941485051904""]","{""axis"":1,""sign"":1}","{""lower"":[""3610659996129186599398010774138241875145771183667352477466098024146362973765304676977589349909886339136868263605291294704380122079576465904250637762651997884040441033065519749534060827641021934074955701270394084389704736988490089962228233034157013237914353881289628256377679308204916035591717593110904578965990489878903507352621486225385113611461"",""225513067091562387615206736281392553749875055723096448507252505958979523413415923734415523629143335535621060789370618291937335604348532611319905885206724428408911019918824970015681386970603468446559476566777897093286513111985415801987512039731258134188577954229384967876708510782878476639174468997950285521188454880790240153474118301022173528064""],""ok"":true,""upper"":[""477311913488959681374291360987177643512747661038157082933004364323278996963999918260165829647459736033395675069866125090643751660927093"",""29811744551187001370187109307906435979348571434440779816232996450768408301526086698925804814431708743703150300257011204305130144923648""]}","[""5681723065223995755979925562573583398666149026451377902391"",""316540417760415470400521424342035355847099058329019744256""]",56.362208000791725,80.06504100194434
31018,5,0,31018_5,de0041165eaa5734b4437f880bbbac6817583bef8aa9989ee2c0ae8e37ca6d2a,fdd937a50ec8c4a28c62f2b1ec78ba15e46c7a39d0a01c699522bffc62cd1f36,39c75ee513e4a6561ba26d5df93519b85af6c42334b4156a9f8301ebc5e3b0b2,A_r0_s31018_t5_conic,True,True,COMPLETE_SUCCESS,False,optimal,conic,0,28,False,31.313416999182664,65.60600000375416,65.60833399998955,4.249352048206636e-06,False,False,NO_NEGATIVE_WITNESS_FOUND,10199733/18014398509481984,True,True,0.06370899791363627,24.168415999156423,0.29258400172693655,2.719458003412001,3.5138329985784367,33.740667000529356,"[""0"",""1""]","{""axis"":null,""sign"":null}","{""lower"":[""4700000151266147697702878235643733806901583742008409359755134082140836857506195456388361739577033719261607334024727622714639045932545180405110880538857537090953319893953166317451373154348226268861120291550903192572104751030720350121638551117400444948950393445000275264965728748688584292915292438657595875546335293022847"",""293632860245254712092994032994426203231416054922958640461914179668453615151460664001292702695714666696323032876879813064692693293093848816204855646397180467918076471466448816298945765060662058688826173984009089380265270317620899048186168291313603582767888902226535920528847804417842094317622299703799841077493732737024""],""ok"":true,""upper"":[""30703787380525507207211504031396562837709864213411"",""1918220898996810080142336342940121463298411462656""]}","[""1830088339925262323617559109524566154253811"",""114334875285435323723693868097074119049216""]",A_r0_s31018_t5_factor,True,True,COMPLETE_SUCCESS,False,stationary,factor,3,0,False,71.82962500519352,106.22529200190911,106.22837499977322,2.7073864585796863e-08,True,True,COLLISION_WITNESSED,1081467273003/4503599627370496,True,True,0.05612500535789877,4.063166998093948,0.22474999423138797,63.70191699534189,2.9677499987883493,33.582250005565584,"[""43685052495326196552714596283"",""62119066525759475941485051904""]","{""axis"":1,""sign"":1}","{""lower"":[""58181172107210738203519111793516000783434358479710260487291007460820694088214107435474556546956975843984008310938600690795207411401870684705237282418770072888777782371297541225962838499979641231631690665094518705111078488793351453453073624662217016115420539307100229494455932898604407339990219136466324749239120091929635859869689540898198161423709"",""3634872109030750553690236542066214182605226971707095756695686222118692253784747650252235010667712087790367261390603229778460437599254546010505472244054392996825423090206885332771225322697110916851711260986920311180044954852388956683050473341644626199206231537992961132095425204623036464183251134667292572979234900325221775144328276083943942389760""],""ok"":true,""upper"":[""75611926330683295302289159022999963982595605684628687992742995917110299217119087379383859780318675517477880682078789390869951414580396427835331844500404049457089451"",""4723859484270356201951065433070280951813181974217012464755793351242429459705062263834992720409085400007416956165196939879368679358269014673458940939908422047891456""]}","[""270444909185765010558485862547561868904476106885665130411"",""15073353226686450971453401159144540754623764682334273536""]",40.51620800601086,40.61929199815495
31018,5,1,31018_5,de0041165eaa5734b4437f880bbbac6817583bef8aa9989ee2c0ae8e37ca6d2a,fdd937a50ec8c4a28c62f2b1ec78ba15e46c7a39d0a01c699522bffc62cd1f36,39c75ee513e4a6561ba26d5df93519b85af6c42334b4156a9f8301ebc5e3b0b2,A_r1_s31018_t5_conic,True,True,COMPLETE_SUCCESS,False,optimal,conic,0,28,False,31.14333299890859,65.73658299748786,65.73899999784771,4.249352048206636e-06,False,False,NO_NEGATIVE_WITNESS_FOUND,10199733/18014398509481984,True,True,0.06970799586270005,23.957249999511987,0.3700829984154552,2.670458998181857,3.4991659995284863,34.01891599787632,"[""0"",""1""]","{""axis"":null,""sign"":null}","{""lower"":[""4700000151266147697702878235643733806901583742008409359755134082140836857506195456388361739577033719261607334024727622714639045932545180405110880538857537090953319893953166317451373154348226268861120291550903192572104751030720350121638551117400444948950393445000275264965728748688584292915292438657595875546335293022847"",""293632860245254712092994032994426203231416054922958640461914179668453615151460664001292702695714666696323032876879813064692693293093848816204855646397180467918076471466448816298945765060662058688826173984009089380265270317620899048186168291313603582767888902226535920528847804417842094317622299703799841077493732737024""],""ok"":true,""upper"":[""30703787380525507207211504031396562837709864213411"",""1918220898996810080142336342940121463298411462656""]}","[""1830088339925262323617559109524566154253811"",""114334875285435323723693868097074119049216""]",A_r1_s31018_t5_factor,True,True,COMPLETE_SUCCESS,False,stationary,factor,3,0,False,74.59079199907137,109.3480420022388,109.35020900069503,2.7073864585796863e-08,True,True,COLLISION_WITNESSED,1081467273003/4503599627370496,True,True,0.059042002249043435,4.178584000328556,0.19383300241315737,66.19995800429024,3.1633750040782616,33.908416000485886,"[""43685052495326196552714596283"",""62119066525759475941485051904""]","{""axis"":1,""sign"":1}","{""lower"":[""58181172107210738203519111793516000783434358479710260487291007460820694088214107435474556546956975843984008310938600690795207411401870684705237282418770072888777782371297541225962838499979641231631690665094518705111078488793351453453073624662217016115420539307100229494455932898604407339990219136466324749239120091929635859869689540898198161423709"",""3634872109030750553690236542066214182605226971707095756695686222118692253784747650252235010667712087790367261390603229778460437599254546010505472244054392996825423090206885332771225322697110916851711260986920311180044954852388956683050473341644626199206231537992961132095425204623036464183251134667292572979234900325221775144328276083943942389760""],""ok"":true,""upper"":[""75611926330683295302289159022999963982595605684628687992742995917110299217119087379383859780318675517477880682078789390869951414580396427835331844500404049457089451"",""4723859484270356201951065433070280951813181974217012464755793351242429459705062263834992720409085400007416956165196939879368679358269014673458940939908422047891456""]}","[""270444909185765010558485862547561868904476106885665130411"",""15073353226686450971453401159144540754623764682334273536""]",43.44745900016278,43.61145900475094
31018,6,0,31018_6,74e39ec13b0f83dc749927e47bbcf3b8a8ec004d0aaba6f0b6581309905c3594,fdd937a50ec8c4a28c62f2b1ec78ba15e46c7a39d0a01c699522bffc62cd1f36,39c75ee513e4a6561ba26d5df93519b85af6c42334b4156a9f8301ebc5e3b0b2,A_r0_s31018_t6_conic,True,True,COMPLETE_SUCCESS,False,optimal,conic,0,16,False,20.244084000296425,54.20275000506081,54.20541700004833,0.00011052002669254258,False,False,NO_NEGATIVE_WITNESS_FOUND,826090165/18014398509481984,True,True,0.05650000093737617,13.288458001625258,0.29275000269990414,2.756750000116881,3.29295800474938,33.419457999116275,"[""0"",""1""]","{""axis"":null,""sign"":null}","{""lower"":[""7926442197541845145862230576973108341519388092329850110339374166439405327337961166170054169804695413481798602985019264234069653284678973998691021000094048532193662210813592374678430846156109754620430775281304570347431834945216047235858721464158949618660444815205052687186657121206855280491975899688889601"",""495377782594454874634855872821583454933792567969881637421665687651968815959545072083807481210050583452896164343942456828354409177144656743473302109117171954120535737401438951717455940893025045691912540808080995865195378449599836179266881934633532563548450557443574234091676196707220281965843027161251840""],""ok"":true,""upper"":[""68511799737035041500256458982401908071281118507"",""4281743078117879643174857908348485409148239872""]}","[""117085595011941798593665501324809288168447979"",""7317432018267860718316407558212743619149824""]",A_r0_s31018_t6_factor,True,True,COMPLETE_SUCCESS,False,stationary,factor,4,0,False,78.1847079997533,111.93308299698401,111.93599999387516,1.5923220013589794e-08,True,True,COLLISION_WITNESSED,227918081835/4503599627370496,True,True,0.075916999776382,4.848875003517605,0.20016700000269338,69.16824999643723,3.0870000045979396,32.976541995594744,"[""86491570983900985815145139907"",""124238133051518951882970103808""]","{""axis"":1,""sign"":1}","{""lower"":[""517900655665665509781342106169603431167264099991937197575136549176846783962094871037279491000230343596538673198731874687313244026116098042627639761480008134600121258233722747063696020239531488372862449702501844474703032076949678774384575434274346349058669593517621808133805019490462224249419417876147464370919845465441793371518290299571639819233"",""32366943569091295816787943729798180671890866390281040022238853912521799915373112281792008872946081655381567259505204159452791368102282686877014858504487455052242992503719215179333158434050234608753585073553271626241709461894869560287009970043223095739756822498181871645642692379690215900480423942789411487878744218237216095233101938205109780480""],""ok"":true,""upper"":[""2924094289860497752309970773412028395486608267157879319420547921667158769235233484636579539494986658648087638883028234052221362109996160206055772083007155816688587479866928831456738219279407"",""182745462360508155043534476699268565793529126457633511623693547965783650419964266045807207179383848944380738260355916125344205473230141063620197081974347110659202362368708732512932506632192""]}","[""3255012417321912076423308133759410982612495400803174935937"",""180880238720237411657440813909734489055485176188011282432""]",57.940623999456875,57.730332991923206
31018,6,1,31018_6,74e39ec13b0f83dc749927e47bbcf3b8a8ec004d0aaba6f0b6581309905c3594,fdd937a50ec8c4a28c62f2b1ec78ba15e46c7a39d0a01c699522bffc62cd1f36,39c75ee513e4a6561ba26d5df93519b85af6c42334b4156a9f8301ebc5e3b0b2,A_r1_s31018_t6_conic,True,True,COMPLETE_SUCCESS,False,optimal,conic,0,16,False,20.417959000042174,54.791916998510715,54.79441700299503,0.00011052002669254258,False,False,NO_NEGATIVE_WITNESS_FOUND,826090165/18014398509481984,True,True,0.06041699816705659,13.431540995952673,0.31770799978403375,2.7687089968821965,3.274791997682769,33.79558300366625,"[""0"",""1""]","{""axis"":null,""sign"":null}","{""lower"":[""7926442197541845145862230576973108341519388092329850110339374166439405327337961166170054169804695413481798602985019264234069653284678973998691021000094048532193662210813592374678430846156109754620430775281304570347431834945216047235858721464158949618660444815205052687186657121206855280491975899688889601"",""495377782594454874634855872821583454933792567969881637421665687651968815959545072083807481210050583452896164343942456828354409177144656743473302109117171954120535737401438951717455940893025045691912540808080995865195378449599836179266881934633532563548450557443574234091676196707220281965843027161251840""],""ok"":true,""upper"":[""68511799737035041500256458982401908071281118507"",""4281743078117879643174857908348485409148239872""]}","[""117085595011941798593665501324809288168447979"",""7317432018267860718316407558212743619149824""]",A_r1_s31018_t6_factor,True,True,COMPLETE_SUCCESS,False,stationary,factor,4,0,False,77.77324999915436,111.84725000202889,111.8498340001679,1.5923220013589794e-08,True,True,COLLISION_WITNESSED,227918081835/4503599627370496,True,True,0.07008400280028582,5.474917001265567,0.20612499793060124,68.09695799893234,3.085666998231318,33.33620800549397,"[""86491570983900985815145139907"",""124238133051518951882970103808""]","{""axis"":1,""sign"":1}","{""lower"":[""517900655665665509781342106169603431167264099991937197575136549176846783962094871037279491000230343596538673198731874687313244026116098042627639761480008134600121258233722747063696020239531488372862449702501844474703032076949678774384575434274346349058669593517621808133805019490462224249419417876147464370919845465441793371518290299571639819233"",""32366943569091295816787943729798180671890866390281040022238853912521799915373112281792008872946081655381567259505204159452791368102282686877014858504487455052242992503719215179333158434050234608753585073553271626241709461894869560287009970043223095739756822498181871645642692379690215900480423942789411487878744218237216095233101938205109780480""],""ok"":true,""upper"":[""2924094289860497752309970773412028395486608267157879319420547921667158769235233484636579539494986658648087638883028234052221362109996160206055772083007155816688587479866928831456738219279407"",""182745462360508155043534476699268565793529126457633511623693547965783650419964266045807207179383848944380738260355916125344205473230141063620197081974347110659202362368708732512932506632192""]}","[""3255012417321912076423308133759410982612495400803174935937"",""180880238720237411657440813909734489055485176188011282432""]",57.355290999112185,57.05533300351817
31018,7,0,31018_7,73363fedb5e5a5035ae2e4fdff619555e0cc81866dd584ba0f4f0a87c04070ca,fdd937a50ec8c4a28c62f2b1ec78ba15e46c7a39d0a01c699522bffc62cd1f36,39c75ee513e4a6561ba26d5df93519b85af6c42334b4156a9f8301ebc5e3b0b2,A_r0_s31018_t7_conic,True,True,COMPLETE_SUCCESS,False,optimal,conic,0,30,False,42.06191699631745,76.61579200066626,76.61870800075121,2.9820828296491322e-06,False,False,NO_NEGATIVE_WITNESS_FOUND,10729514410677/18014398509481984,True,True,0.0674580005579628,35.66895800031489,0.3133749996777624,2.7261660070507787,2.7210830012336373,33.951792000152636,"[""0"",""1""]","{""axis"":null,""sign"":null}","{""lower"":[""140234246143928990893519274445925209123521622081681131500862812628093254950859426768345874288995429736198257472046754812183228965858953961175095845219995686897782957876195542172758622194658730432246948737621220939580276518209664479116725061945779565645045895788029389306355286654364877796930981885346846453648496744938691"",""8764642017087740622313700558717275558264663082395875521382384865397864754537660918389679351341684006696848944524257560247011945963973650810238143247410402060023361069894088522877974585202878201043493990831734434877424081439464625394596867726529442383847442541455248201708497863884501369629359843324754282401020883501056""],""ok"":true,""upper"":[""5846006549632665949582414610055118577807844422409"",""365375409332725729550921208179070754913983135744""]}","[""122766137535899615900299166347942138630272054573229"",""7672883595987240320569345371760485853193645850624""]",A_r0_s31018_t7_factor,True,True,COMPLETE_SUCCESS,False,optimal,conic,4,30,True,40.10454200033564,74.82562500081258,74.82970899582142,2.9820828296491322e-06,False,False,NO_NEGATIVE_WITNESS_FOUND,10729514410677/18014398509481984,True,True,0.06724999548168853,33.24508399964543,0.3336249938001856,2.945416999864392,2.572541998233646,33.77283300505951,"[""0"",""1""]","{""axis"":null,""sign"":null}","{""lower"":[""140234246143928990893519274445925209123521622081681131500862812628093254950859426768345874288995429736198257472046754812183228965858953961175095845219995686897782957876195542172758622194658730432246948737621220939580276518209664479116725061945779565645045895788029389306355286654364877796930981885346846453648496744938691"",""8764642017087740622313700558717275558264663082395875521382384865397864754537660918389679351341684006696848944524257560247011945963973650810238143247410402060023361069894088522877974585202878201043493990831734434877424081439464625394596867726529442383847442541455248201708497863884501369629359843324754282401020883501056""],""ok"":true,""upper"":[""5846006549632665949582414610055118577807844422409"",""365375409332725729550921208179070754913983135744""]}","[""122766137535899615900299166347942138630272054573229"",""7672883595987240320569345371760485853193645850624""]",-1.9573749959818088,-1.7901669998536818
31018,7,1,31018_7,73363fedb5e5a5035ae2e4fdff619555e0cc81866dd584ba0f4f0a87c04070ca,fdd937a50ec8c4a28c62f2b1ec78ba15e46c7a39d0a01c699522bffc62cd1f36,39c75ee513e4a6561ba26d5df93519b85af6c42334b4156a9f8301ebc5e3b0b2,A_r1_s31018_t7_conic,True,True,COMPLETE_SUCCESS,False,optimal,conic,0,30,False,31.50712500064401,66.16983300045831,66.1727080005221,2.9820828296491322e-06,False,False,NO_NEGATIVE_WITNESS_FOUND,10729514410677/18014398509481984,True,True,0.06774999928893521,25.136541997198947,0.2952499999082647,2.787458994134795,2.6258750003762543,34.089666994987056,"[""0"",""1""]","{""axis"":null,""sign"":null}","{""lower"":[""140234246143928990893519274445925209123521622081681131500862812628093254950859426768345874288995429736198257472046754812183228965858953961175095845219995686897782957876195542172758622194658730432246948737621220939580276518209664479116725061945779565645045895788029389306355286654364877796930981885346846453648496744938691"",""8764642017087740622313700558717275558264663082395875521382384865397864754537660918389679351341684006696848944524257560247011945963973650810238143247410402060023361069894088522877974585202878201043493990831734434877424081439464625394596867726529442383847442541455248201708497863884501369629359843324754282401020883501056""],""ok"":true,""upper"":[""5846006549632665949582414610055118577807844422409"",""365375409332725729550921208179070754913983135744""]}","[""122766137535899615900299166347942138630272054573229"",""7672883595987240320569345371760485853193645850624""]",A_r1_s31018_t7_factor,True,True,COMPLETE_SUCCESS,False,optimal,conic,4,30,True,40.082041996356566,74.96445899596438,74.9670419972972,2.9820828296491322e-06,False,False,NO_NEGATIVE_WITNESS_FOUND,10729514410677/18014398509481984,True,True,0.06316699727904052,33.379375003278255,0.3104580027866177,2.6859160061576404,2.6432919985381886,33.99720799643546,"[""0"",""1""]","{""axis"":null,""sign"":null}","{""lower"":[""140234246143928990893519274445925209123521622081681131500862812628093254950859426768345874288995429736198257472046754812183228965858953961175095845219995686897782957876195542172758622194658730432246948737621220939580276518209664479116725061945779565645045895788029389306355286654364877796930981885346846453648496744938691"",""8764642017087740622313700558717275558264663082395875521382384865397864754537660918389679351341684006696848944524257560247011945963973650810238143247410402060023361069894088522877974585202878201043493990831734434877424081439464625394596867726529442383847442541455248201708497863884501369629359843324754282401020883501056""],""ok"":true,""upper"":[""5846006549632665949582414610055118577807844422409"",""365375409332725729550921208179070754913983135744""]}","[""122766137535899615900299166347942138630272054573229"",""7672883595987240320569345371760485853193645850624""]",8.574916995712556,8.794625995506067
31019,0,0,31019_0,ca9ec98310d71c6ce186ddcb5f3396c83bb6d17362abe5cff2d7e751af29bc95,fdd937a50ec8c4a28c62f2b1ec78ba15e46c7a39d0a01c699522bffc62cd1f36,39c75ee513e4a6561ba26d5df93519b85af6c42334b4156a9f8301ebc5e3b0b2,A_r0_s31019_t0_conic,True,True,COMPLETE_SUCCESS,False,optimal,conic,0,35,False,93.56454200315056,127.7335420018062,127.73595900216606,1.9443329694378172e-05,False,False,NO_NEGATIVE_WITNESS_FOUND,115593901207715/4503599627370496,True,True,33.02837500086753,54.445916997792665,0.389833003282547,2.7090839939774014,2.403000005870126,33.61729200696573,"[""0"",""1""]","{""axis"":null,""sign"":null}","{""lower"":[""2742662727017605694165445990317516402562555965815274954328676043950329934426393415360479815855432414979145868670289429891497853851203338568093571559915463648178147029053145312868350837857043146299068229699165182090815839855077438515759883261543021097545545002399313398272154553506496497303174071922715911599138799"",""171416628676689440290085123692601477517123932980209051476850705717452720426850989373584549716670964631031430476673924245711903961504293441507901757249076125912346476807010888696719848483290211676818845125919317746191569512364114702674531618315331130863880421831388856939566844677157213495818332470974426940178432""],""ok"":true,""upper"":[""182687704739673390402623571024488259455664999197"",""11417981541647679048466287755595961091061972992""]}","[""479555224780335747654525628348621356215588655929"",""29972201546825157502224005358439397864037679104""]",A_r0_s31019_t0_factor,True,True,COMPLETE_SUCCESS,False,optimal,conic,0,35,True,96.28991699719336,130.45545799832325,130.45812500058673,1.9443329694378172e-05,False,False,NO_NEGATIVE_WITNESS_FOUND,115593901207715/4503599627370496,True,True,32.8184579993831,57.10354199982248,0.32179099798668176,2.7973750038654543,2.5807080019149,33.51170899986755,"[""0"",""1""]","{""axis"":null,""sign"":null}","{""lower"":[""2742662727017605694165445990317516402562555965815274954328676043950329934426393415360479815855432414979145868670289429891497853851203338568093571559915463648178147029053145312868350837857043146299068229699165182090815839855077438515759883261543021097545545002399313398272154553506496497303174071922715911599138799"",""171416628676689440290085123692601477517123932980209051476850705717452720426850989373584549716670964631031430476673924245711903961504293441507901757249076125912346476807010888696719848483290211676818845125919317746191569512364114702674531618315331130863880421831388856939566844677157213495818332470974426940178432""],""ok"":true,""upper"":[""182687704739673390402623571024488259455664999197"",""11417981541647679048466287755595961091061972992""]}","[""479555224780335747654525628348621356215588655929"",""29972201546825157502224005358439397864037679104""]",2.725374994042795,2.7219159965170547
31019,0,1,31019_0,ca9ec98310d71c6ce186ddcb5f3396c83bb6d17362abe5cff2d7e751af29bc95,fdd937a50ec8c4a28c62f2b1ec78ba15e46c7a39d0a01c699522bffc62cd1f36,39c75ee513e4a6561ba26d5df93519b85af6c42334b4156a9f8301ebc5e3b0b2,A_r1_s31019_t0_conic,True,True,COMPLETE_SUCCESS,False,optimal,conic,0,35,False,93.9782500063302,128.15616599982604,128.15929100179346,1.9443329694378172e-05,False,False,NO_NEGATIVE_WITNESS_FOUND,115593901207715/4503599627370496,True,True,32.686625003407244,55.226958997081965,0.29895800253143534,2.728457999182865,2.4443750007776543,33.52079199976288,"[""0"",""1""]","{""axis"":null,""sign"":null}","{""lower"":[""2742662727017605694165445990317516402562555965815274954328676043950329934426393415360479815855432414979145868670289429891497853851203338568093571559915463648178147029053145312868350837857043146299068229699165182090815839855077438515759883261543021097545545002399313398272154553506496497303174071922715911599138799"",""171416628676689440290085123692601477517123932980209051476850705717452720426850989373584549716670964631031430476673924245711903961504293441507901757249076125912346476807010888696719848483290211676818845125919317746191569512364114702674531618315331130863880421831388856939566844677157213495818332470974426940178432""],""ok"":true,""upper"":[""182687704739673390402623571024488259455664999197"",""11417981541647679048466287755595961091061972992""]}","[""479555224780335747654525628348621356215588655929"",""29972201546825157502224005358439397864037679104""]",A_r1_s31019_t0_factor,True,True,COMPLETE_SUCCESS,False,optimal,conic,0,35,True,97.0797079935437,161.64962499897229,161.6533749984228,1.9443329694378172e-05,False,False,NO_NEGATIVE_WITNESS_FOUND,115593901207715/4503599627370496,True,True,32.951665998552926,57.95862500235671,0.27874999796040356,2.6986250013578683,2.510374994017184,63.8700829949812,"[""0"",""1""]","{""axis"":null,""sign"":null}","{""lower"":[""2742662727017605694165445990317516402562555965815274954328676043950329934426393415360479815855432414979145868670289429891497853851203338568093571559915463648178147029053145312868350837857043146299068229699165182090815839855077438515759883261543021097545545002399313398272154553506496497303174071922715911599138799"",""171416628676689440290085123692601477517123932980209051476850705717452720426850989373584549716670964631031430476673924245711903961504293441507901757249076125912346476807010888696719848483290211676818845125919317746191569512364114702674531618315331130863880421831388856939566844677157213495818332470974426940178432""],""ok"":true,""upper"":[""182687704739673390402623571024488259455664999197"",""11417981541647679048466287755595961091061972992""]}","[""479555224780335747654525628348621356215588655929"",""29972201546825157502224005358439397864037679104""]",3.1014579872135073,33.49345899914624
31019,1,0,31019_1,67e5f80b34c8e15a4290c4aa35b6acf9968aba9ae8193f288cea1c5b1b68e9df,fdd937a50ec8c4a28c62f2b1ec78ba15e46c7a39d0a01c699522bffc62cd1f36,39c75ee513e4a6561ba26d5df93519b85af6c42334b4156a9f8301ebc5e3b0b2,A_r0_s31019_t1_conic,True,True,COMPLETE_SUCCESS,False,optimal,conic,0,30,False,31.550042003800627,65.82587499724468,65.82854199950816,2.0627800947241874e-05,False,False,NO_NEGATIVE_WITNESS_FOUND,309319048275223/9007199254740992,True,True,0.05933299689786509,25.45733300212305,0.2979160053655505,2.722625002206769,2.438791998429224,33.70849999919301,"[""0"",""1""]","{""axis"":null,""sign"":null}","{""lower"":[""14108344743030357373695927499942684562659941299636271974782087554937207874697055716715595490332207182520479041340110098418647937378786018409538219915979169173809400102475293133683749212645005738344978858109753094807325697305730963302438520062682674831789726419814234555858374686330201178586589044634639943168103"",""881772682885764136850475680706158914591626613276510733947466619464780477349171064359446182753889168695620361537512253461056603715402494944225303584199580126788247068163595828949592318046186258687992546804378097669507406867478563829214424204189750320519914470390794378137189632151496732923665639434468605296640""],""ok"":true,""upper"":[""239777612474696056582587200246851519746179750747"",""14986100773412578751112002679219698932018839552""]}","[""239777612391624867037539267454891250185118704547"",""14986100773412578751112002679219698932018839552""]",A_r0_s31019_t1_factor,True,True,COMPLETE_SUCCESS,False,stationary,factor,4,0,False,11.391582993383054,43.59829199529486,43.60145799728343,1.523275909549117e-08,False,False,NO_NEGATIVE_WITNESS_FOUND,309338792166679/9007199254740992,True,True,0.06262499664444476,5.164708003576379,0.1916250039357692,2.8194170008646324,2.6122080016648397,31.619792003766634,"[""0"",""1""]","{""axis"":null,""sign"":null}","{""lower"":[""9493841087419528201095112502741283065107431655924984042760964001795686330187159365923870728577613293631529465211171354423706311571613427494838482458177056011298474616117968282911417661595565931875208718770963593435519727962621010626485963845161331100194862375144854772642627415275301426912812466807063064039567740009109078554162491403197252128863"",""593365068528632209104461052170348570911585138191758244986605139063100706779237436247092755333587297460161129121191287053708451124316973732839354745209091238037824511538246239665024189859956092823892108075497841059526682039764006739828119020972306446652334917170546009556301955238818224559113719291225419757448587929020908202156480932205280886784""],""ok"":true,""upper"":[""684444088048387324986197751305567779052206134419596466530681054198480425009545122711915899421"",""42777755503024207811637359456596941382080836266984661263358949436442007295030070829851344896""]}","[""65909568221560148020275788943682107151736260437619325228413"",""4119348013847509251267236808980031085567170760429522649088""]",-20.158459010417573,-22.227583001949824
31019,1,1,31019_1,67e5f80b34c8e15a4290c4aa35b6acf9968aba9ae8193f288cea1c5b1b68e9df,fdd937a50ec8c4a28c62f2b1ec78ba15e46c7a39d0a01c699522bffc62cd1f36,39c75ee513e4a6561ba26d5df93519b85af6c42334b4156a9f8301ebc5e3b0b2,A_r1_s31019_t1_conic,True,True,COMPLETE_SUCCESS,False,optimal,conic,0,30,False,31.950541997503024,66.28787499357713,66.29070799681358,2.0627800947241874e-05,False,False,NO_NEGATIVE_WITNESS_FOUND,309319048275223/9007199254740992,True,True,0.06274999759625643,25.561417001881637,0.30758300272282213,2.9828330007148907,2.4370419996557757,33.75724999932572,"[""0"",""1""]","{""axis"":null,""sign"":null}","{""lower"":[""14108344743030357373695927499942684562659941299636271974782087554937207874697055716715595490332207182520479041340110098418647937378786018409538219915979169173809400102475293133683749212645005738344978858109753094807325697305730963302438520062682674831789726419814234555858374686330201178586589044634639943168103"",""881772682885764136850475680706158914591626613276510733947466619464780477349171064359446182753889168695620361537512253461056603715402494944225303584199580126788247068163595828949592318046186258687992546804378097669507406867478563829214424204189750320519914470390794378137189632151496732923665639434468605296640""],""ok"":true,""upper"":[""239777612474696056582587200246851519746179750747"",""14986100773412578751112002679219698932018839552""]}","[""239777612391624867037539267454891250185118704547"",""14986100773412578751112002679219698932018839552""]",A_r1_s31019_t1_factor,True,True,COMPLETE_SUCCESS,False,stationary,factor,4,0,False,11.662999997497536,44.23670799587853,44.23958299594233,1.523275909549117e-08,False,False,NO_NEGATIVE_WITNESS_FOUND,309338792166679/9007199254740992,True,True,0.07145799463614821,5.0312919993302785,0.20475000201258808,3.0144170013954863,2.7417919991421513,31.9566250036587,"[""0"",""1""]","{""axis"":null,""sign"":null}","{""lower"":[""9493841087419528201095112502741283065107431655924984042760964001795686330187159365923870728577613293631529465211171354423706311571613427494838482458177056011298474616117968282911417661595565931875208718770963593435519727962621010626485963845161331100194862375144854772642627415275301426912812466807063064039567740009109078554162491403197252128863"",""593365068528632209104461052170348570911585138191758244986605139063100706779237436247092755333587297460161129121191287053708451124316973732839354745209091238037824511538246239665024189859956092823892108075497841059526682039764006739828119020972306446652334917170546009556301955238818224559113719291225419757448587929020908202156480932205280886784""],""ok"":true,""upper"":[""684444088048387324986197751305567779052206134419596466530681054198480425009545122711915899421"",""42777755503024207811637359456596941382080836266984661263358949436442007295030070829851344896""]}","[""65909568221560148020275788943682107151736260437619325228413"",""4119348013847509251267236808980031085567170760429522649088""]",-20.287542000005487,-22.0511669976986
31019,2,0,31019_2,cade7eeb33292ccbd48f7344b17484e018cea441b5750563258fa127d1eb3ad7,fdd937a50ec8c4a28c62f2b1ec78ba15e46c7a39d0a01c699522bffc62cd1f36,39c75ee513e4a6561ba26d5df93519b85af6c42334b4156a9f8301ebc5e3b0b2,A_r0_s31019_t2_conic,True,True,COMPLETE_SUCCESS,False,optimal,conic,0,35,False,34.63075000036042,68.49337499443209,68.49579199479194,1.6204463564447776e-05,False,False,NO_NEGATIVE_WITNESS_FOUND,540570336190691/18014398509481984,True,True,0.06066700007067993,28.447165997931734,0.30174999847076833,2.6671250016079284,2.571707998868078,33.27537499717437,"[""0"",""1""]","{""axis"":null,""sign"":null}","{""lower"":[""6965496027655339012481458715369807819178743845754977574539974608922611390225268980670321846197101170594696128658670668839377548702374471035145434731579961107581864187047872980261568661339236865712611649142193638430747797615431030904509384351201999628973409494312196881845550499147744024546329714297234161256969663"",""435343942509780780044793039440242568165093243006025785303371556689693288968628775225101914890521260312867116283516007411057462979051583279912847644454612285258763670492945435886880739334966121327866526114071623850116016649858916097656257341351221541993517304323670450358533912220986754021195967876953389410549760""],""ok"":true,""upper"":[""959110449775707829023826543632891646622934527353"",""59944403093650315004448010716878795728075358208""]}","[""1873262596750761027176742434471077021781794739"",""117078912292285771493062520931403897906397184""]",A_r0_s31019_t2_factor,True,True,COMPLETE_SUCCESS,False,stationary,factor,4,0,False,11.711334002029616,44.26600000442704,44.26920900004916,1.5171232458916024e-08,False,False,NO_NEGATIVE_WITNESS_FOUND,540630088098019/18014398509481984,True,True,0.0711250031599775,5.0294160027988255,0.20491699979174882,3.0241670028772205,2.808917000947986,31.985624998924322,"[""0"",""1""]","{""axis"":null,""sign"":null}","{""lower"":[""189876821749122706655513206627112337603053412301319157851122831364902073462602286830675482661247412064334526752817901065561597253135291267813678969885494855341846041420213027335678941885718884340036291296662993239665436652296587900771765402311610924071411144167468355248764636721231547748920595851969054058879931006856086354180584663886334774133471"",""11867301370572768400530337749205969658049292893095975696083570783593345323465751114987843814317111812456652837348746544915925936038557405308495033438772821181575002271513268179799979857968093674744799569533331391215751135755052097001136770647753505345960866016792451793625558220009854450888479169861488262922977791484776381535397118154354028707840""],""ok"":true,""upper"":[""383245011880264398365858414878824471291049682741243066645392749549522580166421846614890958837736439633175313550576308843779243149042241410495127531083051942703576246289664341693217242011322559129"",""23952813242516524897866150929926529455689449663054939635540760718971194627845556279156042259416199848837872125261370638381115699787221049490826471928541624488322972040391390987935089509294669824""]}","[""144936673282601839536129873107817534501480280309319681738735860927645051"",""9058542080162614971008117069238595906342080525973632353650813043736576""]",-22.919415998330805,-24.227374990005046
31019,2,1,31019_2,cade7eeb33292ccbd48f7344b17484e018cea441b5750563258fa127d1eb3ad7,fdd937a50ec8c4a28c62f2b1ec78ba15e46c7a39d0a01c699522bffc62cd1f36,39c75ee513e4a6561ba26d5df93519b85af6c42334b4156a9f8301ebc5e3b0b2,A_r1_s31019_t2_conic,True,True,COMPLETE_SUCCESS,False,optimal,conic,0,35,False,35.33141699881526,76.92012500046985,76.92333299928578,1.6204463564447776e-05,False,False,NO_NEGATIVE_WITNESS_FOUND,540570336190691/18014398509481984,True,True,0.07095799810485914,28.9848329994129,0.30745800177101046,2.745834004599601,2.601083993795328,40.94691699719988,"[""0"",""1""]","{""axis"":null,""sign"":null}","{""lower"":[""6965496027655339012481458715369807819178743845754977574539974608922611390225268980670321846197101170594696128658670668839377548702374471035145434731579961107581864187047872980261568661339236865712611649142193638430747797615431030904509384351201999628973409494312196881845550499147744024546329714297234161256969663"",""435343942509780780044793039440242568165093243006025785303371556689693288968628775225101914890521260312867116283516007411057462979051583279912847644454612285258763670492945435886880739334966121327866526114071623850116016649858916097656257341351221541993517304323670450358533912220986754021195967876953389410549760""],""ok"":true,""upper"":[""959110449775707829023826543632891646622934527353"",""59944403093650315004448010716878795728075358208""]}","[""1873262596750761027176742434471077021781794739"",""117078912292285771493062520931403897906397184""]",A_r1_s31019_t2_factor,True,True,COMPLETE_SUCCESS,False,stationary,factor,4,0,False,11.94154100085143,45.159125002101064,45.16216600313783,1.5171232458916024e-08,False,False,NO_NEGATIVE_WITNESS_FOUND,540630088098019/18014398509481984,True,True,0.05908300227019936,5.104167001263704,0.20633399981306866,3.212542003893759,2.8035410068696365,32.654791000823025,"[""0"",""1""]","{""axis"":null,""sign"":null}","{""lower"":[""189876821749122706655513206627112337603053412301319157851122831364902073462602286830675482661247412064334526752817901065561597253135291267813678969885494855341846041420213027335678941885718884340036291296662993239665436652296587900771765402311610924071411144167468355248764636721231547748920595851969054058879931006856086354180584663886334774133471"",""11867301370572768400530337749205969658049292893095975696083570783593345323465751114987843814317111812456652837348746544915925936038557405308495033438772821181575002271513268179799979857968093674744799569533331391215751135755052097001136770647753505345960866016792451793625558220009854450888479169861488262922977791484776381535397118154354028707840""],""ok"":true,""upper"":[""383245011880264398365858414878824471291049682741243066645392749549522580166421846614890958837736439633175313550576308843779243149042241410495127531083051942703576246289664341693217242011322559129"",""23952813242516524897866150929926529455689449663054939635540760718971194627845556279156042259416199848837872125261370638381115699787221049490826471928541624488322972040391390987935089509294669824""]}","[""144936673282601839536129873107817534501480280309319681738735860927645051"",""9058542080162614971008117069238595906342080525973632353650813043736576""]",-23.389875997963827,-31.76099999836879
31019,3,0,31019_3,af70d949fcbfa70329a846a211880ff79f4e6a0452b5c1e63e3e9113b1ad178d,fdd937a50ec8c4a28c62f2b1ec78ba15e46c7a39d0a01c699522bffc62cd1f36,39c75ee513e4a6561ba26d5df93519b85af6c42334b4156a9f8301ebc5e3b0b2,A_r0_s31019_t3_conic,True,True,COMPLETE_SUCCESS,False,optimal,conic,0,31,False,33.21454200340668,67.33004200214054,67.33250000252156,2.3509262207172714e-05,False,False,NO_NEGATIVE_WITNESS_FOUND,59285731/18014398509481984,True,True,0.0686249986756593,26.13033400120912,0.297792001219932,2.6686249984777533,3.507333996822126,33.494000002974644,"[""0"",""1""]","{""axis"":null,""sign"":null}","{""lower"":[""12183040151446730414174498920005767009934413050072274839518844222145842774151554828004437243348890602267165343790206428926776296305080240530319558751022495602513249906509078625501684336775046828685405457201591497446600055809667770630407403244529429828494045774854959930592861225052556352130424778399379555389280739"",""761218601310958331038203857226144773620823258327049384784824965452469722509222220961240677254812933544396749447506750009467442943688096273829407634220881185211805920279074857068218379537951475791518007895446734964310950414986952570699634322088144357694482278583082505238637977274269739224509737873894279636582400""],""ok"":true,""upper"":[""1918781651507319532321336278037511714081805803521"",""119888806187300630008896021433757591456150716416""]}","[""7319571115985279737166060008122681029681449"",""457339501141741294894775472388296476196864""]",A_r0_s31019_t3_factor,True,True,COMPLETE_SUCCESS,False,optimal,conic,2,31,True,38.79583300295053,72.74116700136801,72.74424999923212,2.3509262207172714e-05,False,False,NO_NEGATIVE_WITNESS_FOUND,59285731/18014398509481984,True,True,0.054750002163928,31.288749996747356,0.3298329975223169,2.6654169996618293,3.5798750031972304,33.03016700374428,"[""0"",""1""]","{""axis"":null,""sign"":null}","{""lower"":[""12183040151446730414174498920005767009934413050072274839518844222145842774151554828004437243348890602267165343790206428926776296305080240530319558751022495602513249906509078625501684336775046828685405457201591497446600055809667770630407403244529429828494045774854959930592861225052556352130424778399379555389280739"",""761218601310958331038203857226144773620823258327049384784824965452469722509222220961240677254812933544396749447506750009467442943688096273829407634220881185211805920279074857068218379537951475791518007895446734964310950414986952570699634322088144357694482278583082505238637977274269739224509737873894279636582400""],""ok"":true,""upper"":[""1918781651507319532321336278037511714081805803521"",""119888806187300630008896021433757591456150716416""]}","[""7319571115985279737166060008122681029681449"",""457339501141741294894775472388296476196864""]",5.581290999543853,5.411124999227468
31019,3,1,31019_3,af70d949fcbfa70329a846a211880ff79f4e6a0452b5c1e63e3e9113b1ad178d,fdd937a50ec8c4a28c62f2b1ec78ba15e46c7a39d0a01c699522bffc62cd1f36,39c75ee513e4a6561ba26d5df93519b85af6c42334b4156a9f8301ebc5e3b0b2,A_r1_s31019_t3_conic,True,True,COMPLETE_SUCCESS,False,optimal,conic,0,31,False,33.529375003126916,67.62958300532773,67.63270800001919,2.3509262207172714e-05,False,False,NO_NEGATIVE_WITNESS_FOUND,59285731/18014398509481984,True,True,0.07037500472506508,26.314707996789366,0.2898340026149526,2.6990830010618083,3.614665998611599,33.426957998017315,"[""0"",""1""]","{""axis"":null,""sign"":null}","{""lower"":[""12183040151446730414174498920005767009934413050072274839518844222145842774151554828004437243348890602267165343790206428926776296305080240530319558751022495602513249906509078625501684336775046828685405457201591497446600055809667770630407403244529429828494045774854959930592861225052556352130424778399379555389280739"",""761218601310958331038203857226144773620823258327049384784824965452469722509222220961240677254812933544396749447506750009467442943688096273829407634220881185211805920279074857068218379537951475791518007895446734964310950414986952570699634322088144357694482278583082505238637977274269739224509737873894279636582400""],""ok"":true,""upper"":[""1918781651507319532321336278037511714081805803521"",""119888806187300630008896021433757591456150716416""]}","[""7319571115985279737166060008122681029681449"",""457339501141741294894775472388296476196864""]",A_r1_s31019_t3_factor,True,True,COMPLETE_SUCCESS,False,optimal,conic,2,31,True,39.53704100422328,74.06029100093292,74.06333299877588,2.3509262207172714e-05,False,False,NO_NEGATIVE_WITNESS_FOUND,59285731/18014398509481984,True,True,0.07354099943768233,31.884416996035725,0.3040000010514632,2.8507919996627606,3.553958005795721,33.56404100486543,"[""0"",""1""]","{""axis"":null,""sign"":null}","{""lower"":[""12183040151446730414174498920005767009934413050072274839518844222145842774151554828004437243348890602267165343790206428926776296305080240530319558751022495602513249906509078625501684336775046828685405457201591497446600055809667770630407403244529429828494045774854959930592861225052556352130424778399379555389280739"",""761218601310958331038203857226144773620823258327049384784824965452469722509222220961240677254812933544396749447506750009467442943688096273829407634220881185211805920279074857068218379537951475791518007895446734964310950414986952570699634322088144357694482278583082505238637977274269739224509737873894279636582400""],""ok"":true,""upper"":[""1918781651507319532321336278037511714081805803521"",""119888806187300630008896021433757591456150716416""]}","[""7319571115985279737166060008122681029681449"",""457339501141741294894775472388296476196864""]",6.007666001096368,6.430707995605189
31019,4,0,31019_4,e7d2db57b80604cdf7991630603e673fe2b090958ed4b2279af67065fc52fa07,fdd937a50ec8c4a28c62f2b1ec78ba15e46c7a39d0a01c699522bffc62cd1f36,39c75ee513e4a6561ba26d5df93519b85af6c42334b4156a9f8301ebc5e3b0b2,A_r0_s31019_t4_conic,True,True,COMPLETE_SUCCESS,False,optimal,conic,0,33,False,35.227749998739455,69.37787499919068,69.38054099737201,1.1743746998107566e-06,False,False,NO_NEGATIVE_WITNESS_FOUND,57571/18014398509481984,True,True,0.06695799675071612,27.628667005046736,0.2949170011561364,2.8037090014549904,3.8485830009449273,33.58795899839606,"[""0"",""1""]","{""axis"":null,""sign"":null}","{""lower"":[""18427191468225001890392088350377133293319477020962952933756708192503948200814138455341854429450745590308960572027746827567641431864607016972965006717835527281716259350123357278781643229478833373682571677749119681080574657798232231011682952623548143433007041379617941388793027050938926487966599517058531400491863230557424404639121"",""1147959164781522794259173285591499953137537021414435361022452689532487973396413293670336471139156613027299496586670516555029022885595391481319971986587722376783732793559836139959965188625068424784391694713277335757571997545320181074441519952365090362244930761688526637521499251747052451521869203267237094641971916892019288440832""],""ok"":true,""upper"":[""3848942045873138355858650590627205387045476891247"",""239777612374601260017792042867515182912301432832""]}","[""38235803900164514105569602265735110546387"",""2381976568446569244243622252022377480192""]",A_r0_s31019_t4_factor,True,True,COMPLETE_SUCCESS,False,stationary,factor,5,0,False,73.56433299719356,144.38862499810057,144.39162499911617,1.5270549268468026e-08,True,True,NO_NEGATIVE_WITNESS_FOUND,356849754339/18014398509481984,True,True,0.058625002566259354,5.791166004200932,0.19341699953656644,63.802999997278675,2.8504160000011325,70.04458399751456,"[""3273452985376698543572085009"",""3882441657859967246342815744""]","{""axis"":1,""sign"":1}","{""lower"":[""10243108483114054452897334281781454838977007735496146322276742810384980060529158181057712734818167766285962196006291129945724181598987002946002617998560956145438666059125227294939383338797981391413332508744314083292568859035481486981156415319062143015957408588545957249248067267648737067897137891116339020702455075830882061555885719563477686007455"",""638115115394997545921318285297743310194702764431578148623029031309404007088275176371066238766820423736936594524595670890134891693962574485489530289754274189403271040730298041563087761004534495553053494594301263671360158064355030660563569798971038135579907189596336329749960249932272712507927969492079475969731217918607711843706642139978563321856""],""ok"":true,""upper"":[""1612173917716407198988041921105065868944326414052551611112681"",""100433627766186892221372630771322662657637687111424552206336""]}","[""22857227718076652719386569843300917694538522876732778111"",""1236486006876622931252036813836075608777730696597733376""]",38.336582998454105,75.01074999890989
31019,4,1,31019_4,e7d2db57b80604cdf7991630603e673fe2b090958ed4b2279af67065fc52fa07,fdd937a50ec8c4a28c62f2b1ec78ba15e46c7a39d0a01c699522bffc62cd1f36,39c75ee513e4a6561ba26d5df93519b85af6c42334b4156a9f8301ebc5e3b0b2,A_r1_s31019_t4_conic,True,True,COMPLETE_SUCCESS,False,optimal,conic,0,33,False,35.1146670000162,69.31166700087488,69.3142079981044,1.1743746998107566e-06,False,False,NO_NEGATIVE_WITNESS_FOUND,57571/18014398509481984,True,True,0.0654579998808913,27.823290998640005,0.3182500004186295,2.68079100351315,3.690625002491288,33.6328749981476,"[""0"",""1""]","{""axis"":null,""sign"":null}","{""lower"":[""18427191468225001890392088350377133293319477020962952933756708192503948200814138455341854429450745590308960572027746827567641431864607016972965006717835527281716259350123357278781643229478833373682571677749119681080574657798232231011682952623548143433007041379617941388793027050938926487966599517058531400491863230557424404639121"",""1147959164781522794259173285591499953137537021414435361022452689532487973396413293670336471139156613027299496586670516555029022885595391481319971986587722376783732793559836139959965188625068424784391694713277335757571997545320181074441519952365090362244930761688526637521499251747052451521869203267237094641971916892019288440832""],""ok"":true,""upper"":[""3848942045873138355858650590627205387045476891247"",""239777612374601260017792042867515182912301432832""]}","[""38235803900164514105569602265735110546387"",""2381976568446569244243622252022377480192""]",A_r1_s31019_t4_factor,True,True,COMPLETE_SUCCESS,False,stationary,factor,5,0,False,74.96425000135787,114.78937499487074,114.79383400001097,1.5270549268468026e-08,True,True,NO_NEGATIVE_WITNESS_FOUND,356849754339/18014398509481984,True,True,0.06337499507935718,5.720542001654394,0.19795800471911207,65.210708999075,2.931458002422005,39.05904199928045,"[""3273452985376698543572085009"",""3882441657859967246342815744""]","{""axis"":1,""sign"":1}","{""lower"":[""10243108483114054452897334281781454838977007735496146322276742810384980060529158181057712734818167766285962196006291129945724181598987002946002617998560956145438666059125227294939383338797981391413332508744314083292568859035481486981156415319062143015957408588545957249248067267648737067897137891116339020702455075830882061555885719563477686007455"",""638115115394997545921318285297743310194702764431578148623029031309404007088275176371066238766820423736936594524595670890134891693962574485489530289754274189403271040730298041563087761004534495553053494594301263671360158064355030660563569798971038135579907189596336329749960249932272712507927969492079475969731217918607711843706642139978563321856""],""ok"":true,""upper"":[""1612173917716407198988041921105065868944326414052551611112681"",""100433627766186892221372630771322662657637687111424552206336""]}","[""22857227718076652719386569843300917694538522876732778111"",""1236486006876622931252036813836075608777730696597733376""]",39.84958300134167,45.477707993995864
31019,5,0,31019_5,0460a063c9f3585f4e9478ac204c32ebaa69b93341e928069251d0fc59db849c,fdd937a50ec8c4a28c62f2b1ec78ba15e46c7a39d0a01c699522bffc62cd1f36,39c75ee513e4a6561ba26d5df93519b85af6c42334b4156a9f8301ebc5e3b0b2,A_r0_s31019_t5_conic,True,True,COMPLETE_SUCCESS,False,optimal,conic,0,30,False,33.21266699640546,67.61329199798638,67.62070799595676,6.125400779555981e-06,False,False,NO_NEGATIVE_WITNESS_FOUND,4301027/18014398509481984,True,True,0.06341699918266386,25.859500005026348,0.3426249968470074,2.7452089998405427,3.466082998784259,33.82787499867845,"[""0"",""1""]","{""axis"":null,""sign"":null}","{""lower"":[""169787523710646905580938357860756229897174394364569348140741974024238164108090736956218021634368476641682267990030245384187397835471207881285387960381291425930405398151400391816791423872989904610092011033957982132148358262344713310282379305679363506412160463728592315247822476128456370129948284838176481415750636425801583"",""10512032994660420060527770597452104268446695255731720633462161221670378052569127598201954904551546930601031941803532932805946795344570853751423023496854890322767466096203882775017006838958891117260881658674223133008284942754513294186955563307306288972502354539422272924895161847853250222323995188681721817005384919941120""],""ok"":true,""upper"":[""242051552411378017149338518953382414763011210037"",""14986100773412578751112002679219698932018839552""]}","[""1803424599666497149353336330621109287229"",""111655151645932933323919793063548944384""]",A_r0_s31019_t5_factor,True,True,COMPLETE_SUCCESS,False,optimal,conic,5,30,True,42.51287499937462,77.5740839962964,77.57891700020991,6.125400779555981e-06,False,False,NO_NEGATIVE_WITNESS_FOUND,4301027/18014398509481984,True,True,0.059334000980015844,34.976542003278155,0.31637500069336966,2.7602499976637773,3.466833004495129,34.02804199868115,"[""0"",""1""]","{""axis"":null,""sign"":null}","{""lower"":[""169787523710646905580938357860756229897174394364569348140741974024238164108090736956218021634368476641682267990030245384187397835471207881285387960381291425930405398151400391816791423872989904610092011033957982132148358262344713310282379305679363506412160463728592315247822476128456370129948284838176481415750636425801583"",""10512032994660420060527770597452104268446695255731720633462161221670378052569127598201954904551546930601031941803532932805946795344570853751423023496854890322767466096203882775017006838958891117260881658674223133008284942754513294186955563307306288972502354539422272924895161847853250222323995188681721817005384919941120""],""ok"":true,""upper"":[""242051552411378017149338518953382414763011210037"",""14986100773412578751112002679219698932018839552""]}","[""1803424599666497149353336330621109287229"",""111655151645932933323919793063548944384""]",9.300208002969157,9.960791998310015
31019,5,1,31019_5,0460a063c9f3585f4e9478ac204c32ebaa69b93341e928069251d0fc59db849c,fdd937a50ec8c4a28c62f2b1ec78ba15e46c7a39d0a01c699522bffc62cd1f36,39c75ee513e4a6561ba26d5df93519b85af6c42334b4156a9f8301ebc5e3b0b2,A_r1_s31019_t5_conic,True,True,COMPLETE_SUCCESS,False,optimal,conic,0,30,False,32.54712500347523,67.17212500370806,67.1748330059927,6.125400779555981e-06,False,False,NO_NEGATIVE_WITNESS_FOUND,4301027/18014398509481984,True,True,0.06029200449120253,25.59691700298572,0.30545800109393895,2.630417002364993,3.3140419982373714,34.06704100052593,"[""0"",""1""]","{""axis"":null,""sign"":null}","{""lower"":[""169787523710646905580938357860756229897174394364569348140741974024238164108090736956218021634368476641682267990030245384187397835471207881285387960381291425930405398151400391816791423872989904610092011033957982132148358262344713310282379305679363506412160463728592315247822476128456370129948284838176481415750636425801583"",""10512032994660420060527770597452104268446695255731720633462161221670378052569127598201954904551546930601031941803532932805946795344570853751423023496854890322767466096203882775017006838958891117260881658674223133008284942754513294186955563307306288972502354539422272924895161847853250222323995188681721817005384919941120""],""ok"":true,""upper"":[""242051552411378017149338518953382414763011210037"",""14986100773412578751112002679219698932018839552""]}","[""1803424599666497149353336330621109287229"",""111655151645932933323919793063548944384""]",A_r1_s31019_t5_factor,True,True,COMPLETE_SUCCESS,False,optimal,conic,5,30,True,42.56445899954997,77.11054199899081,77.1134169990546,6.125400779555981e-06,False,False,NO_NEGATIVE_WITNESS_FOUND,4301027/18014398509481984,True,True,0.0682500030961819,35.05458300060127,0.30370799504453316,2.7182920021004975,3.46137500309851,33.52575000462821,"[""0"",""1""]","{""axis"":null,""sign"":null}","{""lower"":[""169787523710646905580938357860756229897174394364569348140741974024238164108090736956218021634368476641682267990030245384187397835471207881285387960381291425930405398151400391816791423872989904610092011033957982132148358262344713310282379305679363506412160463728592315247822476128456370129948284838176481415750636425801583"",""10512032994660420060527770597452104268446695255731720633462161221670378052569127598201954904551546930601031941803532932805946795344570853751423023496854890322767466096203882775017006838958891117260881658674223133008284942754513294186955563307306288972502354539422272924895161847853250222323995188681721817005384919941120""],""ok"":true,""upper"":[""242051552411378017149338518953382414763011210037"",""14986100773412578751112002679219698932018839552""]}","[""1803424599666497149353336330621109287229"",""111655151645932933323919793063548944384""]",10.01733399607474,9.93841699528275
31019,6,0,31019_6,445f1f28d9e9f37c06753a0d568e87867bdb5034e47bd38c6835ee687601bfa5,fdd937a50ec8c4a28c62f2b1ec78ba15e46c7a39d0a01c699522bffc62cd1f36,39c75ee513e4a6561ba26d5df93519b85af6c42334b4156a9f8301ebc5e3b0b2,A_r0_s31019_t6_conic,True,True,COMPLETE_SUCCESS,False,optimal,conic,0,27,False,88.08041700103786,122.4262079995242,122.4292080005398,2.3931420798904143e-05,True,True,COLLISION_WITNESSED,10516647387363/18014398509481984,True,True,0.07424999785143882,23.57054199819686,0.30654200236313045,60.58704200404463,2.807834003760945,33.58237499924144,"[""204069518100463724891303211"",""242652603616247952896425984""]","{""axis"":1,""sign"":1}","{""lower"":[""295838702094845972863817652783693620658673403287171514639862213939415171072946740727424637730531258184132542516654971276755145662364657629467100996012722085433995347306856193430882756485591412794349849473168735401496129779555992692938039814521904651322334753097395028112923289806852383832955074374080240408387"",""18153059180089905805813269314076533802491339549838707281110743232632408718411326518931489222339925999791983265283181630200384631922981213657109161508067201675807479255380004285871886188508770748755748611146150519527741393038365104307233190790341211894492812955217840040523265153396630356867650558331988213760""],""ok"":true,""upper"":[""122113718373176082848277043368215226063308434441"",""7493050386706289375556001339609849466009419776""]}","[""86604930814375585014812623550182902082288821382018631"",""4830023464361808325203268804047170346788010533584896""]",A_r0_s31019_t6_factor,True,True,COMPLETE_SUCCESS,False,stationary,factor,4,0,False,37.48658300173702,70.29479199991329,70.29787500505336,1.5543359583936167e-08,False,False,NO_NEGATIVE_WITNESS_FOUND,-7965/18014398509481984,True,True,0.08041700493777171,4.796165994775947,0.23491599858971313,2.9244580000522546,28.876083000795916,32.229915996140335,"[""0"",""1""]","{""axis"":null,""sign"":null}","{""lower"":[""4531019638944449730348847261867482536482646299920920563405939617941217553811928301682792800932215639397468985145688916490649880799728925378628062783060377380922467368552003318217620288522740729140215576094948775498533163055974583643884809629396287802980465592875546787647535227786010965280773373011831285504764934356800759328181886072509989069"",""278029028722469012815419816102549585396419598614827592561820907914131393048554284180764347615845086703157750045137086869403351313339219063016366951704053952375307873790478149448415763553106796153493257899205450276216886132168148671060106535234873407855097831187882223010050823965463672969006944990887185491726212181503244630312693176289198080""],""ok"":true,""upper"":[""3907638985313361358259140545104985946071948618587"",""239777612374601260017792042867515182912301432832""]}","[""14557089601879422956179389604064154602617"",""893241213167463466591358344508391555072""]",-50.59383399930084,-52.13141599961091
31019,6,1,31019_6,445f1f28d9e9f37c06753a0d568e87867bdb5034e47bd38c6835ee687601bfa5,fdd937a50ec8c4a28c62f2b1ec78ba15e46c7a39d0a01c699522bffc62cd1f36,39c75ee513e4a6561ba26d5df93519b85af6c42334b4156a9f8301ebc5e3b0b2,A_r1_s31019_t6_conic,True,True,COMPLETE_SUCCESS,False,optimal,conic,0,27,False,88.75641699705739,122.90854199818568,122.9116670001531,2.3931420798904143e-05,True,True,COLLISION_WITNESSED,10516647387363/18014398509481984,True,True,0.06841700087534264,23.248124998644926,0.31229200249072164,61.542208000901155,2.8426250064512715,33.371083001839,"[""204069518100463724891303211"",""242652603616247952896425984""]","{""axis"":1,""sign"":1}","{""lower"":[""295838702094845972863817652783693620658673403287171514639862213939415171072946740727424637730531258184132542516654971276755145662364657629467100996012722085433995347306856193430882756485591412794349849473168735401496129779555992692938039814521904651322334753097395028112923289806852383832955074374080240408387"",""18153059180089905805813269314076533802491339549838707281110743232632408718411326518931489222339925999791983265283181630200384631922981213657109161508067201675807479255380004285871886188508770748755748611146150519527741393038365104307233190790341211894492812955217840040523265153396630356867650558331988213760""],""ok"":true,""upper"":[""122113718373176082848277043368215226063308434441"",""7493050386706289375556001339609849466009419776""]}","[""86604930814375585014812623550182902082288821382018631"",""4830023464361808325203268804047170346788010533584896""]",A_r1_s31019_t6_factor,True,True,COMPLETE_SUCCESS,False,stationary,factor,4,0,False,21.727833998738788,54.06554199726088,54.067958997620735,1.5543359583936167e-08,False,False,NO_NEGATIVE_WITNESS_FOUND,-7965/18014398509481984,True,True,0.06204199598869309,5.006667000998277,0.1968750002561137,2.6307090010959655,13.26991699897917,31.77950000099372,"[""0"",""1""]","{""axis"":null,""sign"":null}","{""lower"":[""4531019638944449730348847261867482536482646299920920563405939617941217553811928301682792800932215639397468985145688916490649880799728925378628062783060377380922467368552003318217620288522740729140215576094948775498533163055974583643884809629396287802980465592875546787647535227786010965280773373011831285504764934356800759328181886072509989069"",""278029028722469012815419816102549585396419598614827592561820907914131393048554284180764347615845086703157750045137086869403351313339219063016366951704053952375307873790478149448415763553106796153493257899205450276216886132168148671060106535234873407855097831187882223010050823965463672969006944990887185491726212181503244630312693176289198080""],""ok"":true,""upper"":[""3907638985313361358259140545104985946071948618587"",""239777612374601260017792042867515182912301432832""]}","[""14557089601879422956179389604064154602617"",""893241213167463466591358344508391555072""]",-67.0285829983186,-68.8430000009248
31019,7,0,31019_7,57b743b8830423f9665909d79f9953fbf905eadaa483a049bec78c4ab4f76df2,fdd937a50ec8c4a28c62f2b1ec78ba15e46c7a39d0a01c699522bffc62cd1f36,39c75ee513e4a6561ba26d5df93519b85af6c42334b4156a9f8301ebc5e3b0b2,A_r0_s31019_t7_conic,True,True,COMPLETE_SUCCESS,False,optimal,conic,0,27,False,94.93574999942211,129.31400000525173,129.3167500043637,8.355851352132262e-06,True,True,COLLISION_WITNESSED,2632707949847/9007199254740992,True,True,0.06345799920381978,23.615541998879053,0.32324999483535066,67.15887500467943,2.9192090005381033,33.60216700093588,"[""9424594744909126187092804971"",""31059533262879737970742525952""]","{""axis"":1,""sign"":1}","{""lower"":[""9156453421827442399010502802024813076996371062514968492850718960704335333013666536099161269181692780322850304480052988974197513414221850541594861841413272218856416328060310437091364102828130678837432325589927086959864554797895089807439634796116250855169477374599732938576227805681194985836976752736301124711142113"",""561186886540604900482159582160281918586871636586355542106925627298529437001359838229997836023854219879883010198637801870534049809760748544349923856330702567010665536775432448637785846629904861342018992717779221775592311999353298337609006276167526441309119704684186429613159025435967863108441537335216706766766080""],""ok"":true,""upper"":[""326022357899775589053627317551144860434836710651"",""19981467697883438334816003572292931909358452736""]}","[""446268531023479685255269794413975355857271031184051327053"",""26378368146701289200043452028502946320591588194084978688""]",A_r0_s31019_t7_factor,True,True,COMPLETE_SUCCESS,False,optimal,conic,4,27,True,102.90570800134446,138.0133749989909,138.01650000095833,8.355851352132262e-06,True,True,COLLISION_WITNESSED,2632707949847/9007199254740992,True,True,0.07349999941652641,31.782541002030484,0.31925000075716525,66.69649999821559,2.942332997918129,33.99145799630787,"[""9424594744909126187092804971"",""31059533262879737970742525952""]","{""axis"":1,""sign"":1}","{""lower"":[""9156453421827442399010502802024813076996371062514968492850718960704335333013666536099161269181692780322850304480052988974197513414221850541594861841413272218856416328060310437091364102828130678837432325589927086959864554797895089807439634796116250855169477374599732938576227805681194985836976752736301124711142113"",""561186886540604900482159582160281918586871636586355542106925627298529437001359838229997836023854219879883010198637801870534049809760748544349923856330702567010665536775432448637785846629904861342018992717779221775592311999353298337609006276167526441309119704684186429613159025435967863108441537335216706766766080""],""ok"":true,""upper"":[""326022357899775589053627317551144860434836710651"",""19981467697883438334816003572292931909358452736""]}","[""446268531023479685255269794413975355857271031184051327053"",""26378368146701289200043452028502946320591588194084978688""]",7.96995800192235,8.699374993739184
31019,7,1,31019_7,57b743b8830423f9665909d79f9953fbf905eadaa483a049bec78c4ab4f76df2,fdd937a50ec8c4a28c62f2b1ec78ba15e46c7a39d0a01c699522bffc62cd1f36,39c75ee513e4a6561ba26d5df93519b85af6c42334b4156a9f8301ebc5e3b0b2,A_r1_s31019_t7_conic,True,True,COMPLETE_SUCCESS,False,optimal,conic,0,27,False,97.25900000194088,131.95279100182233,131.9558329996653,8.355851352132262e-06,True,True,COLLISION_WITNESSED,2632707949847/9007199254740992,True,True,0.06979099998716265,24.381707997235935,0.32249999640043825,68.6152080015745,3.066208002564963,33.935125000425614,"[""9424594744909126187092804971"",""31059533262879737970742525952""]","{""axis"":1,""sign"":1}","{""lower"":[""9156453421827442399010502802024813076996371062514968492850718960704335333013666536099161269181692780322850304480052988974197513414221850541594861841413272218856416328060310437091364102828130678837432325589927086959864554797895089807439634796116250855169477374599732938576227805681194985836976752736301124711142113"",""561186886540604900482159582160281918586871636586355542106925627298529437001359838229997836023854219879883010198637801870534049809760748544349923856330702567010665536775432448637785846629904861342018992717779221775592311999353298337609006276167526441309119704684186429613159025435967863108441537335216706766766080""],""ok"":true,""upper"":[""326022357899775589053627317551144860434836710651"",""19981467697883438334816003572292931909358452736""]}","[""446268531023479685255269794413975355857271031184051327053"",""26378368146701289200043452028502946320591588194084978688""]",A_r1_s31019_t7_factor,True,True,COMPLETE_SUCCESS,False,optimal,conic,4,27,True,103.57870900043054,138.93637499859324,138.93924999865703,8.355851352132262e-06,True,True,COLLISION_WITNESSED,2632707949847/9007199254740992,True,True,0.0603340013185516,31.666832997871097,0.30508300551446155,67.3762920050649,3.033999993931502,34.16624999954365,"[""9424594744909126187092804971"",""31059533262879737970742525952""]","{""axis"":1,""sign"":1}","{""lower"":[""9156453421827442399010502802024813076996371062514968492850718960704335333013666536099161269181692780322850304480052988974197513414221850541594861841413272218856416328060310437091364102828130678837432325589927086959864554797895089807439634796116250855169477374599732938576227805681194985836976752736301124711142113"",""561186886540604900482159582160281918586871636586355542106925627298529437001359838229997836023854219879883010198637801870534049809760748544349923856330702567010665536775432448637785846629904861342018992717779221775592311999353298337609006276167526441309119704684186429613159025435967863108441537335216706766766080""],""ok"":true,""upper"":[""326022357899775589053627317551144860434836710651"",""19981467697883438334816003572292931909358452736""]}","[""446268531023479685255269794413975355857271031184051327053"",""26378368146701289200043452028502946320591588194084978688""]",6.319708998489659,6.9835839967709035
