seed,step,repeat,instance_id,input_sha256,protocol_sha256,source_sha256,conic_run_id,conic_physical_ok,conic_complete_ok,conic_recovery_attempted,conic_factor_fallback,conic_T_physical_return,conic_T_complete_return,conic_T_root,conic_trajectory_energy_exact,factor_run_id,factor_physical_ok,factor_complete_ok,factor_recovery_attempted,factor_factor_fallback,factor_T_physical_return,factor_T_complete_return,factor_T_root,factor_trajectory_energy_exact,delta_physical_ms,delta_complete_ms
31000,0,0,31000_0,6963e6d1eada8b8d46b833ab8cf67ae633db0733cbf5503750270170b521b54d,fdd937a50ec8c4a28c62f2b1ec78ba15e46c7a39d0a01c699522bffc62cd1f36,39c75ee513e4a6561ba26d5df93519b85af6c42334b4156a9f8301ebc5e3b0b2,A_r0_s31000_t0_conic,True,True,False,False,95.94874999311287,134.20049999695038,52.33312500058673,"[""7227973225761850770649367881237868481611"",""446620606583731733295679172254195777536""]",A_r0_s31000_t0_factor,True,True,False,True,93.85170799941989,127.68595800298499,52.35204199561849,"[""7227973225761850770649367881237868481611"",""446620606583731733295679172254195777536""]",-2.097041993692983,-6.514541993965395
31000,0,1,31000_0,6963e6d1eada8b8d46b833ab8cf67ae633db0733cbf5503750270170b521b54d,fdd937a50ec8c4a28c62f2b1ec78ba15e46c7a39d0a01c699522bffc62cd1f36,39c75ee513e4a6561ba26d5df93519b85af6c42334b4156a9f8301ebc5e3b0b2,A_r1_s31000_t0_conic,True,True,False,False,93.45570800360292,128.0963330063969,51.09558399999514,"[""7227973225761850770649367881237868481611"",""446620606583731733295679172254195777536""]",A_r1_s31000_t0_factor,True,True,False,True,95.31554199929815,130.56158399558626,53.507667005760595,"[""7227973225761850770649367881237868481611"",""446620606583731733295679172254195777536""]",1.859833995695226,2.4652509891893715
31000,1,0,31000_1,ad1d8259b38d47d89d142860292e1437aa9b62fd27b5da179124bdd74a297ffe,fdd937a50ec8c4a28c62f2b1ec78ba15e46c7a39d0a01c699522bffc62cd1f36,39c75ee513e4a6561ba26d5df93519b85af6c42334b4156a9f8301ebc5e3b0b2,A_r0_s31000_t1_conic,True,True,True,False,93.02179200312821,126.67787499958649,25.93929100112291,"[""5822480857875197206913530734936069777171942095498016648368359"",""324137387786665441690133938526244204387429435728916218118144""]",A_r0_s31000_t1_factor,True,True,True,True,102.5315419974504,136.67687500128523,33.66604199982248,"[""5822480857875197206913530734936069777171942095498016648368359"",""324137387786665441690133938526244204387429435728916218118144""]",9.509749994322192,9.999000001698732
31000,1,1,31000_1,ad1d8259b38d47d89d142860292e1437aa9b62fd27b5da179124bdd74a297ffe,fdd937a50ec8c4a28c62f2b1ec78ba15e46c7a39d0a01c699522bffc62cd1f36,39c75ee513e4a6561ba26d5df93519b85af6c42334b4156a9f8301ebc5e3b0b2,A_r1_s31000_t1_conic,True,True,True,False,96.65204200427979,131.00491699879058,26.069624997035135,"[""5822480857875197206913530734936069777171942095498016648368359"",""324137387786665441690133938526244204387429435728916218118144""]",A_r1_s31000_t1_factor,True,True,True,True,106.4124590047868,141.5195420049713,35.266708000563085,"[""5822480857875197206913530734936069777171942095498016648368359"",""324137387786665441690133938526244204387429435728916218118144""]",9.760417000507005,10.514625006180722
31000,2,0,31000_2,cb52f868db74434a988ec566803da48a084044e97c5b6b9d37ae2cc65550015f,fdd937a50ec8c4a28c62f2b1ec78ba15e46c7a39d0a01c699522bffc62cd1f36,39c75ee513e4a6561ba26d5df93519b85af6c42334b4156a9f8301ebc5e3b0b2,A_r0_s31000_t2_conic,True,True,True,False,86.54370900330832,149.66062500025146,24.212374999478925,"[""117839425572827110580527405261589840001938255707633279436853"",""6752862245555530035211123719296754258071446577685754544128""]",A_r0_s31000_t2_factor,True,True,True,False,66.38050000037765,97.77695799857611,5.270458001177758,"[""353518300372451622053113464726131522349181025974223917100519"",""20258586736666590105633371157890262774214339733057263632384""]",-20.16320900293067,-51.88366700167535
31000,2,1,31000_2,cb52f868db74434a988ec566803da48a084044e97c5b6b9d37ae2cc65550015f,fdd937a50ec8c4a28c62f2b1ec78ba15e46c7a39d0a01c699522bffc62cd1f36,39c75ee513e4a6561ba26d5df93519b85af6c42334b4156a9f8301ebc5e3b0b2,A_r1_s31000_t2_conic,True,True,True,False,87.81379200081574,122.80037500022445,24.75962499738671,"[""117839425572827110580527405261589840001938255707633279436853"",""6752862245555530035211123719296754258071446577685754544128""]",A_r1_s31000_t2_factor,True,True,True,False,80.82066700444557,113.09779200382764,5.540582998946775,"[""353518300372451622053113464726131522349181025974223917100519"",""20258586736666590105633371157890262774214339733057263632384""]",-6.99312499637017,-9.702582996396814
31000,3,0,31000_3,a9afec2a134cb80fb2f03e088c25477bfb4022380f2acd6044e0575ceb01140e,fdd937a50ec8c4a28c62f2b1ec78ba15e46c7a39d0a01c699522bffc62cd1f36,39c75ee513e4a6561ba26d5df93519b85af6c42334b4156a9f8301ebc5e3b0b2,A_r0_s31000_t3_conic,True,True,True,False,88.3531250001397,121.88487499952316,25.283916998887435,"[""12431709584877114109177329519213627755994149166560753"",""690003352051686903600466972006738620969715790512128""]",A_r0_s31000_t3_factor,True,True,True,True,97.69058299571043,132.26866599870846,33.56620800332166,"[""12431709584877114109177329519213627755994149166560753"",""690003352051686903600466972006738620969715790512128""]",9.33745799557073,10.383790999185294
31000,3,1,31000_3,a9afec2a134cb80fb2f03e088c25477bfb4022380f2acd6044e0575ceb01140e,fdd937a50ec8c4a28c62f2b1ec78ba15e46c7a39d0a01c699522bffc62cd1f36,39c75ee513e4a6561ba26d5df93519b85af6c42334b4156a9f8301ebc5e3b0b2,A_r1_s31000_t3_conic,True,True,True,False,90.81862500170246,125.53716600086773,25.669083996035624,"[""12431709584877114109177329519213627755994149166560753"",""690003352051686903600466972006738620969715790512128""]",A_r1_s31000_t3_factor,True,True,True,True,100.2206670018495,135.0185839983169,34.22462500020629,"[""12431709584877114109177329519213627755994149166560753"",""690003352051686903600466972006738620969715790512128""]",9.402042000147048,9.48141799744917
31000,4,0,31000_4,76430d5efde0b718d8a7860b3be6e6b21fef1bf2380fb50f61db359783d9db79,fdd937a50ec8c4a28c62f2b1ec78ba15e46c7a39d0a01c699522bffc62cd1f36,39c75ee513e4a6561ba26d5df93519b85af6c42334b4156a9f8301ebc5e3b0b2,A_r0_s31000_t4_conic,True,True,True,False,97.14812499441905,131.9635420004488,29.223957993963268,"[""465626889048319964268081103627096680972281138511463557"",""25760125143262977734417433621584908516202722845786112""]",A_r0_s31000_t4_factor,True,True,False,False,46.64216699893586,96.00279199366923,7.843458006391302,"[""3638275816992058538237758192530009210853"",""223310303291865866647839586127097888768""]",-50.505957995483186,-35.96075000677956
31000,4,1,31000_4,76430d5efde0b718d8a7860b3be6e6b21fef1bf2380fb50f61db359783d9db79,fdd937a50ec8c4a28c62f2b1ec78ba15e46c7a39d0a01c699522bffc62cd1f36,39c75ee513e4a6561ba26d5df93519b85af6c42334b4156a9f8301ebc5e3b0b2,A_r1_s31000_t4_conic,True,True,True,False,98.50970799743664,132.92583300062688,29.017499997280538,"[""465626889048319964268081103627096680972281138511463557"",""25760125143262977734417433621584908516202722845786112""]",A_r1_s31000_t4_factor,True,True,False,False,28.19729199836729,78.19166699482594,7.896875002188608,"[""3638275816992058538237758192530009210853"",""223310303291865866647839586127097888768""]",-70.31241599906934,-54.734166005800944
31000,5,0,31000_5,7c5430aa0b73af2254e0eaa6da6741beed01c5677e99e52ff463cab01276f3ce,fdd937a50ec8c4a28c62f2b1ec78ba15e46c7a39d0a01c699522bffc62cd1f36,39c75ee513e4a6561ba26d5df93519b85af6c42334b4156a9f8301ebc5e3b0b2,A_r0_s31000_t5_conic,True,True,True,False,79.26004200271564,113.03350000525825,24.337791997822933,"[""21546962996420767674776516169442870070095616852627969"",""1207505866090452081300817201011792586697002633396224""]",A_r0_s31000_t5_factor,True,True,True,True,92.29125000274507,126.32224999833852,34.640541998669505,"[""21546962996420767674776516169442870070095616852627969"",""1207505866090452081300817201011792586697002633396224""]",13.031208000029437,13.288749993080273
31000,5,1,31000_5,7c5430aa0b73af2254e0eaa6da6741beed01c5677e99e52ff463cab01276f3ce,fdd937a50ec8c4a28c62f2b1ec78ba15e46c7a39d0a01c699522bffc62cd1f36,39c75ee513e4a6561ba26d5df93519b85af6c42334b4156a9f8301ebc5e3b0b2,A_r1_s31000_t5_conic,True,True,True,False,81.66508399881423,115.94916700414615,24.69470900541637,"[""21546962996420767674776516169442870070095616852627969"",""1207505866090452081300817201011792586697002633396224""]",A_r1_s31000_t5_factor,True,True,True,True,89.29545900173252,123.90329199843109,32.55154200451216,"[""21546962996420767674776516169442870070095616852627969"",""1207505866090452081300817201011792586697002633396224""]",7.630375002918299,7.954124994284939
31000,6,0,31000_6,d01ef18776195fdef9451b60ebbcae11c37805d5982f335e0d33ec5fd791449f,fdd937a50ec8c4a28c62f2b1ec78ba15e46c7a39d0a01c699522bffc62cd1f36,39c75ee513e4a6561ba26d5df93519b85af6c42334b4156a9f8301ebc5e3b0b2,A_r0_s31000_t6_conic,True,True,True,False,88.63662499788916,122.64554199646227,24.47037499950966,"[""1364487401648581326870534867668819128454453187133212091"",""77280375429788933203252300864754725548608168537358336""]",A_r0_s31000_t6_factor,True,True,True,True,99.23883299779845,132.95916700008092,34.64249999524327,"[""1364487401648581326870534867668819128454453187133212091"",""77280375429788933203252300864754725548608168537358336""]",10.602207999909297,10.313625003618654
31000,6,1,31000_6,d01ef18776195fdef9451b60ebbcae11c37805d5982f335e0d33ec5fd791449f,fdd937a50ec8c4a28c62f2b1ec78ba15e46c7a39d0a01c699522bffc62cd1f36,39c75ee513e4a6561ba26d5df93519b85af6c42334b4156a9f8301ebc5e3b0b2,A_r1_s31000_t6_conic,True,True,True,False,95.5238750029821,129.7845840017544,24.929041996074375,"[""1364487401648581326870534867668819128454453187133212091"",""77280375429788933203252300864754725548608168537358336""]",A_r1_s31000_t6_factor,True,True,True,True,104.06254199915566,138.93445899884682,36.161459000140894,"[""1364487401648581326870534867668819128454453187133212091"",""77280375429788933203252300864754725548608168537358336""]",8.53866699617356,9.149874997092411
31000,7,0,31000_7,c0e0a50c73c010f26c04ee4c2c39771bead5152a037a5957b96285ad43395cf9,fdd937a50ec8c4a28c62f2b1ec78ba15e46c7a39d0a01c699522bffc62cd1f36,39c75ee513e4a6561ba26d5df93519b85af6c42334b4156a9f8301ebc5e3b0b2,A_r0_s31000_t7_conic,True,True,True,False,81.47008299420122,115.26791600044817,26.216792000923306,"[""12048802489134544540692554889467063784045067729562663"",""690003352051686903600466972006738620969715790512128""]",A_r0_s31000_t7_factor,True,True,True,False,59.128291002707556,90.88341599999694,4.863207999733277,"[""28113875054751486263356922226903853835029374710227877"",""1610007821453936108401089601349056782262670177861632""]",-22.341791991493665,-24.384500000451226
31000,7,1,31000_7,c0e0a50c73c010f26c04ee4c2c39771bead5152a037a5957b96285ad43395cf9,fdd937a50ec8c4a28c62f2b1ec78ba15e46c7a39d0a01c699522bffc62cd1f36,39c75ee513e4a6561ba26d5df93519b85af6c42334b4156a9f8301ebc5e3b0b2,A_r1_s31000_t7_conic,True,True,True,False,84.33504199638264,118.7220840001828,26.506916001380887,"[""12048802489134544540692554889467063784045067729562663"",""690003352051686903600466972006738620969715790512128""]",A_r1_s31000_t7_factor,True,True,True,False,62.23679200047627,94.2412090007565,4.863083995587658,"[""28113875054751486263356922226903853835029374710227877"",""1610007821453936108401089601349056782262670177861632""]",-22.09824999590637,-24.480874999426305
31001,0,0,31001_0,1365526aead9e4980d0dd555eb043ae65b93443a199f7a1e7b0824aa82838db6,fdd937a50ec8c4a28c62f2b1ec78ba15e46c7a39d0a01c699522bffc62cd1f36,39c75ee513e4a6561ba26d5df93519b85af6c42334b4156a9f8301ebc5e3b0b2,A_r0_s31001_t0_conic,True,True,True,False,148.20441699703224,190.73716700222576,49.813625002570916,"[""5489424269327762236156772128768258378268054627969336697191"",""316540417760415470400521424342035355847099058329019744256""]",A_r0_s31001_t0_factor,True,True,True,True,149.65466700232355,183.64912499964703,51.908541994635016,"[""5489424269327762236156772128768258378268054627969336697191"",""316540417760415470400521424342035355847099058329019744256""]",1.4502500052913092,-7.088042002578732
31001,0,1,31001_0,1365526aead9e4980d0dd555eb043ae65b93443a199f7a1e7b0824aa82838db6,fdd937a50ec8c4a28c62f2b1ec78ba15e46c7a39d0a01c699522bffc62cd1f36,39c75ee513e4a6561ba26d5df93519b85af6c42334b4156a9f8301ebc5e3b0b2,A_r1_s31001_t0_conic,True,True,True,False,148.93087499513058,183.17258399474667,49.47658300079638,"[""5489424269327762236156772128768258378268054627969336697191"",""316540417760415470400521424342035355847099058329019744256""]",A_r1_s31001_t0_factor,True,True,True,True,182.5564589962596,216.5549999990617,81.95791699836263,"[""5489424269327762236156772128768258378268054627969336697191"",""316540417760415470400521424342035355847099058329019744256""]",33.62558400112903,33.38241600431502
31001,1,0,31001_1,3e9f5e617bd12ea17cbbe2ceb5c8c86109b5cda1084ff818d34dbcb4eea85d99,fdd937a50ec8c4a28c62f2b1ec78ba15e46c7a39d0a01c699522bffc62cd1f36,39c75ee513e4a6561ba26d5df93519b85af6c42334b4156a9f8301ebc5e3b0b2,A_r0_s31001_t1_conic,True,True,True,False,76.314124999044,110.60937499860302,11.886915999639314,"[""452787930985483759012522813417898476164964212608947138093"",""26378368146701289200043452028502946320591588194084978688""]",A_r0_s31001_t1_factor,True,True,True,False,70.42354199802503,102.36474999692291,5.165707996638957,"[""1358365007667262824095771558521203111799913022985482365359"",""79135104440103867600130356085508838961774764582254936064""]",-5.8905830010189675,-8.244625001680106
31001,1,1,31001_1,3e9f5e617bd12ea17cbbe2ceb5c8c86109b5cda1084ff818d34dbcb4eea85d99,fdd937a50ec8c4a28c62f2b1ec78ba15e46c7a39d0a01c699522bffc62cd1f36,39c75ee513e4a6561ba26d5df93519b85af6c42334b4156a9f8301ebc5e3b0b2,A_r1_s31001_t1_conic,True,True,True,False,76.77791600144701,110.93716600589687,11.576999997487292,"[""452787930985483759012522813417898476164964212608947138093"",""26378368146701289200043452028502946320591588194084978688""]",A_r1_s31001_t1_factor,True,True,True,False,70.33975000376813,102.31895800097845,5.098708999867085,"[""1358365007667262824095771558521203111799913022985482365359"",""79135104440103867600130356085508838961774764582254936064""]",-6.43816599767888,-8.618208004918415
31001,2,0,31001_2,4888a263c56f834983850d389f14d3a4f1878d1489d1acd5b8bab3f394464f83,fdd937a50ec8c4a28c62f2b1ec78ba15e46c7a39d0a01c699522bffc62cd1f36,39c75ee513e4a6561ba26d5df93519b85af6c42334b4156a9f8301ebc5e3b0b2,A_r0_s31001_t2_conic,True,True,True,False,94.51833300408907,128.01274999947054,24.59712500422029,"[""5247740925934015922188623852129730371817747815462258079"",""309121501719155732813009203459018902194432674149433344""]",A_r0_s31001_t2_factor,True,True,False,False,17.27858300000662,48.71987500519026,8.41112499620067,"[""306485108918561224604495350283660237153591"",""19055812547572553953948978016179019841536""]",-77.23975000408245,-79.29287499428028
31001,2,1,31001_2,4888a263c56f834983850d389f14d3a4f1878d1489d1acd5b8bab3f394464f83,fdd937a50ec8c4a28c62f2b1ec78ba15e46c7a39d0a01c699522bffc62cd1f36,39c75ee513e4a6561ba26d5df93519b85af6c42334b4156a9f8301ebc5e3b0b2,A_r1_s31001_t2_conic,True,True,True,False,96.84883400041144,131.137292002677,24.45399999851361,"[""5247740925934015922188623852129730371817747815462258079"",""309121501719155732813009203459018902194432674149433344""]",A_r1_s31001_t2_factor,True,True,False,False,17.610333998163696,49.482166999951005,8.572291997552384,"[""306485108918561224604495350283660237153591"",""19055812547572553953948978016179019841536""]",-79.23850000224775,-81.65512500272598
31001,3,0,31001_3,bf5696a799198dc319fe0872070af351f377535d5c7f23982ea12ef2302254e0,fdd937a50ec8c4a28c62f2b1ec78ba15e46c7a39d0a01c699522bffc62cd1f36,39c75ee513e4a6561ba26d5df93519b85af6c42334b4156a9f8301ebc5e3b0b2,A_r0_s31001_t3_conic,True,True,False,False,34.95775000192225,68.6145840008976,26.731915997515898,"[""115080308509926931179619599633766878962551"",""7145929705339707732730866756067132440576""]",A_r0_s31001_t3_factor,True,True,True,False,71.61370899848407,103.99912499997299,6.043875000614207,"[""3371087295041284978175148775367149591660342823880309"",""201250977681742013550136200168632097782833772232704""]",36.65595899656182,35.3845409990754
31001,3,1,31001_3,bf5696a799198dc319fe0872070af351f377535d5c7f23982ea12ef2302254e0,fdd937a50ec8c4a28c62f2b1ec78ba15e46c7a39d0a01c699522bffc62cd1f36,39c75ee513e4a6561ba26d5df93519b85af6c42334b4156a9f8301ebc5e3b0b2,A_r1_s31001_t3_conic,True,True,False,False,35.41116599808447,69.79033300012816,26.944999997795094,"[""115080308509926931179619599633766878962551"",""7145929705339707732730866756067132440576""]",A_r1_s31001_t3_factor,True,True,True,False,83.16583299892955,116.18383300083224,6.233833002625033,"[""3371087295041284978175148775367149591660342823880309"",""201250977681742013550136200168632097782833772232704""]",47.754667000845075,46.39350000070408
31001,4,0,31001_4,6934560c6637ff6f373c4d636a7948f8b8ccb0377d5807e1fe6efbcfa65efd8e,fdd937a50ec8c4a28c62f2b1ec78ba15e46c7a39d0a01c699522bffc62cd1f36,39c75ee513e4a6561ba26d5df93519b85af6c42334b4156a9f8301ebc5e3b0b2,A_r0_s31001_t4_conic,True,True,False,False,34.4917499969597,68.00612500228453,27.656083002511878,"[""2059485491724458205235141229901012483961"",""127605887595351923798765477786913079296""]",A_r0_s31001_t4_factor,True,True,False,True,42.18708299595164,76.24000000214437,35.14445899782004,"[""2059485491724458205235141229901012483961"",""127605887595351923798765477786913079296""]",7.695332998991944,8.233874999859836
31001,4,1,31001_4,6934560c6637ff6f373c4d636a7948f8b8ccb0377d5807e1fe6efbcfa65efd8e,fdd937a50ec8c4a28c62f2b1ec78ba15e46c7a39d0a01c699522bffc62cd1f36,39c75ee513e4a6561ba26d5df93519b85af6c42334b4156a9f8301ebc5e3b0b2,A_r1_s31001_t4_conic,True,True,False,False,34.47079199395375,68.89295899600256,27.635875005216803,"[""2059485491724458205235141229901012483961"",""127605887595351923798765477786913079296""]",A_r1_s31001_t4_factor,True,True,False,True,42.7984169946285,77.5923339970177,35.62525000597816,"[""2059485491724458205235141229901012483961"",""127605887595351923798765477786913079296""]",8.327625000674743,8.699375001015142
31001,5,0,31001_5,e4195723fe8ff66f30d6a27b73db86deb7670105d94599850be5e7da0fb27fdb,fdd937a50ec8c4a28c62f2b1ec78ba15e46c7a39d0a01c699522bffc62cd1f36,39c75ee513e4a6561ba26d5df93519b85af6c42334b4156a9f8301ebc5e3b0b2,A_r0_s31001_t5_conic,True,True,True,False,94.98987499682698,128.96512499719393,23.392084003717173,"[""5091157842628263691674950126260357687074906362309"",""307034775946629721552559121662384736435242532864""]",A_r0_s31001_t5_factor,True,True,True,False,80.32129200000782,120.04016699938802,5.465624999487773,"[""3394103921210525875488832416622566862321471527371"",""204689850631086481035039414441589824290161688576""]",-14.668582996819168,-8.924957997805905
31001,5,1,31001_5,e4195723fe8ff66f30d6a27b73db86deb7670105d94599850be5e7da0fb27fdb,fdd937a50ec8c4a28c62f2b1ec78ba15e46c7a39d0a01c699522bffc62cd1f36,39c75ee513e4a6561ba26d5df93519b85af6c42334b4156a9f8301ebc5e3b0b2,A_r1_s31001_t5_conic,True,True,True,False,96.58179200050654,130.64537500031292,23.738625000987668,"[""5091157842628263691674950126260357687074906362309"",""307034775946629721552559121662384736435242532864""]",A_r1_s31001_t5_factor,True,True,True,False,82.0833749967278,121.75695799669484,5.394624997279607,"[""3394103921210525875488832416622566862321471527371"",""204689850631086481035039414441589824290161688576""]",-14.49841700377874,-8.888417003618088
31001,6,0,31001_6,d224191d90b5387121790d370fcb8aa6aa7e94fef322d2e1ed3ab165ad83af36,fdd937a50ec8c4a28c62f2b1ec78ba15e46c7a39d0a01c699522bffc62cd1f36,39c75ee513e4a6561ba26d5df93519b85af6c42334b4156a9f8301ebc5e3b0b2,A_r0_s31001_t6_conic,True,True,True,False,76.51304099999834,137.81762500002515,23.698457996943034,"[""81231639068148306539929978179475772068027771073989"",""4912556415146075544840945946598155782963880525824""]",A_r0_s31001_t6_factor,True,True,True,False,65.77924999874085,111.03908299992327,5.347874997823965,"[""5802260180569609591902317753546106725777389600691"",""350896886796148253202924710471296841640277180416""]",-10.733791001257487,-26.77854200010188
31001,6,1,31001_6,d224191d90b5387121790d370fcb8aa6aa7e94fef322d2e1ed3ab165ad83af36,fdd937a50ec8c4a28c62f2b1ec78ba15e46c7a39d0a01c699522bffc62cd1f36,39c75ee513e4a6561ba26d5df93519b85af6c42334b4156a9f8301ebc5e3b0b2,A_r1_s31001_t6_conic,True,True,True,False,78.93808399967384,113.28137500095181,23.7314170008176,"[""81231639068148306539929978179475772068027771073989"",""4912556415146075544840945946598155782963880525824""]",A_r1_s31001_t6_factor,True,True,True,False,63.67741700523766,108.9387500032899,5.409750003309455,"[""5802260180569609591902317753546106725777389600691"",""350896886796148253202924710471296841640277180416""]",-15.260666994436178,-4.342624997661915
31001,7,0,31001_7,aa7a259bc25b51ed546a6423a08abda8458418903b44e782dce7c61f55869cf0,fdd937a50ec8c4a28c62f2b1ec78ba15e46c7a39d0a01c699522bffc62cd1f36,39c75ee513e4a6561ba26d5df93519b85af6c42334b4156a9f8301ebc5e3b0b2,A_r0_s31001_t7_conic,True,True,True,False,88.26745799888158,122.00541600032011,23.59979200264206,"[""20278534792866375820898414369388820452523848749041"",""1228139103786518886210236486649538945740970131456""]",A_r0_s31001_t7_factor,True,True,False,False,29.332416997931432,83.01166699675377,5.287334002787247,"[""28897731194609265848978285012705631258229"",""1786482426334926933182716689016783110144""]",-58.93504100095015,-38.993749003566336
31001,7,1,31001_7,aa7a259bc25b51ed546a6423a08abda8458418903b44e782dce7c61f55869cf0,fdd937a50ec8c4a28c62f2b1ec78ba15e46c7a39d0a01c699522bffc62cd1f36,39c75ee513e4a6561ba26d5df93519b85af6c42334b4156a9f8301ebc5e3b0b2,A_r1_s31001_t7_conic,True,True,True,False,90.24587499879999,124.45441599993501,23.890208001830615,"[""20278534792866375820898414369388820452523848749041"",""1228139103786518886210236486649538945740970131456""]",A_r1_s31001_t7_factor,True,True,False,False,25.736874995345715,79.81858299899613,5.567209002037998,"[""28897731194609265848978285012705631258229"",""1786482426334926933182716689016783110144""]",-64.50900000345428,-44.635833000938874
31002,0,0,31002_0,812a0bae8a4fc196efeb61c0916781cc74cd80c066dba435016c4ef788e6d217,fdd937a50ec8c4a28c62f2b1ec78ba15e46c7a39d0a01c699522bffc62cd1f36,39c75ee513e4a6561ba26d5df93519b85af6c42334b4156a9f8301ebc5e3b0b2,A_r0_s31002_t0_conic,True,True,False,False,98.50529200048186,132.40195799880894,58.23954199877335,"[""5115256051224106577668138730562117150793554176631"",""319703483166135013357056057156686910549735243776""]",A_r0_s31002_t0_factor,True,True,False,True,97.23862499959068,130.9815830027219,57.868625000992324,"[""5115256051224106577668138730562117150793554176631"",""319703483166135013357056057156686910549735243776""]",-1.2666670008911751,-1.4203749960870482
31002,0,1,31002_0,812a0bae8a4fc196efeb61c0916781cc74cd80c066dba435016c4ef788e6d217,fdd937a50ec8c4a28c62f2b1ec78ba15e46c7a39d0a01c699522bffc62cd1f36,39c75ee513e4a6561ba26d5df93519b85af6c42334b4156a9f8301ebc5e3b0b2,A_r1_s31002_t0_conic,True,True,False,False,94.18241700041108,127.91558299795724,54.08874999557156,"[""5115256051224106577668138730562117150793554176631"",""319703483166135013357056057156686910549735243776""]",A_r1_s31002_t0_factor,True,True,False,True,106.40929199871607,140.59837500099093,66.34800000028918,"[""5115256051224106577668138730562117150793554176631"",""319703483166135013357056057156686910549735243776""]",12.226874998304993,12.682792003033683
31002,1,0,31002_1,2cb7190742147643e6d10dc8a60a501e3a872c949ed08e564110503348b08098,fdd937a50ec8c4a28c62f2b1ec78ba15e46c7a39d0a01c699522bffc62cd1f36,39c75ee513e4a6561ba26d5df93519b85af6c42334b4156a9f8301ebc5e3b0b2,A_r0_s31002_t1_conic,True,True,False,False,33.40962499351008,69.06291699851863,26.22562499891501,"[""43589817328530829699340330813229008262703"",""2722258935367507707706996859454145691648""]",A_r0_s31002_t1_factor,True,True,True,False,70.96016599825816,104.78191600122955,7.151874997362029,"[""4274675380799221646196111997892630371326626068959161"",""239545608052837207519863269015071977226429221830656""]",37.550541004748084,35.718999002710916
31002,1,1,31002_1,2cb7190742147643e6d10dc8a60a501e3a872c949ed08e564110503348b08098,fdd937a50ec8c4a28c62f2b1ec78ba15e46c7a39d0a01c699522bffc62cd1f36,39c75ee513e4a6561ba26d5df93519b85af6c42334b4156a9f8301ebc5e3b0b2,A_r1_s31002_t1_conic,True,True,False,False,32.56754200265277,66.72045899904333,25.47241600404959,"[""43589817328530829699340330813229008262703"",""2722258935367507707706996859454145691648""]",A_r1_s31002_t1_factor,True,True,True,False,71.10037500387989,105.45249999995576,7.146333002310712,"[""4274675380799221646196111997892630371326626068959161"",""239545608052837207519863269015071977226429221830656""]",38.53283300122712,38.73204100091243
31002,2,0,31002_2,4e802a50c2d44960dda196b7471038a81d3d63ce7d0803fa7d1cb2da685eb016,fdd937a50ec8c4a28c62f2b1ec78ba15e46c7a39d0a01c699522bffc62cd1f36,39c75ee513e4a6561ba26d5df93519b85af6c42334b4156a9f8301ebc5e3b0b2,A_r0_s31002_t2_conic,True,True,False,False,35.530833003576845,70.0834580056835,28.344708000076935,"[""152875185484707904701668490487758779848313"",""9527906273786276976974489008089509920768""]",A_r0_s31002_t2_factor,True,True,True,False,75.8860830028425,111.57733300206019,4.946625005686656,"[""706995659177626958388798707544833560333616401534867"",""39300451321168604358727567572785246263711044206592""]",40.35524999926565,41.49387499637669
31002,2,1,31002_2,4e802a50c2d44960dda196b7471038a81d3d63ce7d0803fa7d1cb2da685eb016,fdd937a50ec8c4a28c62f2b1ec78ba15e46c7a39d0a01c699522bffc62cd1f36,39c75ee513e4a6561ba26d5df93519b85af6c42334b4156a9f8301ebc5e3b0b2,A_r1_s31002_t2_conic,True,True,False,False,34.24429199367296,68.82283299637493,27.090167001006193,"[""152875185484707904701668490487758779848313"",""9527906273786276976974489008089509920768""]",A_r1_s31002_t2_factor,True,True,True,False,74.03058300405974,107.90695800096728,5.264624996925704,"[""706995659177626958388798707544833560333616401534867"",""39300451321168604358727567572785246263711044206592""]",39.786291010386776,39.08412500459235
31002,3,0,31002_3,338f21d08201de2ef313ffc560c1cf11c968971a7b409b7136633ff4a0ccd87e,fdd937a50ec8c4a28c62f2b1ec78ba15e46c7a39d0a01c699522bffc62cd1f36,39c75ee513e4a6561ba26d5df93519b85af6c42334b4156a9f8301ebc5e3b0b2,A_r0_s31002_t3_conic,True,True,False,False,31.692292002844624,65.24012500449317,24.56250000250293,"[""114975130044720308299647959915257529093051"",""7145929705339707732730866756067132440576""]",A_r0_s31002_t3_factor,True,True,False,False,30.045833002077416,78.95250000001397,5.706832998839673,"[""229950260077276470874593979661475491370077"",""14291859410679415465461733512134264881152""]",-1.6464590007672086,13.712374995520804
31002,3,1,31002_3,338f21d08201de2ef313ffc560c1cf11c968971a7b409b7136633ff4a0ccd87e,fdd937a50ec8c4a28c62f2b1ec78ba15e46c7a39d0a01c699522bffc62cd1f36,39c75ee513e4a6561ba26d5df93519b85af6c42334b4156a9f8301ebc5e3b0b2,A_r1_s31002_t3_conic,True,True,False,False,31.281584000680596,65.17433400586015,24.11512500111712,"[""114975130044720308299647959915257529093051"",""7145929705339707732730866756067132440576""]",A_r1_s31002_t3_factor,True,True,False,False,26.783542001794558,75.58245900145266,6.134999995992985,"[""229950260077276470874593979661475491370077"",""14291859410679415465461733512134264881152""]",-4.498041998886038,10.408124995592516
31002,4,0,31002_4,68a3e0d3df9e355f5519bfecaf0e95420419eb6c5a8567eb9dea74f055ad610a,fdd937a50ec8c4a28c62f2b1ec78ba15e46c7a39d0a01c699522bffc62cd1f36,39c75ee513e4a6561ba26d5df93519b85af6c42334b4156a9f8301ebc5e3b0b2,A_r0_s31002_t4_conic,True,True,True,False,89.56591600144748,123.74854099471122,25.797832997341175,"[""355709268013996806186898156490568623457187207155256999"",""19320093857447233300813075216188681387152042134339584""]",A_r0_s31002_t4_factor,True,True,True,True,97.75950000039302,132.1087910037022,33.67250000155764,"[""355709268013996806186898156490568623457187207155256999"",""19320093857447233300813075216188681387152042134339584""]",8.193583998945542,8.360250008990988
31002,4,1,31002_4,68a3e0d3df9e355f5519bfecaf0e95420419eb6c5a8567eb9dea74f055ad610a,fdd937a50ec8c4a28c62f2b1ec78ba15e46c7a39d0a01c699522bffc62cd1f36,39c75ee513e4a6561ba26d5df93519b85af6c42334b4156a9f8301ebc5e3b0b2,A_r1_s31002_t4_conic,True,True,True,False,90.15691700187745,124.77320800098823,25.645416993938852,"[""355709268013996806186898156490568623457187207155256999"",""19320093857447233300813075216188681387152042134339584""]",A_r1_s31002_t4_factor,True,True,True,True,98.2259999946109,133.26412499736762,34.06095800164621,"[""355709268013996806186898156490568623457187207155256999"",""19320093857447233300813075216188681387152042134339584""]",8.069082992733456,8.490916996379383
31002,5,0,31002_5,f58bcb90e73941ddcda21957c8597207ce635aef135565dca9e49c9fcc9e4e3e,fdd937a50ec8c4a28c62f2b1ec78ba15e46c7a39d0a01c699522bffc62cd1f36,39c75ee513e4a6561ba26d5df93519b85af6c42334b4156a9f8301ebc5e3b0b2,A_r0_s31002_t5_conic,True,True,True,False,93.75429100327892,127.78529099887237,27.35137499985285,"[""2691019007626882241087221789589574380859929916193283"",""150938233261306510162602150126474073337125329174528""]",A_r0_s31002_t5_factor,True,True,True,True,104.45695900125429,138.51066699862713,36.019082996062934,"[""2691019007626882241087221789589574380859929916193283"",""150938233261306510162602150126474073337125329174528""]",10.702667997975368,10.72537599975476
31002,5,1,31002_5,f58bcb90e73941ddcda21957c8597207ce635aef135565dca9e49c9fcc9e4e3e,fdd937a50ec8c4a28c62f2b1ec78ba15e46c7a39d0a01c699522bffc62cd1f36,39c75ee513e4a6561ba26d5df93519b85af6c42334b4156a9f8301ebc5e3b0b2,A_r1_s31002_t5_conic,True,True,True,False,94.92208400479285,129.55829199927393,27.682082996761892,"[""2691019007626882241087221789589574380859929916193283"",""150938233261306510162602150126474073337125329174528""]",A_r1_s31002_t5_factor,True,True,True,True,109.38975000317441,144.087833003141,40.53404199657962,"[""2691019007626882241087221789589574380859929916193283"",""150938233261306510162602150126474073337125329174528""]",14.467665998381563,14.529541003867052
31002,6,0,31002_6,fa02f4c98c464b2c25c96d4b87ba2a52951d95a0dbfc1866dd8135c4814eb90b,fdd937a50ec8c4a28c62f2b1ec78ba15e46c7a39d0a01c699522bffc62cd1f36,39c75ee513e4a6561ba26d5df93519b85af6c42334b4156a9f8301ebc5e3b0b2,A_r0_s31002_t6_conic,True,True,True,False,91.0614170061308,124.8464580057771,25.61720900121145,"[""5387681103903778739303892150704702329929506358487241639"",""309121501719155732813009203459018902194432674149433344""]",A_r0_s31002_t6_factor,True,True,True,True,103.84779200103367,138.13245900382753,36.96558299998287,"[""5387681103903778739303892150704702329929506358487241639"",""309121501719155732813009203459018902194432674149433344""]",12.786374994902872,13.28600099805044
31002,6,1,31002_6,fa02f4c98c464b2c25c96d4b87ba2a52951d95a0dbfc1866dd8135c4814eb90b,fdd937a50ec8c4a28c62f2b1ec78ba15e46c7a39d0a01c699522bffc62cd1f36,39c75ee513e4a6561ba26d5df93519b85af6c42334b4156a9f8301ebc5e3b0b2,A_r1_s31002_t6_conic,True,True,True,False,94.4982080036425,128.72904200048652,25.71808400534792,"[""5387681103903778739303892150704702329929506358487241639"",""309121501719155732813009203459018902194432674149433344""]",A_r1_s31002_t6_factor,True,True,True,True,105.6836249990738,140.5689999955939,37.28083299938589,"[""5387681103903778739303892150704702329929506358487241639"",""309121501719155732813009203459018902194432674149433344""]",11.185416995431297,11.839957995107397
31002,7,0,31002_7,145740ed3c2dcbe632073e7ddabd281da0cf0ffca6e24176dac5eb7d85774b52,fdd937a50ec8c4a28c62f2b1ec78ba15e46c7a39d0a01c699522bffc62cd1f36,39c75ee513e4a6561ba26d5df93519b85af6c42334b4156a9f8301ebc5e3b0b2,A_r0_s31002_t7_conic,True,True,False,False,32.498291999218054,65.98945800215006,24.21883300121408,"[""57715048408628479274403376385384687945383"",""3572964852669853866365433378033566220288""]",A_r0_s31002_t7_factor,True,True,False,True,41.586040999391116,77.63862499996321,32.305042004736606,"[""57715048408628479274403376385384687945383"",""3572964852669853866365433378033566220288""]",9.087749000173062,11.649166997813154
31002,7,1,31002_7,145740ed3c2dcbe632073e7ddabd281da0cf0ffca6e24176dac5eb7d85774b52,fdd937a50ec8c4a28c62f2b1ec78ba15e46c7a39d0a01c699522bffc62cd1f36,39c75ee513e4a6561ba26d5df93519b85af6c42334b4156a9f8301ebc5e3b0b2,A_r1_s31002_t7_conic,True,True,False,False,32.94008400553139,67.19504200009396,24.440499997581355,"[""57715048408628479274403376385384687945383"",""3572964852669853866365433378033566220288""]",A_r1_s31002_t7_factor,True,True,False,True,41.144333001284394,75.74479100003373,32.26891700614942,"[""57715048408628479274403376385384687945383"",""3572964852669853866365433378033566220288""]",8.204248995753005,8.549748999939766
31003,0,0,31003_0,8d536094a80adb2976aee14b526b5687affe7003c420c920262ec06df2f646e6,fdd937a50ec8c4a28c62f2b1ec78ba15e46c7a39d0a01c699522bffc62cd1f36,39c75ee513e4a6561ba26d5df93519b85af6c42334b4156a9f8301ebc5e3b0b2,A_r0_s31003_t0_conic,True,True,True,False,171.4694589973078,205.19429199339356,47.582207997038495,"[""222057667380836848508008686582183170589349069854309"",""13100150440389534786242522524261748754570348068864""]",A_r0_s31003_t0_factor,True,True,True,True,147.69333300500875,182.18595800135517,50.29287499928614,"[""222057667380836848508008686582183170589349069854309"",""13100150440389534786242522524261748754570348068864""]",-23.776125992299058,-23.008333992038388
31003,0,1,31003_0,8d536094a80adb2976aee14b526b5687affe7003c420c920262ec06df2f646e6,fdd937a50ec8c4a28c62f2b1ec78ba15e46c7a39d0a01c699522bffc62cd1f36,39c75ee513e4a6561ba26d5df93519b85af6c42334b4156a9f8301ebc5e3b0b2,A_r1_s31003_t0_conic,True,True,True,False,175.85354100447148,209.97108300070977,77.14224999654107,"[""222057667380836848508008686582183170589349069854309"",""13100150440389534786242522524261748754570348068864""]",A_r1_s31003_t0_factor,True,True,True,True,152.48208299453836,187.37979199795518,51.498875000106636,"[""222057667380836848508008686582183170589349069854309"",""13100150440389534786242522524261748754570348068864""]",-23.37145800993312,-22.591291002754588
31003,1,0,31003_1,60b6dcfa751bb3d02253091633040a834e60fa864e0d750046cf3ec638e02217,fdd937a50ec8c4a28c62f2b1ec78ba15e46c7a39d0a01c699522bffc62cd1f36,39c75ee513e4a6561ba26d5df93519b85af6c42334b4156a9f8301ebc5e3b0b2,A_r0_s31003_t1_conic,True,True,True,False,86.6727920001722,120.90750000061234,22.931625004275702,"[""4174750876015116145365556624370736040859779958558981"",""239545608052837207519863269015071977226429221830656""]",A_r0_s31003_t1_factor,True,True,True,False,69.39620800403645,100.97250000399072,5.043084005592391,"[""14611624174436041503342449729282209022449320130992701"",""838409628184930226319521441552751920292502276407296""]",-17.27658399613574,-19.934999996621627
31003,1,1,31003_1,60b6dcfa751bb3d02253091633040a834e60fa864e0d750046cf3ec638e02217,fdd937a50ec8c4a28c62f2b1ec78ba15e46c7a39d0a01c699522bffc62cd1f36,39c75ee513e4a6561ba26d5df93519b85af6c42334b4156a9f8301ebc5e3b0b2,A_r1_s31003_t1_conic,True,True,True,False,87.884333996044,122.8168339948752,22.992083002463914,"[""4174750876015116145365556624370736040859779958558981"",""239545608052837207519863269015071977226429221830656""]",A_r1_s31003_t1_factor,True,True,True,False,71.47029200132238,105.6946250027977,4.813249994185753,"[""14611624174436041503342449729282209022449320130992701"",""838409628184930226319521441552751920292502276407296""]",-16.41404199472163,-17.122208992077503
31003,2,0,31003_2,fcad16d7df786fd6fdc132c2ce1ed77f95cb3ed501416864a11a02c881d512db,fdd937a50ec8c4a28c62f2b1ec78ba15e46c7a39d0a01c699522bffc62cd1f36,39c75ee513e4a6561ba26d5df93519b85af6c42334b4156a9f8301ebc5e3b0b2,A_r0_s31003_t2_conic,True,True,False,False,31.32487499533454,64.93399999453686,22.57850000023609,"[""458408995214234419589606909538305030433359"",""28583718821358830930923467024268529762304""]",A_r0_s31003_t2_factor,True,True,False,False,18.99625000078231,50.94295799790416,10.064958994917106,"[""458408995208374363061661033853503921574939"",""28583718821358830930923467024268529762304""]",-12.328624994552229,-13.991041996632703
31003,2,1,31003_2,fcad16d7df786fd6fdc132c2ce1ed77f95cb3ed501416864a11a02c881d512db,fdd937a50ec8c4a28c62f2b1ec78ba15e46c7a39d0a01c699522bffc62cd1f36,39c75ee513e4a6561ba26d5df93519b85af6c42334b4156a9f8301ebc5e3b0b2,A_r1_s31003_t2_conic,True,True,False,False,31.699833998573013,65.93483399774414,22.887582999828737,"[""458408995214234419589606909538305030433359"",""28583718821358830930923467024268529762304""]",A_r1_s31003_t2_factor,True,True,False,False,18.873832996177953,51.10087499633664,9.9781669996446,"[""458408995208374363061661033853503921574939"",""28583718821358830930923467024268529762304""]",-12.82600100239506,-14.833959001407493
31003,3,0,31003_3,7f847b1f6cf845562e5be9ea41f82ea1fe365022db7e89bdd77872d288a7b40f,fdd937a50ec8c4a28c62f2b1ec78ba15e46c7a39d0a01c699522bffc62cd1f36,39c75ee513e4a6561ba26d5df93519b85af6c42334b4156a9f8301ebc5e3b0b2,A_r0_s31003_t3_conic,True,True,False,False,29.859124995709863,64.12579199968604,23.59591700223973,"[""959110449499104174704073222857233975274111949313"",""59944403093650315004448010716878795728075358208""]",A_r0_s31003_t3_factor,True,True,False,True,37.95104099845048,72.74699999834411,31.249166000634432,"[""959110449499104174704073222857233975274111949313"",""59944403093650315004448010716878795728075358208""]",8.091916002740618,8.621207998658065
31003,3,1,31003_3,7f847b1f6cf845562e5be9ea41f82ea1fe365022db7e89bdd77872d288a7b40f,fdd937a50ec8c4a28c62f2b1ec78ba15e46c7a39d0a01c699522bffc62cd1f36,39c75ee513e4a6561ba26d5df93519b85af6c42334b4156a9f8301ebc5e3b0b2,A_r1_s31003_t3_conic,True,True,False,False,30.097541995928623,64.90495799516793,23.728874999505933,"[""959110449499104174704073222857233975274111949313"",""59944403093650315004448010716878795728075358208""]",A_r1_s31003_t3_factor,True,True,False,True,38.54154100554297,73.24650000373367,31.775540999660734,"[""959110449499104174704073222857233975274111949313"",""59944403093650315004448010716878795728075358208""]",8.443999009614345,8.341542008565739
31003,4,0,31003_4,a411530dd174e8f3aa1832a65266ffb10276a2cccb6490ec285c7bc56091f7f5,fdd937a50ec8c4a28c62f2b1ec78ba15e46c7a39d0a01c699522bffc62cd1f36,39c75ee513e4a6561ba26d5df93519b85af6c42334b4156a9f8301ebc5e3b0b2,A_r0_s31003_t4_conic,True,True,False,False,17.50375000119675,51.28691699792398,11.475040999357589,"[""119888806193648750852767805636161738529422725931"",""7493050386706289375556001339609849466009419776""]",A_r0_s31003_t4_factor,True,True,False,False,12.859290996857453,44.4247909981641,6.574958002602216,"[""1054553091544962368324412623098896165945144726565475438208263"",""65909568221560148020275788943680497369074732166872362385408""]",-4.644459004339296,-6.862125999759883
31003,4,1,31003_4,a411530dd174e8f3aa1832a65266ffb10276a2cccb6490ec285c7bc56091f7f5,fdd937a50ec8c4a28c62f2b1ec78ba15e46c7a39d0a01c699522bffc62cd1f36,39c75ee513e4a6561ba26d5df93519b85af6c42334b4156a9f8301ebc5e3b0b2,A_r1_s31003_t4_conic,True,True,False,False,17.74975000444101,52.166375004162546,11.659833005978726,"[""119888806193648750852767805636161738529422725931"",""7493050386706289375556001339609849466009419776""]",A_r1_s31003_t4_factor,True,True,False,False,12.16549999662675,44.22691699437564,5.834166993736289,"[""1054553091544962368324412623098896165945144726565475438208263"",""65909568221560148020275788943680497369074732166872362385408""]",-5.584250007814262,-7.939458009786904
31003,5,0,31003_5,47dd272e9365dca2ed6be2fa60568907f89bcb825b0a8b6283c4afb46d27cb24,fdd937a50ec8c4a28c62f2b1ec78ba15e46c7a39d0a01c699522bffc62cd1f36,39c75ee513e4a6561ba26d5df93519b85af6c42334b4156a9f8301ebc5e3b0b2,A_r0_s31003_t5_conic,True,True,False,False,16.97841600253014,55.265875002078246,10.95987499866169,"[""548063114043030381917984964764323430683068512281"",""34253944624943037145398863266787883273185918976""]",A_r0_s31003_t5_factor,True,True,False,False,11.616458999924362,44.78412500611739,4.809582998859696,"[""395773742510358089826658640166413747545356396172713528115277869982205141349"",""24735858906897380614166165010400859221584774556258665413702486818096676864""]",-5.361957002605777,-10.481749995960854
31003,5,1,31003_5,47dd272e9365dca2ed6be2fa60568907f89bcb825b0a8b6283c4afb46d27cb24,fdd937a50ec8c4a28c62f2b1ec78ba15e46c7a39d0a01c699522bffc62cd1f36,39c75ee513e4a6561ba26d5df93519b85af6c42334b4156a9f8301ebc5e3b0b2,A_r1_s31003_t5_conic,True,True,False,False,16.731249997974373,50.38516700005857,10.700708997319452,"[""548063114043030381917984964764323430683068512281"",""34253944624943037145398863266787883273185918976""]",A_r1_s31003_t5_factor,True,True,False,False,11.616499999945518,44.346457994834054,5.152625002665445,"[""395773742510358089826658640166413747545356396172713528115277869982205141349"",""24735858906897380614166165010400859221584774556258665413702486818096676864""]",-5.114749998028856,-6.0387090052245185
31003,6,0,31003_6,a58c14b0b4c07cc966d1f78f1496fbeb917804c771333c3ef081514fc0de044b,fdd937a50ec8c4a28c62f2b1ec78ba15e46c7a39d0a01c699522bffc62cd1f36,39c75ee513e4a6561ba26d5df93519b85af6c42334b4156a9f8301ebc5e3b0b2,A_r0_s31003_t6_conic,True,True,False,False,27.20745799888391,61.184082995168865,21.135915994818788,"[""40922045845272490252441729620085871867494243624453"",""2557627865329080106856448457253495284397881950208""]",A_r0_s31003_t6_factor,True,True,False,False,11.554791999515146,44.537333997141104,5.1809579963446595,"[""25329519520662917748906152970650479842902809145864258288412169986448561728071"",""1583094970041432359306634560665654990181425571600554586476959156358187319296""]",-15.652665999368764,-16.64674899802776
31003,6,1,31003_6,a58c14b0b4c07cc966d1f78f1496fbeb917804c771333c3ef081514fc0de044b,fdd937a50ec8c4a28c62f2b1ec78ba15e46c7a39d0a01c699522bffc62cd1f36,39c75ee513e4a6561ba26d5df93519b85af6c42334b4156a9f8301ebc5e3b0b2,A_r1_s31003_t6_conic,True,True,False,False,27.385708002839237,61.85562499740627,21.350707997044083,"[""40922045845272490252441729620085871867494243624453"",""2557627865329080106856448457253495284397881950208""]",A_r1_s31003_t6_factor,True,True,False,False,11.35700000304496,44.976042001508176,4.80629199591931,"[""25329519520662917748906152970650479842902809145864258288412169986448561728071"",""1583094970041432359306634560665654990181425571600554586476959156358187319296""]",-16.02870799979428,-16.87958299589809
31003,7,0,31003_7,44ac774f5edc2af725a3c2b393f3841b5a7584571d98c7ad1916aa5f82e6ba8e,fdd937a50ec8c4a28c62f2b1ec78ba15e46c7a39d0a01c699522bffc62cd1f36,39c75ee513e4a6561ba26d5df93519b85af6c42334b4156a9f8301ebc5e3b0b2,A_r0_s31003_t7_conic,True,True,False,False,27.091582996945363,61.18866599717876,21.117375006724615,"[""959110449498633956752276740033232625951883210493"",""59944403093650315004448010716878795728075358208""]",A_r0_s31003_t7_factor,True,True,False,False,10.32429099723231,44.14845800056355,3.911708001396619,"[""36234168320650459884032468276954383625371066916987255226323906436954079"",""2264635520040653742752029267309648976585520131493408088412703260934144""]",-16.767291999713052,-17.04020799661521
31003,7,1,31003_7,44ac774f5edc2af725a3c2b393f3841b5a7584571d98c7ad1916aa5f82e6ba8e,fdd937a50ec8c4a28c62f2b1ec78ba15e46c7a39d0a01c699522bffc62cd1f36,39c75ee513e4a6561ba26d5df93519b85af6c42334b4156a9f8301ebc5e3b0b2,A_r1_s31003_t7_conic,True,True,False,False,27.54224999807775,61.82133399852319,21.427832994959317,"[""959110449498633956752276740033232625951883210493"",""59944403093650315004448010716878795728075358208""]",A_r1_s31003_t7_factor,True,True,False,False,10.514625006180722,44.14175000420073,4.005000002507586,"[""36234168320650459884032468276954383625371066916987255226323906436954079"",""2264635520040653742752029267309648976585520131493408088412703260934144""]",-17.027624991897028,-17.679583994322456
31004,0,0,31004_0,77f02aee519f9aa9ba15351302dbb765306c087078d2f899bdc489b76ffe40a2,fdd937a50ec8c4a28c62f2b1ec78ba15e46c7a39d0a01c699522bffc62cd1f36,39c75ee513e4a6561ba26d5df93519b85af6c42334b4156a9f8301ebc5e3b0b2,A_r0_s31004_t0_conic,True,True,True,False,141.41679200110957,175.69933400227455,49.42979099723743,"[""1371117106844588197315837492910656670782190071878085391"",""77280375429788933203252300864754725548608168537358336""]",A_r0_s31004_t0_factor,True,True,True,True,144.29270799882943,178.32895800529514,52.25145800068276,"[""1371117106844588197315837492910656670782190071878085391"",""77280375429788933203252300864754725548608168537358336""]",2.875915997719858,2.629624003020581
31004,0,1,31004_0,77f02aee519f9aa9ba15351302dbb765306c087078d2f899bdc489b76ffe40a2,fdd937a50ec8c4a28c62f2b1ec78ba15e46c7a39d0a01c699522bffc62cd1f36,39c75ee513e4a6561ba26d5df93519b85af6c42334b4156a9f8301ebc5e3b0b2,A_r1_s31004_t0_conic,True,True,True,False,154.5754999970086,188.63520799641265,59.808209000038914,"[""1371117106844588197315837492910656670782190071878085391"",""77280375429788933203252300864754725548608168537358336""]",A_r1_s31004_t0_factor,True,True,True,True,147.61158300098032,182.07704200176522,52.54370799957542,"[""1371117106844588197315837492910656670782190071878085391"",""77280375429788933203252300864754725548608168537358336""]",-6.963916996028274,-6.558165994647425
31004,1,0,31004_1,1953407154db601ba697f4707e6fa5cd2ab6811f02673a18fee4285089d432f6,fdd937a50ec8c4a28c62f2b1ec78ba15e46c7a39d0a01c699522bffc62cd1f36,39c75ee513e4a6561ba26d5df93519b85af6c42334b4156a9f8301ebc5e3b0b2,A_r0_s31004_t1_conic,True,True,False,False,31.23958400101401,64.9829999965732,23.745665996102616,"[""154615437513353616183765611394126763888673"",""9527906273786276976974489008089509920768""]",A_r0_s31004_t1_factor,True,True,True,False,78.88062499841908,116.61383300088346,5.035583999415394,"[""16660074750485096662749880019759727985957379032274281851"",""942084576667903185715837572446533797163985292645892096""]",47.64104099740507,51.63083300431026
31004,1,1,31004_1,1953407154db601ba697f4707e6fa5cd2ab6811f02673a18fee4285089d432f6,fdd937a50ec8c4a28c62f2b1ec78ba15e46c7a39d0a01c699522bffc62cd1f36,39c75ee513e4a6561ba26d5df93519b85af6c42334b4156a9f8301ebc5e3b0b2,A_r1_s31004_t1_conic,True,True,False,False,31.58633400016697,66.06325000029756,23.923000000650063,"[""154615437513353616183765611394126763888673"",""9527906273786276976974489008089509920768""]",A_r1_s31004_t1_factor,True,True,True,False,80.13116700021783,118.28745799721219,4.925458000798244,"[""16660074750485096662749880019759727985957379032274281851"",""942084576667903185715837572446533797163985292645892096""]",48.54483300005086,52.22420799691463
31004,2,0,31004_2,6d4ff6e278471fa8b0c2a8018f264b78f958c8682303babec9fabd3753a6ae29,fdd937a50ec8c4a28c62f2b1ec78ba15e46c7a39d0a01c699522bffc62cd1f36,39c75ee513e4a6561ba26d5df93519b85af6c42334b4156a9f8301ebc5e3b0b2,A_r0_s31004_t2_conic,True,True,True,False,91.71724999760045,125.80324999726145,23.972584000148345,"[""27666842343231765838230363559441838302106971696186288293"",""1648648009168830575002715751781434145036974262130311168""]",A_r0_s31004_t2_factor,True,True,True,True,103.50595800264273,138.25220800208626,31.262375006917864,"[""27666842343231765838230363559441838302106971696186288293"",""1648648009168830575002715751781434145036974262130311168""]",11.788708005042281,12.448958004824817
31004,2,1,31004_2,6d4ff6e278471fa8b0c2a8018f264b78f958c8682303babec9fabd3753a6ae29,fdd937a50ec8c4a28c62f2b1ec78ba15e46c7a39d0a01c699522bffc62cd1f36,39c75ee513e4a6561ba26d5df93519b85af6c42334b4156a9f8301ebc5e3b0b2,A_r1_s31004_t2_conic,True,True,True,False,91.95629200257827,126.26649999583606,24.014458002056926,"[""27666842343231765838230363559441838302106971696186288293"",""1648648009168830575002715751781434145036974262130311168""]",A_r1_s31004_t2_factor,True,True,True,True,99.45795900421217,134.20849999965867,31.483334001677576,"[""27666842343231765838230363559441838302106971696186288293"",""1648648009168830575002715751781434145036974262130311168""]",7.501667001633905,7.9420000038226135
31004,3,0,31004_3,372411b46ca4f7b383ee80f3d6c7e9d7fc7dc7ce243edc1c3211b73408d58f86,fdd937a50ec8c4a28c62f2b1ec78ba15e46c7a39d0a01c699522bffc62cd1f36,39c75ee513e4a6561ba26d5df93519b85af6c42334b4156a9f8301ebc5e3b0b2,A_r0_s31004_t3_conic,True,True,True,False,93.2412919937633,127.33329199545551,24.390708000282757,"[""20799144254616234966923270076549412178879287471053422664839"",""1266161671041661881602085697368141423388396233316078977024""]",A_r0_s31004_t3_factor,True,True,True,False,73.28937500278698,105.15391700027976,6.913375000294764,"[""1733261738051653429808668370214134723824629723958087711357"",""105513472586805156800173808114011785282366352776339914752""]",-19.951916990976315,-22.17937499517575
31004,3,1,31004_3,372411b46ca4f7b383ee80f3d6c7e9d7fc7dc7ce243edc1c3211b73408d58f86,fdd937a50ec8c4a28c62f2b1ec78ba15e46c7a39d0a01c699522bffc62cd1f36,39c75ee513e4a6561ba26d5df93519b85af6c42334b4156a9f8301ebc5e3b0b2,A_r1_s31004_t3_conic,True,True,True,False,91.74875000462634,125.83170800644439,24.30837499559857,"[""20799144254616234966923270076549412178879287471053422664839"",""1266161671041661881602085697368141423388396233316078977024""]",A_r1_s31004_t3_factor,True,True,True,False,102.41770800348604,134.76820800133282,6.84200000250712,"[""1733261738051653429808668370214134723824629723958087711357"",""105513472586805156800173808114011785282366352776339914752""]",10.668957998859696,8.936499994888436
31004,4,0,31004_4,88735392a859c3090b95351456aa767b70dabfd03d929dd916c4e8db0498a922,fdd937a50ec8c4a28c62f2b1ec78ba15e46c7a39d0a01c699522bffc62cd1f36,39c75ee513e4a6561ba26d5df93519b85af6c42334b4156a9f8301ebc5e3b0b2,A_r0_s31004_t4_conic,True,True,True,False,95.77895799884573,130.2090409953962,26.525582994509023,"[""1724973454412080471127908449662581546028255510998818789717"",""105513472586805156800173808114011785282366352776339914752""]",A_r0_s31004_t4_factor,True,True,True,False,76.29358299891464,108.10170799959451,6.188167004438583,"[""5174927799700187755080183898393523737541850763280735701391"",""316540417760415470400521424342035355847099058329019744256""]",-19.485374999931082,-22.1073329958017
31004,4,1,31004_4,88735392a859c3090b95351456aa767b70dabfd03d929dd916c4e8db0498a922,fdd937a50ec8c4a28c62f2b1ec78ba15e46c7a39d0a01c699522bffc62cd1f36,39c75ee513e4a6561ba26d5df93519b85af6c42334b4156a9f8301ebc5e3b0b2,A_r1_s31004_t4_conic,True,True,True,False,96.88962499785703,131.38083399826428,26.925625003059395,"[""1724973454412080471127908449662581546028255510998818789717"",""105513472586805156800173808114011785282366352776339914752""]",A_r1_s31004_t4_factor,True,True,True,False,76.46704200305976,108.67049999797018,6.183124998642597,"[""5174927799700187755080183898393523737541850763280735701391"",""316540417760415470400521424342035355847099058329019744256""]",-20.422582994797267,-22.710334000294097
31004,5,0,31004_5,6e7d4d47efa9f3a9e43070251783ac87fe760f72e79c01db31b25f05ee68f8b3,fdd937a50ec8c4a28c62f2b1ec78ba15e46c7a39d0a01c699522bffc62cd1f36,39c75ee513e4a6561ba26d5df93519b85af6c42334b4156a9f8301ebc5e3b0b2,A_r0_s31004_t5_conic,True,True,True,False,85.68066600128077,119.52916600421304,27.776709001045674,"[""5202594566682922904696455977616353180767754271988856167951"",""316540417760415470400521424342035355847099058329019744256""]",A_r0_s31004_t5_factor,True,True,True,False,63.28191600186983,94.5520410023164,4.814542000531219,"[""20810400467178945997550252534283062446502501314174458044239"",""1266161671041661881602085697368141423388396233316078977024""]",-22.39874999941094,-24.97712500189664
31004,5,1,31004_5,6e7d4d47efa9f3a9e43070251783ac87fe760f72e79c01db31b25f05ee68f8b3,fdd937a50ec8c4a28c62f2b1ec78ba15e46c7a39d0a01c699522bffc62cd1f36,39c75ee513e4a6561ba26d5df93519b85af6c42334b4156a9f8301ebc5e3b0b2,A_r1_s31004_t5_conic,True,True,True,False,92.39070799958427,127.19408300472423,30.901417005225085,"[""5202594566682922904696455977616353180767754271988856167951"",""316540417760415470400521424342035355847099058329019744256""]",A_r1_s31004_t5_factor,True,True,True,False,64.55754199851071,96.96925000025658,5.166666996956337,"[""20810400467178945997550252534283062446502501314174458044239"",""1266161671041661881602085697368141423388396233316078977024""]",-27.83316600107355,-30.224833004467655
31004,6,0,31004_6,9121c7c9fc93dae83808a112a8bbf206d485f7804c7137337b8d762f431a1995,fdd937a50ec8c4a28c62f2b1ec78ba15e46c7a39d0a01c699522bffc62cd1f36,39c75ee513e4a6561ba26d5df93519b85af6c42334b4156a9f8301ebc5e3b0b2,A_r0_s31004_t6_conic,True,True,True,False,87.53008300118381,121.61104200640693,25.03074999549426,"[""11794272416055196019935283935613377629106072132133119177"",""706563432500927389286878179334900347872988969484419072""]",A_r0_s31004_t6_factor,True,True,True,False,69.45670799905201,107.69845799950417,6.140124998637475,"[""27519970203143716690600435268695469712015219867236630373"",""1648648009168830575002715751781434145036974262130311168""]",-18.073375002131797,-13.912584006902762
31004,6,1,31004_6,9121c7c9fc93dae83808a112a8bbf206d485f7804c7137337b8d762f431a1995,fdd937a50ec8c4a28c62f2b1ec78ba15e46c7a39d0a01c699522bffc62cd1f36,39c75ee513e4a6561ba26d5df93519b85af6c42334b4156a9f8301ebc5e3b0b2,A_r1_s31004_t6_conic,True,True,True,False,89.8653749973164,124.15754099492915,25.33291700092377,"[""11794272416055196019935283935613377629106072132133119177"",""706563432500927389286878179334900347872988969484419072""]",A_r1_s31004_t6_factor,True,True,True,False,69.59258300048532,107.73070799768902,6.139083998277783,"[""27519970203143716690600435268695469712015219867236630373"",""1648648009168830575002715751781434145036974262130311168""]",-20.272791996831074,-16.426832997240126
31004,7,0,31004_7,a3527ac6ffbdd043f073e6a9db0e5d30e3f34bc3fdfbf34b55ba41982109b713,fdd937a50ec8c4a28c62f2b1ec78ba15e46c7a39d0a01c699522bffc62cd1f36,39c75ee513e4a6561ba26d5df93519b85af6c42334b4156a9f8301ebc5e3b0b2,A_r0_s31004_t7_conic,True,True,True,False,120.76570800127229,155.03833300317638,23.60525000403868,"[""1297673678507714656619930052474542670607677747839954471"",""77280375429788933203252300864754725548608168537358336""]",A_r0_s31004_t7_factor,True,True,True,True,103.48787499970058,139.7808339970652,32.17929200036451,"[""1297673678507714656619930052474542670607677747839954471"",""77280375429788933203252300864754725548608168537358336""]",-17.277833001571707,-15.257499006111175
31004,7,1,31004_7,a3527ac6ffbdd043f073e6a9db0e5d30e3f34bc3fdfbf34b55ba41982109b713,fdd937a50ec8c4a28c62f2b1ec78ba15e46c7a39d0a01c699522bffc62cd1f36,39c75ee513e4a6561ba26d5df93519b85af6c42334b4156a9f8301ebc5e3b0b2,A_r1_s31004_t7_conic,True,True,True,False,92.98904100432992,127.50008299917681,23.388124995108228,"[""1297673678507714656619930052474542670607677747839954471"",""77280375429788933203252300864754725548608168537358336""]",A_r1_s31004_t7_factor,True,True,True,True,101.98800000216579,136.80508299876237,32.102209006552584,"[""1297673678507714656619930052474542670607677747839954471"",""77280375429788933203252300864754725548608168537358336""]",8.99895899783587,9.304999999585561
31005,0,0,31005_0,2686ac62c170157c511e6c5ccad5d4ff411f211c6b9f5ad36f24967498d3536b,fdd937a50ec8c4a28c62f2b1ec78ba15e46c7a39d0a01c699522bffc62cd1f36,39c75ee513e4a6561ba26d5df93519b85af6c42334b4156a9f8301ebc5e3b0b2,A_r0_s31005_t0_conic,True,True,True,False,150.74408300279174,185.1012080005603,49.231417004193645,"[""6019967490257656402717407624106727809819059384969989"",""345001676025843451800233486003369310484857895256064""]",A_r0_s31005_t0_factor,True,True,True,True,153.9572500041686,188.09920800413238,52.385959003004245,"[""6019967490257656402717407624106727809819059384969989"",""345001676025843451800233486003369310484857895256064""]",3.21316700137686,2.9980000035720877
31005,0,1,31005_0,2686ac62c170157c511e6c5ccad5d4ff411f211c6b9f5ad36f24967498d3536b,fdd937a50ec8c4a28c62f2b1ec78ba15e46c7a39d0a01c699522bffc62cd1f36,39c75ee513e4a6561ba26d5df93519b85af6c42334b4156a9f8301ebc5e3b0b2,A_r1_s31005_t0_conic,True,True,True,False,151.7302499996731,186.91658299940173,49.411707994295284,"[""6019967490257656402717407624106727809819059384969989"",""345001676025843451800233486003369310484857895256064""]",A_r1_s31005_t0_factor,True,True,True,True,158.28187499573687,193.38287499704165,52.04812499869149,"[""6019967490257656402717407624106727809819059384969989"",""345001676025843451800233486003369310484857895256064""]",6.551624996063765,6.466291997639928
31005,1,0,31005_1,e8e4f054c008a1da84c4de74159219537f59cf91b86818640fef0bf5538103b0,fdd937a50ec8c4a28c62f2b1ec78ba15e46c7a39d0a01c699522bffc62cd1f36,39c75ee513e4a6561ba26d5df93519b85af6c42334b4156a9f8301ebc5e3b0b2,A_r0_s31005_t1_conic,True,True,True,False,86.41320799506502,120.85124999430263,22.869916996569373,"[""335247535364273679152068980136852316840912359747832939"",""19320093857447233300813075216188681387152042134339584""]",A_r0_s31005_t1_factor,True,True,True,False,67.43445800384507,99.90862500126241,4.9453750034444965,"[""111749146504571153647355520284160763331667627884140303"",""6440031285815744433604358405396227129050680711446528""]",-18.978749991219956,-20.942624993040226
31005,1,1,31005_1,e8e4f054c008a1da84c4de74159219537f59cf91b86818640fef0bf5538103b0,fdd937a50ec8c4a28c62f2b1ec78ba15e46c7a39d0a01c699522bffc62cd1f36,39c75ee513e4a6561ba26d5df93519b85af6c42334b4156a9f8301ebc5e3b0b2,A_r1_s31005_t1_conic,True,True,True,False,86.92433300166158,121.53212499833899,23.088040994480252,"[""335247535364273679152068980136852316840912359747832939"",""19320093857447233300813075216188681387152042134339584""]",A_r1_s31005_t1_factor,True,True,True,False,68.90733399632154,101.09154199744808,5.233333999058232,"[""111749146504571153647355520284160763331667627884140303"",""6440031285815744433604358405396227129050680711446528""]",-18.01699900534004,-20.44058300089091
31005,2,0,31005_2,5d027e60fed0ac3512433bf76f2a648c09e582caef5b3ce6d077f7d3e78b77c0,fdd937a50ec8c4a28c62f2b1ec78ba15e46c7a39d0a01c699522bffc62cd1f36,39c75ee513e4a6561ba26d5df93519b85af6c42334b4156a9f8301ebc5e3b0b2,A_r0_s31005_t2_conic,True,True,True,False,92.06124999764143,125.97324999660486,24.740000000747386,"[""1788306253723832259350312364502539709447703140136507473"",""103040500573051910937669734486339634064810891383144448""]",A_r0_s31005_t2_factor,True,True,True,False,73.60683399747359,105.46112500014715,5.2752499977941625,"[""5364917865444064411877182779204822800355783006314263439"",""309121501719155732813009203459018902194432674149433344""]",-18.45441600016784,-20.512124996457715
31005,2,1,31005_2,5d027e60fed0ac3512433bf76f2a648c09e582caef5b3ce6d077f7d3e78b77c0,fdd937a50ec8c4a28c62f2b1ec78ba15e46c7a39d0a01c699522bffc62cd1f36,39c75ee513e4a6561ba26d5df93519b85af6c42334b4156a9f8301ebc5e3b0b2,A_r1_s31005_t2_conic,True,True,True,False,91.75749999849359,125.90549999731593,24.175666992960032,"[""1788306253723832259350312364502539709447703140136507473"",""103040500573051910937669734486339634064810891383144448""]",A_r1_s31005_t2_factor,True,True,True,False,73.08866599487374,104.72379099519458,5.112874998303596,"[""5364917865444064411877182779204822800355783006314263439"",""309121501719155732813009203459018902194432674149433344""]",-18.66883400361985,-21.18170900212135
31005,3,0,31005_3,dcf55644593d00cf50123fc79249855c5c760d9c0dfd0490d16248afb63f855a,fdd937a50ec8c4a28c62f2b1ec78ba15e46c7a39d0a01c699522bffc62cd1f36,39c75ee513e4a6561ba26d5df93519b85af6c42334b4156a9f8301ebc5e3b0b2,A_r0_s31005_t3_conic,True,True,True,False,98.2510000030743,132.08733299688902,24.442959002044518,"[""10842529720204165305252083667717190468300975778283164843"",""618243003438311465626018406918037804388865348298866688""]",A_r0_s31005_t3_factor,True,True,True,False,68.93454200326232,103.43379199912306,5.142041998624336,"[""24782921478007215820816265197457842864280652648507596099"",""1413126865001854778573756358669800695745977938968838144""]",-29.316457999811973,-28.65354099776596
31005,3,1,31005_3,dcf55644593d00cf50123fc79249855c5c760d9c0dfd0490d16248afb63f855a,fdd937a50ec8c4a28c62f2b1ec78ba15e46c7a39d0a01c699522bffc62cd1f36,39c75ee513e4a6561ba26d5df93519b85af6c42334b4156a9f8301ebc5e3b0b2,A_r1_s31005_t3_conic,True,True,True,False,88.81658400059678,123.02570899919374,24.141750000126194,"[""10842529720204165305252083667717190468300975778283164843"",""618243003438311465626018406918037804388865348298866688""]",A_r1_s31005_t3_factor,True,True,True,False,69.18683300318662,104.44258300412912,5.037708004238084,"[""24782921478007215820816265197457842864280652648507596099"",""1413126865001854778573756358669800695745977938968838144""]",-19.629750997410156,-18.58312599506462
31005,4,0,31005_4,01612d43e8197340d8cf73d26037f43b7932df0def72731f05764b47b4b6e78b,fdd937a50ec8c4a28c62f2b1ec78ba15e46c7a39d0a01c699522bffc62cd1f36,39c75ee513e4a6561ba26d5df93519b85af6c42334b4156a9f8301ebc5e3b0b2,A_r0_s31005_t4_conic,True,True,True,False,93.4426669991808,127.37562500115018,22.84779099863954,"[""197612686917078211254364480909528106300261524097134393"",""11040053632826990457607471552107817935515452648194048""]",A_r0_s31005_t4_factor,True,True,True,False,75.7216249985504,107.26533400156768,5.238249999820255,"[""1844385502694378820673633232750448116019510295531028293"",""103040500573051910937669734486339634064810891383144448""]",-17.721042000630405,-20.110290999582503
31005,4,1,31005_4,01612d43e8197340d8cf73d26037f43b7932df0def72731f05764b47b4b6e78b,fdd937a50ec8c4a28c62f2b1ec78ba15e46c7a39d0a01c699522bffc62cd1f36,39c75ee513e4a6561ba26d5df93519b85af6c42334b4156a9f8301ebc5e3b0b2,A_r1_s31005_t4_conic,True,True,True,False,93.86170799552929,127.96854199405061,22.6230830012355,"[""197612686917078211254364480909528106300261524097134393"",""11040053632826990457607471552107817935515452648194048""]",A_r1_s31005_t4_factor,True,True,True,False,77.29583400214324,109.02716700366,5.007334002584685,"[""1844385502694378820673633232750448116019510295531028293"",""103040500573051910937669734486339634064810891383144448""]",-16.56587399338605,-18.941374990390614
31005,5,0,31005_5,53aa546c5f1a86565f982776eb5724aad7ae07179858dd78056dc37c81df235f,fdd937a50ec8c4a28c62f2b1ec78ba15e46c7a39d0a01c699522bffc62cd1f36,39c75ee513e4a6561ba26d5df93519b85af6c42334b4156a9f8301ebc5e3b0b2,A_r0_s31005_t5_conic,True,True,False,False,33.631541999056935,67.73458400130039,26.208499999484047,"[""459533726781787507545072072244748870939159"",""28583718821358830930923467024268529762304""]",A_r0_s31005_t5_factor,True,True,False,True,42.252667000866495,76.75604199903319,34.47766699537169,"[""459533726781787507545072072244748870939159"",""28583718821358830930923467024268529762304""]",8.62112500180956,9.021457997732796
31005,5,1,31005_5,53aa546c5f1a86565f982776eb5724aad7ae07179858dd78056dc37c81df235f,fdd937a50ec8c4a28c62f2b1ec78ba15e46c7a39d0a01c699522bffc62cd1f36,39c75ee513e4a6561ba26d5df93519b85af6c42334b4156a9f8301ebc5e3b0b2,A_r1_s31005_t5_conic,True,True,False,False,34.09808300057193,68.45312500081491,26.662250005756505,"[""459533726781787507545072072244748870939159"",""28583718821358830930923467024268529762304""]",A_r1_s31005_t5_factor,True,True,False,True,44.11383299884619,82.14020800369326,34.879250000813045,"[""459533726781787507545072072244748870939159"",""28583718821358830930923467024268529762304""]",10.01574999827426,13.687083002878353
31005,6,0,31005_6,f34bf573c1cd257f0cacb94a6685bb612a30d813dd4753e43d76ad4d5b585dcf,fdd937a50ec8c4a28c62f2b1ec78ba15e46c7a39d0a01c699522bffc62cd1f36,39c75ee513e4a6561ba26d5df93519b85af6c42334b4156a9f8301ebc5e3b0b2,A_r0_s31005_t6_conic,True,True,False,False,31.98766599962255,65.95529100013664,25.014916995132808,"[""1832900522958077163749753876223052114743271"",""114334875285435323723693868097074119049216""]",A_r0_s31005_t6_factor,True,True,False,False,12.248541999724694,43.88879199541407,5.228916998021305,"[""1832900522892444630744459326490141135472831"",""114334875285435323723693868097074119049216""]",-19.739123999897856,-22.066499004722573
31005,6,1,31005_6,f34bf573c1cd257f0cacb94a6685bb612a30d813dd4753e43d76ad4d5b585dcf,fdd937a50ec8c4a28c62f2b1ec78ba15e46c7a39d0a01c699522bffc62cd1f36,39c75ee513e4a6561ba26d5df93519b85af6c42334b4156a9f8301ebc5e3b0b2,A_r1_s31005_t6_conic,True,True,False,False,32.2641249949811,66.72925000020768,25.29974999924889,"[""1832900522958077163749753876223052114743271"",""114334875285435323723693868097074119049216""]",A_r1_s31005_t6_factor,True,True,False,False,12.343332993623335,44.67337499954738,5.00320900027873,"[""1832900522892444630744459326490141135472831"",""114334875285435323723693868097074119049216""]",-19.920792001357768,-22.055875000660308
31005,7,0,31005_7,b9c59640253ccccdb891e0fab8013ce43c499b3d4d7d79d84de812c1bf35878f,fdd937a50ec8c4a28c62f2b1ec78ba15e46c7a39d0a01c699522bffc62cd1f36,39c75ee513e4a6561ba26d5df93519b85af6c42334b4156a9f8301ebc5e3b0b2,A_r0_s31005_t7_conic,True,True,False,False,33.47225000470644,67.39533400104847,26.26958299515536,"[""78067953425043427783147266037113085261804551"",""4878288012178573812210938372141829079433216""]",A_r0_s31005_t7_factor,True,True,True,False,74.88150000426685,117.91237500438001,4.8106250033015385,"[""362984692890767754184103873721760549360079437334792836021"",""19783776110025966900032589021377209740443691145563734016""]",41.409249999560416,50.51704100333154
31005,7,1,31005_7,b9c59640253ccccdb891e0fab8013ce43c499b3d4d7d79d84de812c1bf35878f,fdd937a50ec8c4a28c62f2b1ec78ba15e46c7a39d0a01c699522bffc62cd1f36,39c75ee513e4a6561ba26d5df93519b85af6c42334b4156a9f8301ebc5e3b0b2,A_r1_s31005_t7_conic,True,True,False,False,34.042874998704065,68.2335419987794,26.64366699900711,"[""78067953425043427783147266037113085261804551"",""4878288012178573812210938372141829079433216""]",A_r1_s31005_t7_factor,True,True,True,False,76.69308299955446,119.38566599565092,5.275540999718942,"[""362984692890767754184103873721760549360079437334792836021"",""19783776110025966900032589021377209740443691145563734016""]",42.6502080008504,51.152123996871524
31006,0,0,31006_0,e7632ff128197c84bd59470b69763374c9305d09107f5a18f8f37ee75bff7747,fdd937a50ec8c4a28c62f2b1ec78ba15e46c7a39d0a01c699522bffc62cd1f36,39c75ee513e4a6561ba26d5df93519b85af6c42334b4156a9f8301ebc5e3b0b2,A_r0_s31006_t0_conic,True,True,False,False,90.29054100392386,124.96412500331644,50.67241699725855,"[""1221122291218987186455834647800999142504509"",""76223250190290215815795912064716079366144""]",A_r0_s31006_t0_factor,True,True,False,True,94.36375000223052,128.3279589988524,53.59483399661258,"[""1221122291218987186455834647800999142504509"",""76223250190290215815795912064716079366144""]",4.073208998306654,3.3638339955359697
31006,0,1,31006_0,e7632ff128197c84bd59470b69763374c9305d09107f5a18f8f37ee75bff7747,fdd937a50ec8c4a28c62f2b1ec78ba15e46c7a39d0a01c699522bffc62cd1f36,39c75ee513e4a6561ba26d5df93519b85af6c42334b4156a9f8301ebc5e3b0b2,A_r1_s31006_t0_conic,True,True,False,False,91.8717500026105,126.08424999780254,51.428417005809024,"[""1221122291218987186455834647800999142504509"",""76223250190290215815795912064716079366144""]",A_r1_s31006_t0_factor,True,True,False,True,94.54475000529783,158.50258400314488,54.29066700162366,"[""1221122291218987186455834647800999142504509"",""76223250190290215815795912064716079366144""]",2.6730000026873313,32.41833400534233
31006,1,0,31006_1,54cc5811adb88cb9d2202e790af6bf14f093ae674f36d1a0a2f53c2e46f67c49,fdd937a50ec8c4a28c62f2b1ec78ba15e46c7a39d0a01c699522bffc62cd1f36,39c75ee513e4a6561ba26d5df93519b85af6c42334b4156a9f8301ebc5e3b0b2,A_r0_s31006_t1_conic,True,True,False,False,32.592166993708815,66.82995799928904,25.190166998072527,"[""9559012124414993976546930115598655147793"",""595494142111642311060905563005594370048""]",A_r0_s31006_t1_factor,True,True,True,False,77.37037500191946,143.70762500038836,5.161749999388121,"[""7429930780289807866623461970611406787379198171075102413373"",""422053890347220627200695232456047141129465411105359659008""]",44.77820800821064,76.87766700109933
31006,1,1,31006_1,54cc5811adb88cb9d2202e790af6bf14f093ae674f36d1a0a2f53c2e46f67c49,fdd937a50ec8c4a28c62f2b1ec78ba15e46c7a39d0a01c699522bffc62cd1f36,39c75ee513e4a6561ba26d5df93519b85af6c42334b4156a9f8301ebc5e3b0b2,A_r1_s31006_t1_conic,True,True,False,False,32.60758300166344,67.34024999605026,25.485750004008878,"[""9559012124414993976546930115598655147793"",""595494142111642311060905563005594370048""]",A_r1_s31006_t1_factor,True,True,True,False,79.01054200192448,117.43670899886638,5.022499994083773,"[""7429930780289807866623461970611406787379198171075102413373"",""422053890347220627200695232456047141129465411105359659008""]",46.402959000261035,50.09645900281612
31006,2,0,31006_2,ed3d2edf28d297b90e9b5fb9399e90b91f46780f345d3ecb3a1aa8b9da5b9276,fdd937a50ec8c4a28c62f2b1ec78ba15e46c7a39d0a01c699522bffc62cd1f36,39c75ee513e4a6561ba26d5df93519b85af6c42334b4156a9f8301ebc5e3b0b2,A_r0_s31006_t2_conic,True,True,False,False,29.975083998579066,63.8753339953837,22.737207997124642,"[""4798277750523290865404639983335092756119"",""297747071055821155530452781502797185024""]",A_r0_s31006_t2_factor,True,True,True,False,67.86912499956088,100.84800000186078,4.875250000623055,"[""1856205123822981837368559987505433269837161980124021221637"",""105513472586805156800173808114011785282366352776339914752""]",37.894041000981815,36.972666006477084
31006,2,1,31006_2,ed3d2edf28d297b90e9b5fb9399e90b91f46780f345d3ecb3a1aa8b9da5b9276,fdd937a50ec8c4a28c62f2b1ec78ba15e46c7a39d0a01c699522bffc62cd1f36,39c75ee513e4a6561ba26d5df93519b85af6c42334b4156a9f8301ebc5e3b0b2,A_r1_s31006_t2_conic,True,True,False,False,35.341082999366336,70.11558299564058,23.152750000008382,"[""4798277750523290865404639983335092756119"",""297747071055821155530452781502797185024""]",A_r1_s31006_t2_factor,True,True,True,False,69.36070799565641,103.04116599581903,4.9454580002930015,"[""1856205123822981837368559987505433269837161980124021221637"",""105513472586805156800173808114011785282366352776339914752""]",34.01962499629008,32.92558300017845
31006,3,0,31006_3,3148a2880b7222ecec593e60e6e11ba8a14015c375066d4b488c6660318a7e73,fdd937a50ec8c4a28c62f2b1ec78ba15e46c7a39d0a01c699522bffc62cd1f36,39c75ee513e4a6561ba26d5df93519b85af6c42334b4156a9f8301ebc5e3b0b2,A_r0_s31006_t3_conic,True,True,False,False,30.142499999783468,64.06033399980515,22.92779200070072,"[""9635063964680576200911715075936289056523"",""595494142111642311060905563005594370048""]",A_r0_s31006_t3_factor,True,True,False,True,39.92033300164621,74.17158300086157,32.24991600291105,"[""9635063964680576200911715075936289056523"",""595494142111642311060905563005594370048""]",9.777833001862746,10.111249001056422
31006,3,1,31006_3,3148a2880b7222ecec593e60e6e11ba8a14015c375066d4b488c6660318a7e73,fdd937a50ec8c4a28c62f2b1ec78ba15e46c7a39d0a01c699522bffc62cd1f36,39c75ee513e4a6561ba26d5df93519b85af6c42334b4156a9f8301ebc5e3b0b2,A_r1_s31006_t3_conic,True,True,False,False,30.695749999722466,65.58758400205988,23.577874999318738,"[""9635063964680576200911715075936289056523"",""595494142111642311060905563005594370048""]",A_r1_s31006_t3_factor,True,True,False,True,40.27562500414206,75.13429199752863,32.778458000393584,"[""9635063964680576200911715075936289056523"",""595494142111642311060905563005594370048""]",9.579875004419591,9.54670799546875
31006,4,0,31006_4,90123f83bf57ae2d10bc359595c374a30043d277720cdf70b41351f52c49769e,fdd937a50ec8c4a28c62f2b1ec78ba15e46c7a39d0a01c699522bffc62cd1f36,39c75ee513e4a6561ba26d5df93519b85af6c42334b4156a9f8301ebc5e3b0b2,A_r0_s31006_t4_conic,True,True,False,False,31.22458400321193,65.1094170025317,23.83579199522501,"[""114877385091616949440809717604983572148121"",""7145929705339707732730866756067132440576""]",A_r0_s31006_t4_factor,True,True,False,False,25.4233750019921,57.271582998509984,5.057415997725911,"[""229754770180685448949312420345815468447697"",""14291859410679415465461733512134264881152""]",-5.801209001219831,-7.837834004021715
31006,4,1,31006_4,90123f83bf57ae2d10bc359595c374a30043d277720cdf70b41351f52c49769e,fdd937a50ec8c4a28c62f2b1ec78ba15e46c7a39d0a01c699522bffc62cd1f36,39c75ee513e4a6561ba26d5df93519b85af6c42334b4156a9f8301ebc5e3b0b2,A_r1_s31006_t4_conic,True,True,False,False,31.4485419949051,65.94187500013504,24.226500005170237,"[""114877385091616949440809717604983572148121"",""7145929705339707732730866756067132440576""]",A_r1_s31006_t4_factor,True,True,False,False,22.030166001059115,54.11708299652673,4.895666999800596,"[""229754770180685448949312420345815468447697"",""14291859410679415465461733512134264881152""]",-9.418375993845984,-11.824792003608309
31006,5,0,31006_5,791e186e185207b23e77311a8235014c48f772957cc3a3b3c488cc758cbe00e0,fdd937a50ec8c4a28c62f2b1ec78ba15e46c7a39d0a01c699522bffc62cd1f36,39c75ee513e4a6561ba26d5df93519b85af6c42334b4156a9f8301ebc5e3b0b2,A_r0_s31006_t5_conic,True,True,False,False,33.580208000785206,68.48991599690635,26.562792001641355,"[""1046282672243649476244611309746913418348727"",""65334214448820184984967924626899496599552""]",A_r0_s31006_t5_factor,True,True,False,False,26.39975000056438,58.4748750043218,5.0029170015477575,"[""174380445354914797044228229535706865614697"",""10889035741470030830827987437816582766592""]",-7.180458000220824,-10.015040992584545
31006,5,1,31006_5,791e186e185207b23e77311a8235014c48f772957cc3a3b3c488cc758cbe00e0,fdd937a50ec8c4a28c62f2b1ec78ba15e46c7a39d0a01c699522bffc62cd1f36,39c75ee513e4a6561ba26d5df93519b85af6c42334b4156a9f8301ebc5e3b0b2,A_r1_s31006_t5_conic,True,True,False,False,33.905959004187025,68.47437500255182,26.67058299994096,"[""1046282672243649476244611309746913418348727"",""65334214448820184984967924626899496599552""]",A_r1_s31006_t5_factor,True,True,False,False,22.78200000000652,55.089082998165395,4.882375003944617,"[""174380445354914797044228229535706865614697"",""10889035741470030830827987437816582766592""]",-11.123959004180506,-13.385292004386429
31006,6,0,31006_6,f0c9ae3a6f46dfa6d73c3444fa2196f0bc41b536d36a7c9b4cb1c5fadce8ba45,fdd937a50ec8c4a28c62f2b1ec78ba15e46c7a39d0a01c699522bffc62cd1f36,39c75ee513e4a6561ba26d5df93519b85af6c42334b4156a9f8301ebc5e3b0b2,A_r0_s31006_t6_conic,True,True,False,False,34.50149999844143,68.423791002715,28.183374997752253,"[""5115255730780218093673164700144500843965026691121"",""319703483166135013357056057156686910549735243776""]",A_r0_s31006_t6_factor,True,True,False,True,43.499624996911734,82.01245900272625,36.6063750043395,"[""5115255730780218093673164700144500843965026691121"",""319703483166135013357056057156686910549735243776""]",8.998124998470303,13.58866800001124
31006,6,1,31006_6,f0c9ae3a6f46dfa6d73c3444fa2196f0bc41b536d36a7c9b4cb1c5fadce8ba45,fdd937a50ec8c4a28c62f2b1ec78ba15e46c7a39d0a01c699522bffc62cd1f36,39c75ee513e4a6561ba26d5df93519b85af6c42334b4156a9f8301ebc5e3b0b2,A_r1_s31006_t6_conic,True,True,False,False,34.88708300574217,69.5221659989329,28.70854100183351,"[""5115255730780218093673164700144500843965026691121"",""319703483166135013357056057156686910549735243776""]",A_r1_s31006_t6_factor,True,True,False,True,42.86895899713272,77.84820900269551,36.12566599622369,"[""5115255730780218093673164700144500843965026691121"",""319703483166135013357056057156686910549735243776""]",7.981875991390552,8.326043003762607
31006,7,0,31006_7,a4273b4da24cd6e31f7d463cc32fde469a439c16a5b47928ab0f400429bcb3ca,fdd937a50ec8c4a28c62f2b1ec78ba15e46c7a39d0a01c699522bffc62cd1f36,39c75ee513e4a6561ba26d5df93519b85af6c42334b4156a9f8301ebc5e3b0b2,A_r0_s31006_t7_conic,True,True,False,False,32.30720799911069,66.61095799790928,26.13079200091306,"[""2192252456000181209765358921073738742048959301959"",""137015778499772148581595453067151533092743675904""]",A_r0_s31006_t7_factor,True,True,False,False,12.284666998311877,44.261958995775785,6.129332999989856,"[""2109106183089924736648825246197775942964590467303225823980751"",""131819136443120296040551577887360994738149464333744724770816""]",-20.02254100079881,-22.348999002133496
31006,7,1,31006_7,a4273b4da24cd6e31f7d463cc32fde469a439c16a5b47928ab0f400429bcb3ca,fdd937a50ec8c4a28c62f2b1ec78ba15e46c7a39d0a01c699522bffc62cd1f36,39c75ee513e4a6561ba26d5df93519b85af6c42334b4156a9f8301ebc5e3b0b2,A_r1_s31006_t7_conic,True,True,False,False,32.09337499720277,66.79487499786774,25.88254100555787,"[""2192252456000181209765358921073738742048959301959"",""137015778499772148581595453067151533092743675904""]",A_r1_s31006_t7_factor,True,True,False,False,12.417124999046791,44.48020899872063,6.077208003262058,"[""2109106183089924736648825246197775942964590467303225823980751"",""131819136443120296040551577887360994738149464333744724770816""]",-19.67624999815598,-22.31466599914711
31007,0,0,31007_0,29982d17da9ae8b45c65c64ba581d13d4fd6b1d6fbc5922bb43e8eae85badefc,fdd937a50ec8c4a28c62f2b1ec78ba15e46c7a39d0a01c699522bffc62cd1f36,39c75ee513e4a6561ba26d5df93519b85af6c42334b4156a9f8301ebc5e3b0b2,A_r0_s31007_t0_conic,True,True,False,False,93.77887500158977,127.49983400135534,53.7442920031026,"[""916240581307513231832946840350850494118973"",""57167437642717661861846934048537059524608""]",A_r0_s31007_t0_factor,True,True,False,True,96.2786249947385,131.37133399868617,56.47116700129118,"[""916240581307513231832946840350850494118973"",""57167437642717661861846934048537059524608""]",2.4997499931487255,3.8714999973308295
31007,0,1,31007_0,29982d17da9ae8b45c65c64ba581d13d4fd6b1d6fbc5922bb43e8eae85badefc,fdd937a50ec8c4a28c62f2b1ec78ba15e46c7a39d0a01c699522bffc62cd1f36,39c75ee513e4a6561ba26d5df93519b85af6c42334b4156a9f8301ebc5e3b0b2,A_r1_s31007_t0_conic,True,True,False,False,94.40729199559428,129.2505829987931,54.146374997799285,"[""916240581307513231832946840350850494118973"",""57167437642717661861846934048537059524608""]",A_r1_s31007_t0_factor,True,True,False,True,98.50300000107381,133.0483749989071,58.131208999839146,"[""916240581307513231832946840350850494118973"",""57167437642717661861846934048537059524608""]",4.095708005479537,3.7977920001139864
31007,1,0,31007_1,79536caeef8bc12f6e39968c4a3b15f183d41bb8837c856700e3ea0defb86d22,fdd937a50ec8c4a28c62f2b1ec78ba15e46c7a39d0a01c699522bffc62cd1f36,39c75ee513e4a6561ba26d5df93519b85af6c42334b4156a9f8301ebc5e3b0b2,A_r0_s31007_t1_conic,True,True,False,False,34.51354199933121,68.53262500226265,27.543749994947575,"[""915550146281134050791438082116476791518303"",""57167437642717661861846934048537059524608""]",A_r0_s31007_t1_factor,True,True,True,False,71.31787500111386,104.0308340016054,5.011208006180823,"[""223807861666886461980699275839825395805080601742590553"",""11498189186536185960953436912723454906868602647871488""]",36.80433300178265,35.49820899934275
31007,1,1,31007_1,79536caeef8bc12f6e39968c4a3b15f183d41bb8837c856700e3ea0defb86d22,fdd937a50ec8c4a28c62f2b1ec78ba15e46c7a39d0a01c699522bffc62cd1f36,39c75ee513e4a6561ba26d5df93519b85af6c42334b4156a9f8301ebc5e3b0b2,A_r1_s31007_t1_conic,True,True,False,False,35.25433300092118,69.58229100564495,28.07629099697806,"[""915550146281134050791438082116476791518303"",""57167437642717661861846934048537059524608""]",A_r1_s31007_t1_factor,True,True,True,False,79.01929199579172,112.94441700010793,5.152292003913317,"[""223807861666886461980699275839825395805080601742590553"",""11498189186536185960953436912723454906868602647871488""]",43.76495899487054,43.362125994462986
31007,2,0,31007_2,62ef7efa2f5c9281f5d488d8c90210c715d1e761baaca0699beee2694d072c99,fdd937a50ec8c4a28c62f2b1ec78ba15e46c7a39d0a01c699522bffc62cd1f36,39c75ee513e4a6561ba26d5df93519b85af6c42334b4156a9f8301ebc5e3b0b2,A_r0_s31007_t2_conic,True,True,False,False,33.99020800134167,67.73262500064448,26.995249994797632,"[""9758997750947837241848390189121351702820827"",""609786001522321726526367296517728634929152""]",A_r0_s31007_t2_factor,True,True,True,False,74.07370799774071,106.99941599887097,5.286749998049345,"[""13980771156923962136340981901922941259104934811705826897"",""735884107938315901501019962414301114039590569463775232""]",40.08349999639904,39.2667909982265
31007,2,1,31007_2,62ef7efa2f5c9281f5d488d8c90210c715d1e761baaca0699beee2694d072c99,fdd937a50ec8c4a28c62f2b1ec78ba15e46c7a39d0a01c699522bffc62cd1f36,39c75ee513e4a6561ba26d5df93519b85af6c42334b4156a9f8301ebc5e3b0b2,A_r1_s31007_t2_conic,True,True,False,False,34.36800000054063,68.44770799943944,27.2740420041373,"[""9758997750947837241848390189121351702820827"",""609786001522321726526367296517728634929152""]",A_r1_s31007_t2_factor,True,True,True,False,74.8926250016666,108.4856250017765,5.2873329987050965,"[""13980771156923962136340981901922941259104934811705826897"",""735884107938315901501019962414301114039590569463775232""]",40.52462500112597,40.03791700233705
31007,3,0,31007_3,8dea88f15ca1b7ed02072b707bbbe6dea6d35e91c718692ad4f82716df07e951,fdd937a50ec8c4a28c62f2b1ec78ba15e46c7a39d0a01c699522bffc62cd1f36,39c75ee513e4a6561ba26d5df93519b85af6c42334b4156a9f8301ebc5e3b0b2,A_r0_s31007_t3_conic,True,True,False,False,34.226540999952704,68.3622500000638,28.113665997807402,"[""119888806189810482911097163194238894303628479591"",""7493050386706289375556001339609849466009419776""]",A_r0_s31007_t3_factor,True,True,False,True,42.34362499846611,77.31695899565239,35.84929099451983,"[""119888806189810482911097163194238894303628479591"",""7493050386706289375556001339609849466009419776""]",8.117083998513408,8.95470899558859
31007,3,1,31007_3,8dea88f15ca1b7ed02072b707bbbe6dea6d35e91c718692ad4f82716df07e951,fdd937a50ec8c4a28c62f2b1ec78ba15e46c7a39d0a01c699522bffc62cd1f36,39c75ee513e4a6561ba26d5df93519b85af6c42334b4156a9f8301ebc5e3b0b2,A_r1_s31007_t3_conic,True,True,False,False,34.345209001912735,68.85908399999607,28.01750000071479,"[""119888806189810482911097163194238894303628479591"",""7493050386706289375556001339609849466009419776""]",A_r1_s31007_t3_factor,True,True,False,True,42.68995799793629,77.15762499719858,35.88645900163101,"[""119888806189810482911097163194238894303628479591"",""7493050386706289375556001339609849466009419776""]",8.344748996023554,8.298540997202508
31007,4,0,31007_4,368e20cb33d0f39be120bf20bfd7d4eff0b810cfbe2474416b71fda1a0e95e16,fdd937a50ec8c4a28c62f2b1ec78ba15e46c7a39d0a01c699522bffc62cd1f36,39c75ee513e4a6561ba26d5df93519b85af6c42334b4156a9f8301ebc5e3b0b2,A_r0_s31007_t4_conic,True,True,False,False,31.120209001528565,65.49908399756532,25.043000001460314,"[""479555224750803113326232084581253141009084468969"",""29972201546825157502224005358439397864037679104""]",A_r0_s31007_t4_factor,True,True,False,False,13.153833999240305,45.00979199656285,6.804333999752998,"[""5492464018463345668356315745313579183952923556031516573439"",""343279001153959104272269734081669257130597563369126887424""]",-17.96637500228826,-20.489292001002468
31007,4,1,31007_4,368e20cb33d0f39be120bf20bfd7d4eff0b810cfbe2474416b71fda1a0e95e16,fdd937a50ec8c4a28c62f2b1ec78ba15e46c7a39d0a01c699522bffc62cd1f36,39c75ee513e4a6561ba26d5df93519b85af6c42334b4156a9f8301ebc5e3b0b2,A_r1_s31007_t4_conic,True,True,False,False,31.373249999887776,65.77216599544045,25.20758299942827,"[""479555224750803113326232084581253141009084468969"",""29972201546825157502224005358439397864037679104""]",A_r1_s31007_t4_factor,True,True,False,False,12.500459000875708,44.78825000114739,6.135167001048103,"[""5492464018463345668356315745313579183952923556031516573439"",""343279001153959104272269734081669257130597563369126887424""]",-18.872790999012068,-20.983915994293056
31007,5,0,31007_5,f50ea94ed79361b25bb1b9e3f34827cc6571b52d5ce8c5d53fdfe0e46e6dfe68,fdd937a50ec8c4a28c62f2b1ec78ba15e46c7a39d0a01c699522bffc62cd1f36,39c75ee513e4a6561ba26d5df93519b85af6c42334b4156a9f8301ebc5e3b0b2,A_r0_s31007_t5_conic,True,True,False,False,38.53112499928102,73.40645800286438,31.26062500086846,"[""4879548280718281144503523787715991849145181"",""304893000761160863263183648258864317464576""]",A_r0_s31007_t5_factor,True,True,False,True,42.90891599521274,77.29195799765876,35.53608399670338,"[""4879548280718281144503523787715991849145181"",""304893000761160863263183648258864317464576""]",4.3777909959317185,3.8854999947943725
31007,5,1,31007_5,f50ea94ed79361b25bb1b9e3f34827cc6571b52d5ce8c5d53fdfe0e46e6dfe68,fdd937a50ec8c4a28c62f2b1ec78ba15e46c7a39d0a01c699522bffc62cd1f36,39c75ee513e4a6561ba26d5df93519b85af6c42334b4156a9f8301ebc5e3b0b2,A_r1_s31007_t5_conic,True,True,False,False,35.598374997789506,69.95195799390785,28.597958000318613,"[""4879548280718281144503523787715991849145181"",""304893000761160863263183648258864317464576""]",A_r1_s31007_t5_factor,True,True,False,True,43.55495899653761,78.13008399534738,36.068499997782055,"[""4879548280718281144503523787715991849145181"",""304893000761160863263183648258864317464576""]",7.956583998748101,8.178126001439523
31007,6,0,31007_6,ba02cc609d3885874416baf9c833c80417610a47e5af365354ff46d080f58365,fdd937a50ec8c4a28c62f2b1ec78ba15e46c7a39d0a01c699522bffc62cd1f36,39c75ee513e4a6561ba26d5df93519b85af6c42334b4156a9f8301ebc5e3b0b2,A_r0_s31007_t6_conic,True,True,False,False,33.5503329988569,67.37745799910044,26.76170799531974,"[""610778026494999663806289345115638857788867"",""38111625095145107907897956032358039683072""]",A_r0_s31007_t6_factor,True,True,True,False,61.20858299982501,94.93625000322936,5.14458300312981,"[""5504843275964387708574918100908572328875590424973521"",""314403610569348834869820540582281970109688353652736""]",27.65825000096811,27.558792004128918
31007,6,1,31007_6,ba02cc609d3885874416baf9c833c80417610a47e5af365354ff46d080f58365,fdd937a50ec8c4a28c62f2b1ec78ba15e46c7a39d0a01c699522bffc62cd1f36,39c75ee513e4a6561ba26d5df93519b85af6c42334b4156a9f8301ebc5e3b0b2,A_r1_s31007_t6_conic,True,True,False,False,33.37245900183916,68.04941700102063,26.593374997901265,"[""610778026494999663806289345115638857788867"",""38111625095145107907897956032358039683072""]",A_r1_s31007_t6_factor,True,True,True,False,92.2622920043068,126.83362499956274,5.297416006214917,"[""5504843275964387708574918100908572328875590424973521"",""314403610569348834869820540582281970109688353652736""]",58.88983300246764,58.784207998542115
31007,7,0,31007_7,a4698a3c9bcc6d903c99696e047c92046e73ebf267152217229a805e046d5098,fdd937a50ec8c4a28c62f2b1ec78ba15e46c7a39d0a01c699522bffc62cd1f36,39c75ee513e4a6561ba26d5df93519b85af6c42334b4156a9f8301ebc5e3b0b2,A_r0_s31007_t7_conic,True,True,False,False,33.04083400144009,66.94579200120643,26.111416998901404,"[""65594888931317419570909549119180027307927"",""4083388403051261561560495289181218537472""]",A_r0_s31007_t7_factor,True,True,False,False,28.759667002304923,69.54820800456218,5.3157079964876175,"[""8199361116112679446315431490249365574589"",""510423550381407695195061911147652317184""]",-4.281166999135166,2.6024160033557564
31007,7,1,31007_7,a4698a3c9bcc6d903c99696e047c92046e73ebf267152217229a805e046d5098,fdd937a50ec8c4a28c62f2b1ec78ba15e46c7a39d0a01c699522bffc62cd1f36,39c75ee513e4a6561ba26d5df93519b85af6c42334b4156a9f8301ebc5e3b0b2,A_r1_s31007_t7_conic,True,True,False,False,34.25575000437675,68.89275000139605,26.77554100228008,"[""65594888931317419570909549119180027307927"",""4083388403051261561560495289181218537472""]",A_r1_s31007_t7_factor,True,True,False,False,25.81787500093924,68.05279199761571,5.2765410000574775,"[""8199361116112679446315431490249365574589"",""510423550381407695195061911147652317184""]",-8.437875003437512,-0.8399580037803389
31008,0,0,31008_0,ea404f25e59c4951879f37f172abd2759cd2daf414833c1b9f24722caac7e18b,fdd937a50ec8c4a28c62f2b1ec78ba15e46c7a39d0a01c699522bffc62cd1f36,39c75ee513e4a6561ba26d5df93519b85af6c42334b4156a9f8301ebc5e3b0b2,A_r0_s31008_t0_conic,True,True,False,False,95.71370799676515,129.4950829978916,55.12408300273819,"[""228826782569217198083891976226114262509067"",""14291859410679415465461733512134264881152""]",A_r0_s31008_t0_factor,True,True,False,True,140.0777079979889,174.08787499880418,62.671125000633765,"[""228826782569217198083891976226114262509067"",""14291859410679415465461733512134264881152""]",44.36400000122376,44.592792000912596
31008,0,1,31008_0,ea404f25e59c4951879f37f172abd2759cd2daf414833c1b9f24722caac7e18b,fdd937a50ec8c4a28c62f2b1ec78ba15e46c7a39d0a01c699522bffc62cd1f36,39c75ee513e4a6561ba26d5df93519b85af6c42334b4156a9f8301ebc5e3b0b2,A_r1_s31008_t0_conic,True,True,False,False,96.70283300511073,130.88316599896643,55.466083002102096,"[""228826782569217198083891976226114262509067"",""14291859410679415465461733512134264881152""]",A_r1_s31008_t0_factor,True,True,False,True,110.61191599583253,145.17441600037273,69.20525000168709,"[""228826782569217198083891976226114262509067"",""14291859410679415465461733512134264881152""]",13.9090829907218,14.291250001406297
31008,1,0,31008_1,77bd122f90f3c9d1e021efc73989815a5a49a35475acd87c3fd984176760f0ef,fdd937a50ec8c4a28c62f2b1ec78ba15e46c7a39d0a01c699522bffc62cd1f36,39c75ee513e4a6561ba26d5df93519b85af6c42334b4156a9f8301ebc5e3b0b2,A_r0_s31008_t1_conic,True,True,True,False,88.53191600064747,122.7524159985478,24.216249999881256,"[""88794294576118704275740435005124989870831143338137045479"",""4945944027506491725008147255344302435110922786390933504""]",A_r0_s31008_t1_factor,True,True,True,True,97.50879200146301,132.32387499738252,32.46087500156136,"[""88794294576118704275740435005124989870831143338137045479"",""4945944027506491725008147255344302435110922786390933504""]",8.976876000815537,9.571458998834714
31008,1,1,31008_1,77bd122f90f3c9d1e021efc73989815a5a49a35475acd87c3fd984176760f0ef,fdd937a50ec8c4a28c62f2b1ec78ba15e46c7a39d0a01c699522bffc62cd1f36,39c75ee513e4a6561ba26d5df93519b85af6c42334b4156a9f8301ebc5e3b0b2,A_r1_s31008_t1_conic,True,True,True,False,89.66095800133189,123.9912919991184,23.998541000764817,"[""88794294576118704275740435005124989870831143338137045479"",""4945944027506491725008147255344302435110922786390933504""]",A_r1_s31008_t1_factor,True,True,True,True,99.11045800254215,133.86712500505382,32.77837500354508,"[""88794294576118704275740435005124989870831143338137045479"",""4945944027506491725008147255344302435110922786390933504""]",9.449500001210254,9.87583300593542
31008,2,0,31008_2,4dc3c277185763ac487b224e02b1eaf3de5a9db94a73e5ab95de47fa3af1fdd0,fdd937a50ec8c4a28c62f2b1ec78ba15e46c7a39d0a01c699522bffc62cd1f36,39c75ee513e4a6561ba26d5df93519b85af6c42334b4156a9f8301ebc5e3b0b2,A_r0_s31008_t2_conic,True,True,True,False,102.936540999508,136.954000001424,23.692208000284154,"[""86473794006434285087925449285200653388679757771271758719"",""4945944027506491725008147255344302435110922786390933504""]",A_r0_s31008_t2_factor,True,True,True,False,76.25254199956544,114.0288749957108,6.072624993976206,"[""28824599333045321245949806964796471867971399618329267093"",""1648648009168830575002715751781434145036974262130311168""]",-26.68399899994256,-22.9251250057132
31008,2,1,31008_2,4dc3c277185763ac487b224e02b1eaf3de5a9db94a73e5ab95de47fa3af1fdd0,fdd937a50ec8c4a28c62f2b1ec78ba15e46c7a39d0a01c699522bffc62cd1f36,39c75ee513e4a6561ba26d5df93519b85af6c42334b4156a9f8301ebc5e3b0b2,A_r1_s31008_t2_conic,True,True,True,False,93.59016599773895,127.62845799443312,23.784791999787558,"[""86473794006434285087925449285200653388679757771271758719"",""4945944027506491725008147255344302435110922786390933504""]",A_r1_s31008_t2_factor,True,True,True,False,77.68800000485498,114.82370800513308,6.164833001093939,"[""28824599333045321245949806964796471867971399618329267093"",""1648648009168830575002715751781434145036974262130311168""]",-15.902165992883965,-12.804749989300035
31008,3,0,31008_3,db88b14ebb50a80e087acc5f8d38505380cab34d8d4d134f3505ca962b7642df,fdd937a50ec8c4a28c62f2b1ec78ba15e46c7a39d0a01c699522bffc62cd1f36,39c75ee513e4a6561ba26d5df93519b85af6c42334b4156a9f8301ebc5e3b0b2,A_r0_s31008_t3_conic,True,True,True,False,90.84916600113502,124.95579099777387,25.901417000568472,"[""1331424441410174988375720350527928537440775762199363911"",""77280375429788933203252300864754725548608168537358336""]",A_r0_s31008_t3_factor,True,True,False,False,18.13475000381004,49.71308300446253,9.635833004722372,"[""1853942725665862407794438725575007757292631"",""114334875285435323723693868097074119049216""]",-72.71441599732498,-75.24270799331134
31008,3,1,31008_3,db88b14ebb50a80e087acc5f8d38505380cab34d8d4d134f3505ca962b7642df,fdd937a50ec8c4a28c62f2b1ec78ba15e46c7a39d0a01c699522bffc62cd1f36,39c75ee513e4a6561ba26d5df93519b85af6c42334b4156a9f8301ebc5e3b0b2,A_r1_s31008_t3_conic,True,True,True,False,90.7266670037643,125.25904199719662,25.75983299902873,"[""1331424441410174988375720350527928537440775762199363911"",""77280375429788933203252300864754725548608168537358336""]",A_r1_s31008_t3_factor,True,True,False,False,18.7495830032276,50.998666003579274,10.091167001519352,"[""1853942725665862407794438725575007757292631"",""114334875285435323723693868097074119049216""]",-71.9770840005367,-74.26037599361734
31008,4,0,31008_4,d522736cced0fd4c7e72122a7f5adab9ae4c2f5416ba1fa8a5d1ee79e7d6daeb,fdd937a50ec8c4a28c62f2b1ec78ba15e46c7a39d0a01c699522bffc62cd1f36,39c75ee513e4a6561ba26d5df93519b85af6c42334b4156a9f8301ebc5e3b0b2,A_r0_s31008_t4_conic,True,True,False,False,32.33387500222307,66.38754100276856,23.688250003033318,"[""4824381533378022423501456248115533402889"",""297747071055821155530452781502797185024""]",A_r0_s31008_t4_factor,True,True,True,False,68.5137910040794,101.57216600055108,4.88795799901709,"[""5169946709701794739799544406894690828119676751921251"",""301876466522613020325204300252948146674250658349056""]",36.17991600185633,35.18462499778252
31008,4,1,31008_4,d522736cced0fd4c7e72122a7f5adab9ae4c2f5416ba1fa8a5d1ee79e7d6daeb,fdd937a50ec8c4a28c62f2b1ec78ba15e46c7a39d0a01c699522bffc62cd1f36,39c75ee513e4a6561ba26d5df93519b85af6c42334b4156a9f8301ebc5e3b0b2,A_r1_s31008_t4_conic,True,True,False,False,34.79620900179725,69.9782090014196,24.70216600340791,"[""4824381533378022423501456248115533402889"",""297747071055821155530452781502797185024""]",A_r1_s31008_t4_factor,True,True,True,False,68.9970839957823,101.90929199598031,5.063625001639593,"[""5169946709701794739799544406894690828119676751921251"",""301876466522613020325204300252948146674250658349056""]",34.20087499398505,31.93108299456071
31008,5,0,31008_5,3e5fc1f9b49edd89e79b939d384208f6639ea90be67a63c67276802074fb5e70,fdd937a50ec8c4a28c62f2b1ec78ba15e46c7a39d0a01c699522bffc62cd1f36,39c75ee513e4a6561ba26d5df93519b85af6c42334b4156a9f8301ebc5e3b0b2,A_r0_s31008_t5_conic,True,True,True,False,94.78808299900265,128.81083299726015,26.674125001591165,"[""1720972295790695569020569591664999028752010879178817"",""100625488840871006775068100084316048891416886116352""]",A_r0_s31008_t5_factor,True,True,True,False,71.64970799931325,104.63608300051419,5.052458000136539,"[""20651662299973702630998574266444316373337273464932189"",""1207505866090452081300817201011792586697002633396224""]",-23.138374999689404,-24.17474999674596
31008,5,1,31008_5,3e5fc1f9b49edd89e79b939d384208f6639ea90be67a63c67276802074fb5e70,fdd937a50ec8c4a28c62f2b1ec78ba15e46c7a39d0a01c699522bffc62cd1f36,39c75ee513e4a6561ba26d5df93519b85af6c42334b4156a9f8301ebc5e3b0b2,A_r1_s31008_t5_conic,True,True,True,False,95.37450000061654,129.93941600143444,26.63925000524614,"[""1720972295790695569020569591664999028752010879178817"",""100625488840871006775068100084316048891416886116352""]",A_r1_s31008_t5_factor,True,True,True,False,73.49537499976577,106.9634160012356,5.085458004032262,"[""20651662299973702630998574266444316373337273464932189"",""1207505866090452081300817201011792586697002633396224""]",-21.879125000850763,-22.976000000198837
31008,6,0,31008_6,e08d1a5ea168a81691e5ce847d0465d68e697e2a01d46fe1b68bd7db4556b950,fdd937a50ec8c4a28c62f2b1ec78ba15e46c7a39d0a01c699522bffc62cd1f36,39c75ee513e4a6561ba26d5df93519b85af6c42334b4156a9f8301ebc5e3b0b2,A_r0_s31008_t6_conic,True,True,True,False,94.96029200090561,129.01449999480974,26.071332998981234,"[""330049939202818571920599004683424144327755453476841799"",""19320093857447233300813075216188681387152042134339584""]",A_r0_s31008_t6_factor,True,True,True,True,108.23058399546426,143.06358399335295,33.9020830069785,"[""330049939202818571920599004683424144327755453476841799"",""19320093857447233300813075216188681387152042134339584""]",13.270291994558647,14.04908399854321
31008,6,1,31008_6,e08d1a5ea168a81691e5ce847d0465d68e697e2a01d46fe1b68bd7db4556b950,fdd937a50ec8c4a28c62f2b1ec78ba15e46c7a39d0a01c699522bffc62cd1f36,39c75ee513e4a6561ba26d5df93519b85af6c42334b4156a9f8301ebc5e3b0b2,A_r1_s31008_t6_conic,True,True,True,False,95.76304200163577,129.7885829990264,26.18154199444689,"[""330049939202818571920599004683424144327755453476841799"",""19320093857447233300813075216188681387152042134339584""]",A_r1_s31008_t6_factor,True,True,True,True,101.8306659971131,136.4575409970712,33.52670899766963,"[""330049939202818571920599004683424144327755453476841799"",""19320093857447233300813075216188681387152042134339584""]",6.067623995477334,6.668957998044789
31008,7,0,31008_7,b3f9b4f8868f42fdded384200082ec4f318f7e38fb0180cc4aa9fe817c93178b,fdd937a50ec8c4a28c62f2b1ec78ba15e46c7a39d0a01c699522bffc62cd1f36,39c75ee513e4a6561ba26d5df93519b85af6c42334b4156a9f8301ebc5e3b0b2,A_r0_s31008_t7_conic,True,True,True,False,93.79287499905331,128.0015829979675,24.443750000500586,"[""110131018837212595256844204737100663611566941295477573"",""6440031285815744433604358405396227129050680711446528""]",A_r0_s31008_t7_factor,True,True,True,False,73.49675000295974,109.21375000179978,4.367624998849351,"[""1321572369941588669737843117449012281392439216852708111"",""77280375429788933203252300864754725548608168537358336""]",-20.296124996093567,-18.787832996167708
31008,7,1,31008_7,b3f9b4f8868f42fdded384200082ec4f318f7e38fb0180cc4aa9fe817c93178b,fdd937a50ec8c4a28c62f2b1ec78ba15e46c7a39d0a01c699522bffc62cd1f36,39c75ee513e4a6561ba26d5df93519b85af6c42334b4156a9f8301ebc5e3b0b2,A_r1_s31008_t7_conic,True,True,True,False,93.62304199748905,127.87275000300724,24.615541005914565,"[""110131018837212595256844204737100663611566941295477573"",""6440031285815744433604358405396227129050680711446528""]",A_r1_s31008_t7_factor,True,True,True,False,74.65629199577961,111.0185419966001,4.017666993604507,"[""1321572369941588669737843117449012281392439216852708111"",""77280375429788933203252300864754725548608168537358336""]",-18.966750001709443,-16.854208006407134
31009,0,0,31009_0,4d5c406d383063b52fd37b4570f54d1ce28886c5f009384d305553fe4520c23c,fdd937a50ec8c4a28c62f2b1ec78ba15e46c7a39d0a01c699522bffc62cd1f36,39c75ee513e4a6561ba26d5df93519b85af6c42334b4156a9f8301ebc5e3b0b2,A_r0_s31009_t0_conic,True,True,True,False,151.6620830007014,186.01995799690485,49.457084001915064,"[""1302254585556382428893450575928432730898897358135181671"",""80487324305753301726674058389064184348080218535100416""]",A_r0_s31009_t0_factor,True,True,True,True,154.62462499999674,188.99183299799915,52.475750002486166,"[""1302254585556382428893450575928432730898897358135181671"",""80487324305753301726674058389064184348080218535100416""]",2.962541999295354,2.971875001094304
31009,0,1,31009_0,4d5c406d383063b52fd37b4570f54d1ce28886c5f009384d305553fe4520c23c,fdd937a50ec8c4a28c62f2b1ec78ba15e46c7a39d0a01c699522bffc62cd1f36,39c75ee513e4a6561ba26d5df93519b85af6c42334b4156a9f8301ebc5e3b0b2,A_r1_s31009_t0_conic,True,True,True,False,153.9672079961747,189.12454199744388,50.33716700563673,"[""1302254585556382428893450575928432730898897358135181671"",""80487324305753301726674058389064184348080218535100416""]",A_r1_s31009_t0_factor,True,True,True,True,162.03358300117543,196.62404200062156,56.5657499973895,"[""1302254585556382428893450575928432730898897358135181671"",""80487324305753301726674058389064184348080218535100416""]",8.066375005000737,7.499500003177673
31009,1,0,31009_1,30411ea65767cfd7be755562f0554709eece0bd4d17e95d1843eb24d966694da,fdd937a50ec8c4a28c62f2b1ec78ba15e46c7a39d0a01c699522bffc62cd1f36,39c75ee513e4a6561ba26d5df93519b85af6c42334b4156a9f8301ebc5e3b0b2,A_r0_s31009_t1_conic,True,True,True,False,99.48504099884303,133.55958300235216,26.93583299696911,"[""1308871205323945743237792211372209313854360461931627911"",""80487324305753301726674058389064184348080218535100416""]",A_r0_s31009_t1_factor,True,True,False,False,25.970082999265287,57.631167001090944,5.538458004593849,"[""2075013539464249699996489006842353828521"",""127605887595351923798765477786913079296""]",-73.51495799957775,-75.92841600126121
31009,1,1,31009_1,30411ea65767cfd7be755562f0554709eece0bd4d17e95d1843eb24d966694da,fdd937a50ec8c4a28c62f2b1ec78ba15e46c7a39d0a01c699522bffc62cd1f36,39c75ee513e4a6561ba26d5df93519b85af6c42334b4156a9f8301ebc5e3b0b2,A_r1_s31009_t1_conic,True,True,True,False,100.79712500009919,135.6332499999553,27.279459005512763,"[""1308871205323945743237792211372209313854360461931627911"",""80487324305753301726674058389064184348080218535100416""]",A_r1_s31009_t1_factor,True,True,False,False,22.429832999478094,84.88895800110186,5.269959001452662,"[""2075013539464249699996489006842353828521"",""127605887595351923798765477786913079296""]",-78.36729200062109,-50.74429199885344
31009,2,0,31009_2,455d32f60c309baca86e6205b2ac001cc197a8bc23dcd1ef2a20e8dd4df09b4f,fdd937a50ec8c4a28c62f2b1ec78ba15e46c7a39d0a01c699522bffc62cd1f36,39c75ee513e4a6561ba26d5df93519b85af6c42334b4156a9f8301ebc5e3b0b2,A_r0_s31009_t2_conic,True,True,True,False,103.12270800204715,137.30733299598796,25.588582997443154,"[""167800661736023842486000454535327022092914904419873"",""9825112830292151089681891893196311565927761051648""]",A_r0_s31009_t2_factor,True,True,True,True,105.60075000103097,139.70716699986951,33.08683400246082,"[""167800661736023842486000454535327022092914904419873"",""9825112830292151089681891893196311565927761051648""]",2.4780419989838265,2.3998340038815513
31009,2,1,31009_2,455d32f60c309baca86e6205b2ac001cc197a8bc23dcd1ef2a20e8dd4df09b4f,fdd937a50ec8c4a28c62f2b1ec78ba15e46c7a39d0a01c699522bffc62cd1f36,39c75ee513e4a6561ba26d5df93519b85af6c42334b4156a9f8301ebc5e3b0b2,A_r1_s31009_t2_conic,True,True,True,False,97.72837499622256,132.00199999846518,26.341208002122585,"[""167800661736023842486000454535327022092914904419873"",""9825112830292151089681891893196311565927761051648""]",A_r1_s31009_t2_factor,True,True,True,True,106.18875000363914,140.6648749980377,33.56541699758964,"[""167800661736023842486000454535327022092914904419873"",""9825112830292151089681891893196311565927761051648""]",8.460375007416587,8.662874999572523
31009,3,0,31009_3,2de2d0b10afc05f2ec86c4114a0dacd061c111887cb63a220bd3fc94ce2d0666,fdd937a50ec8c4a28c62f2b1ec78ba15e46c7a39d0a01c699522bffc62cd1f36,39c75ee513e4a6561ba26d5df93519b85af6c42334b4156a9f8301ebc5e3b0b2,A_r0_s31009_t3_conic,True,True,False,False,35.34537499945145,69.48224999359809,28.233040997292846,"[""9578594460195208831494526715162855274853"",""595494142111642311060905563005594370048""]",A_r0_s31009_t3_factor,True,True,False,False,27.87562499725027,64.48337499750778,4.858916996454354,"[""1026277977822421117268016606709178725523"",""63802943797675961899382738893456539648""]",-7.469750002201181,-4.998874996090308
31009,3,1,31009_3,2de2d0b10afc05f2ec86c4114a0dacd061c111887cb63a220bd3fc94ce2d0666,fdd937a50ec8c4a28c62f2b1ec78ba15e46c7a39d0a01c699522bffc62cd1f36,39c75ee513e4a6561ba26d5df93519b85af6c42334b4156a9f8301ebc5e3b0b2,A_r1_s31009_t3_conic,True,True,False,False,36.13095799664734,70.47670800238848,28.83887500502169,"[""9578594460195208831494526715162855274853"",""595494142111642311060905563005594370048""]",A_r1_s31009_t3_factor,True,True,False,False,24.42775000235997,61.58987499657087,4.913249998935498,"[""1026277977822421117268016606709178725523"",""63802943797675961899382738893456539648""]",-11.703207994287368,-8.886833005817607
31009,4,0,31009_4,77760ba6d34b5b208e7d38a9c62a5e92207937c0ecf2925971b04b413678f0e1,fdd937a50ec8c4a28c62f2b1ec78ba15e46c7a39d0a01c699522bffc62cd1f36,39c75ee513e4a6561ba26d5df93519b85af6c42334b4156a9f8301ebc5e3b0b2,A_r0_s31009_t4_conic,True,True,False,False,32.717499998398125,95.36579200357664,25.39958399574971,"[""7329462554452940563861939758795626630599009"",""457339501141741294894775472388296476196864""]",A_r0_s31009_t4_factor,True,True,False,False,25.808291997236665,58.48745899857022,4.978167002263945,"[""523533039597711774057080036025115704523451"",""32667107224410092492483962313449748299776""]",-6.90920800116146,-36.878333005006425
31009,4,1,31009_4,77760ba6d34b5b208e7d38a9c62a5e92207937c0ecf2925971b04b413678f0e1,fdd937a50ec8c4a28c62f2b1ec78ba15e46c7a39d0a01c699522bffc62cd1f36,39c75ee513e4a6561ba26d5df93519b85af6c42334b4156a9f8301ebc5e3b0b2,A_r1_s31009_t4_conic,True,True,False,False,32.7253750001546,66.95775000116555,25.2595419951831,"[""7329462554452940563861939758795626630599009"",""457339501141741294894775472388296476196864""]",A_r1_s31009_t4_factor,True,True,False,False,22.991165998973884,55.764541000826284,5.540459002077114,"[""523533039597711774057080036025115704523451"",""32667107224410092492483962313449748299776""]",-9.734209001180716,-11.193209000339266
31009,5,0,31009_5,ea26a5d4fed6e8dcd4824d6ded689860457d29babd0dd56b6c8747a303a4f672,fdd937a50ec8c4a28c62f2b1ec78ba15e46c7a39d0a01c699522bffc62cd1f36,39c75ee513e4a6561ba26d5df93519b85af6c42334b4156a9f8301ebc5e3b0b2,A_r0_s31009_t5_conic,True,True,False,False,37.8032499938854,71.58579099632334,30.48520899756113,"[""156113713116142163546067000984312410965402007"",""9756576024357147624421876744283658158866432""]",A_r0_s31009_t5_factor,True,True,True,False,70.59950000257231,105.36258300271584,4.862292000325397,"[""22857861771337493394384614547529917417044582744029292671"",""1287797188892052827626784934225026949569283496561606656""]",32.79625000868691,33.7767920063925
31009,5,1,31009_5,ea26a5d4fed6e8dcd4824d6ded689860457d29babd0dd56b6c8747a303a4f672,fdd937a50ec8c4a28c62f2b1ec78ba15e46c7a39d0a01c699522bffc62cd1f36,39c75ee513e4a6561ba26d5df93519b85af6c42334b4156a9f8301ebc5e3b0b2,A_r1_s31009_t5_conic,True,True,False,False,38.50912499910919,72.80641599936644,31.05525000137277,"[""156113713116142163546067000984312410965402007"",""9756576024357147624421876744283658158866432""]",A_r1_s31009_t5_factor,True,True,True,False,69.68000000051688,104.68699999910314,5.112915998324752,"[""22857861771337493394384614547529917417044582744029292671"",""1287797188892052827626784934225026949569283496561606656""]",31.170875001407694,31.8805839997367
31009,6,0,31009_6,f179259fbe269a64194480db42f38008900b92980c8e231f7066cc472115c35b,fdd937a50ec8c4a28c62f2b1ec78ba15e46c7a39d0a01c699522bffc62cd1f36,39c75ee513e4a6561ba26d5df93519b85af6c42334b4156a9f8301ebc5e3b0b2,A_r0_s31009_t6_conic,True,True,False,False,33.800416997110005,67.88233300176216,26.39712499512825,"[""117106016726489144255502506629725593108759059"",""7317432018267860718316407558212743619149824""]",A_r0_s31009_t6_factor,True,True,False,True,43.14508400420891,77.53112500358839,35.397874999034684,"[""117106016726489144255502506629725593108759059"",""7317432018267860718316407558212743619149824""]",9.344667007098906,9.648792001826223
31009,6,1,31009_6,f179259fbe269a64194480db42f38008900b92980c8e231f7066cc472115c35b,fdd937a50ec8c4a28c62f2b1ec78ba15e46c7a39d0a01c699522bffc62cd1f36,39c75ee513e4a6561ba26d5df93519b85af6c42334b4156a9f8301ebc5e3b0b2,A_r1_s31009_t6_conic,True,True,False,False,35.77204199973494,71.09762499749195,26.70629100612132,"[""117106016726489144255502506629725593108759059"",""7317432018267860718316407558212743619149824""]",A_r1_s31009_t6_factor,True,True,False,True,43.06620799616212,77.58512500004144,35.304041994095314,"[""117106016726489144255502506629725593108759059"",""7317432018267860718316407558212743619149824""]",7.294165996427182,6.4875000025494955
31009,7,0,31009_7,588c2f5eeec33dcad7ee00c7876a94981ae1df49e16e56073fd37455ea2c8cb5,fdd937a50ec8c4a28c62f2b1ec78ba15e46c7a39d0a01c699522bffc62cd1f36,39c75ee513e4a6561ba26d5df93519b85af6c42334b4156a9f8301ebc5e3b0b2,A_r0_s31009_t7_conic,True,True,True,False,99.3090000047232,133.8042920033331,26.368458005890716,"[""1416391485734681002744920190410035007946774283359499"",""78600902642337208717455135145570492527422088413184""]",A_r0_s31009_t7_factor,True,True,True,False,78.83441699959803,112.50299999665003,5.160249995242339,"[""3237464988881313234363580141347971625416487510345037"",""179659206039627905639897451761303982919821916372992""]",-20.47458300512517,-21.30129200668307
31009,7,1,31009_7,588c2f5eeec33dcad7ee00c7876a94981ae1df49e16e56073fd37455ea2c8cb5,fdd937a50ec8c4a28c62f2b1ec78ba15e46c7a39d0a01c699522bffc62cd1f36,39c75ee513e4a6561ba26d5df93519b85af6c42334b4156a9f8301ebc5e3b0b2,A_r1_s31009_t7_conic,True,True,True,False,99.7727499998291,134.3112079994171,26.61683299811557,"[""1416391485734681002744920190410035007946774283359499"",""78600902642337208717455135145570492527422088413184""]",A_r1_s31009_t7_factor,True,True,True,False,79.29987499665003,113.26954199466854,5.095542001072317,"[""3237464988881313234363580141347971625416487510345037"",""179659206039627905639897451761303982919821916372992""]",-20.47287500317907,-21.04166600474855
31010,0,0,31010_0,5d62748e2d3323f8a1965d3ecc79f076c61f9041b942b83ddc71de8a30076a3c,fdd937a50ec8c4a28c62f2b1ec78ba15e46c7a39d0a01c699522bffc62cd1f36,39c75ee513e4a6561ba26d5df93519b85af6c42334b4156a9f8301ebc5e3b0b2,A_r0_s31010_t0_conic,True,True,False,False,93.67774999554968,127.80466699769022,52.4990420017275,"[""229099246483318745753650875158468857136867"",""14291859410679415465461733512134264881152""]",A_r0_s31010_t0_factor,True,True,False,True,106.26891699939733,140.10054200480226,55.83712500083493,"[""229099246483318745753650875158468857136867"",""14291859410679415465461733512134264881152""]",12.591167003847659,12.295875007112045
31010,0,1,31010_0,5d62748e2d3323f8a1965d3ecc79f076c61f9041b942b83ddc71de8a30076a3c,fdd937a50ec8c4a28c62f2b1ec78ba15e46c7a39d0a01c699522bffc62cd1f36,39c75ee513e4a6561ba26d5df93519b85af6c42334b4156a9f8301ebc5e3b0b2,A_r1_s31010_t0_conic,True,True,False,False,93.14012499817181,127.05675000324845,52.285999998275656,"[""229099246483318745753650875158468857136867"",""14291859410679415465461733512134264881152""]",A_r1_s31010_t0_factor,True,True,False,True,96.46333299315302,130.7827909986372,55.55525000090711,"[""229099246483318745753650875158468857136867"",""14291859410679415465461733512134264881152""]",3.3232079949812032,3.7260409953887574
31010,1,0,31010_1,324d24fa8f25d73a30b87b699396d4c410c6baee71a5bc43de1fdf18a8b5afab,fdd937a50ec8c4a28c62f2b1ec78ba15e46c7a39d0a01c699522bffc62cd1f36,39c75ee513e4a6561ba26d5df93519b85af6c42334b4156a9f8301ebc5e3b0b2,A_r0_s31010_t1_conic,True,True,False,False,33.21341700211633,67.07945900416235,24.82354200037662,"[""917297347747767610138140910986617710266533"",""57167437642717661861846934048537059524608""]",A_r0_s31010_t1_factor,True,True,True,False,78.11537499947008,117.80654200265417,6.079915998270735,"[""367972530568982004265352380597341698298009429987020373271"",""19783776110025966900032589021377209740443691145563734016""]",44.90195799735375,50.727082998491824
31010,1,1,31010_1,324d24fa8f25d73a30b87b699396d4c410c6baee71a5bc43de1fdf18a8b5afab,fdd937a50ec8c4a28c62f2b1ec78ba15e46c7a39d0a01c699522bffc62cd1f36,39c75ee513e4a6561ba26d5df93519b85af6c42334b4156a9f8301ebc5e3b0b2,A_r1_s31010_t1_conic,True,True,False,False,33.199041994521394,67.70549999782816,24.72945800400339,"[""917297347747767610138140910986617710266533"",""57167437642717661861846934048537059524608""]",A_r1_s31010_t1_factor,True,True,True,False,78.32387500093319,117.88087499735411,6.114292002166621,"[""367972530568982004265352380597341698298009429987020373271"",""19783776110025966900032589021377209740443691145563734016""]",45.12483300641179,50.17537499952596
31010,2,0,31010_2,143891c1a8c7b4e1eecf7917b5bf2b1914e408b3330ab71ec74a1b015c83ac2e,fdd937a50ec8c4a28c62f2b1ec78ba15e46c7a39d0a01c699522bffc62cd1f36,39c75ee513e4a6561ba26d5df93519b85af6c42334b4156a9f8301ebc5e3b0b2,A_r0_s31010_t2_conic,True,True,False,False,30.599749996326864,64.31195799814304,21.90720799990231,"[""131354014399263350636217732010376963278939"",""8166776806102523123120990578362437074944""]",A_r0_s31010_t2_factor,True,True,True,False,74.68279099703068,108.71308299829252,4.91758400312392,"[""93445766807352250348317523898197491778085447964428002279"",""4945944027506491725008147255344302435110922786390933504""]",44.083041000703815,44.40112500014948
31010,2,1,31010_2,143891c1a8c7b4e1eecf7917b5bf2b1914e408b3330ab71ec74a1b015c83ac2e,fdd937a50ec8c4a28c62f2b1ec78ba15e46c7a39d0a01c699522bffc62cd1f36,39c75ee513e4a6561ba26d5df93519b85af6c42334b4156a9f8301ebc5e3b0b2,A_r1_s31010_t2_conic,True,True,False,False,31.376458005979657,66.48612500430318,22.41258400317747,"[""131354014399263350636217732010376963278939"",""8166776806102523123120990578362437074944""]",A_r1_s31010_t2_factor,True,True,True,False,76.23145799880149,110.73824999766657,5.157084000529721,"[""93445766807352250348317523898197491778085447964428002279"",""4945944027506491725008147255344302435110922786390933504""]",44.85499999282183,44.252124993363395
31010,3,0,31010_3,5eb07f2f6ff89b3cf4bd7219532ccaea0ad1c6d31e4d40ce0860fe4fc53b0980,fdd937a50ec8c4a28c62f2b1ec78ba15e46c7a39d0a01c699522bffc62cd1f36,39c75ee513e4a6561ba26d5df93519b85af6c42334b4156a9f8301ebc5e3b0b2,A_r0_s31010_t3_conic,True,True,True,False,93.52345800289186,128.2019999998738,22.96454099996481,"[""31420303526634039165982508446949412296382042355309243053"",""1648648009168830575002715751781434145036974262130311168""]",A_r0_s31010_t3_factor,True,True,True,True,102.67708299943479,137.38966699747834,30.791334000241477,"[""31420303526634039165982508446949412296382042355309243053"",""1648648009168830575002715751781434145036974262130311168""]",9.15362499654293,9.187666997604538
31010,3,1,31010_3,5eb07f2f6ff89b3cf4bd7219532ccaea0ad1c6d31e4d40ce0860fe4fc53b0980,fdd937a50ec8c4a28c62f2b1ec78ba15e46c7a39d0a01c699522bffc62cd1f36,39c75ee513e4a6561ba26d5df93519b85af6c42334b4156a9f8301ebc5e3b0b2,A_r1_s31010_t3_conic,True,True,True,False,98.83520800212864,133.46158300555544,23.241709001013078,"[""31420303526634039165982508446949412296382042355309243053"",""1648648009168830575002715751781434145036974262130311168""]",A_r1_s31010_t3_factor,True,True,True,True,101.97712499939371,136.8951249969541,31.33062500273809,"[""31420303526634039165982508446949412296382042355309243053"",""1648648009168830575002715751781434145036974262130311168""]",3.1419169972650707,3.43354199139867
31010,4,0,31010_4,2d5a98bd4f9e5df56cefcca45ee10dd7e8d12133b35488c2d92790e4522bd2d0,fdd937a50ec8c4a28c62f2b1ec78ba15e46c7a39d0a01c699522bffc62cd1f36,39c75ee513e4a6561ba26d5df93519b85af6c42334b4156a9f8301ebc5e3b0b2,A_r0_s31010_t4_conic,True,True,True,False,96.55299999576528,130.69399999949383,22.96470800501993,"[""1520220664109593691642302048948826909610021248064055471639"",""79135104440103867600130356085508838961774764582254936064""]",A_r0_s31010_t4_factor,True,True,True,False,77.39858399872901,109.13170900312252,5.344333003449719,"[""868697559174436447569615239759445602186414042027632346753"",""45220059680059352914360203477433622263871294047002820608""]",-19.154415997036267,-21.562290996371303
31010,4,1,31010_4,2d5a98bd4f9e5df56cefcca45ee10dd7e8d12133b35488c2d92790e4522bd2d0,fdd937a50ec8c4a28c62f2b1ec78ba15e46c7a39d0a01c699522bffc62cd1f36,39c75ee513e4a6561ba26d5df93519b85af6c42334b4156a9f8301ebc5e3b0b2,A_r1_s31010_t4_conic,True,True,True,False,96.50745899853064,130.4243749982561,23.08574999915436,"[""1520220664109593691642302048948826909610021248064055471639"",""79135104440103867600130356085508838961774764582254936064""]",A_r1_s31010_t4_factor,True,True,True,False,77.39399999991292,109.56654100300511,4.895958998531569,"[""868697559174436447569615239759445602186414042027632346753"",""45220059680059352914360203477433622263871294047002820608""]",-19.113458998617716,-20.857833995250985
31010,5,0,31010_5,35e094e4e254b36a38034a618087361b1cc83196e5aae7fa3961dd088d75e5e8,fdd937a50ec8c4a28c62f2b1ec78ba15e46c7a39d0a01c699522bffc62cd1f36,39c75ee513e4a6561ba26d5df93519b85af6c42334b4156a9f8301ebc5e3b0b2,A_r0_s31010_t5_conic,True,True,True,False,87.55725000082748,121.65183400065871,22.32308300153818,"[""499384765991889331859049698331396859164706928589200877"",""25760125143262977734417433621584908516202722845786112""]",A_r0_s31010_t5_factor,True,True,True,False,72.87179199920502,106.50399999576621,5.019500000344124,"[""93634579864591200558358821030674221721966162811556031"",""4830023464361808325203268804047170346788010533584896""]",-14.685458001622465,-15.147834004892502
31010,5,1,31010_5,35e094e4e254b36a38034a618087361b1cc83196e5aae7fa3961dd088d75e5e8,fdd937a50ec8c4a28c62f2b1ec78ba15e46c7a39d0a01c699522bffc62cd1f36,39c75ee513e4a6561ba26d5df93519b85af6c42334b4156a9f8301ebc5e3b0b2,A_r1_s31010_t5_conic,True,True,True,False,87.70179100247333,122.3530409988598,22.473999997600913,"[""499384765991889331859049698331396859164706928589200877"",""25760125143262977734417433621584908516202722845786112""]",A_r1_s31010_t5_factor,True,True,True,False,69.42500000150176,103.21620800095843,5.236917000729591,"[""93634579864591200558358821030674221721966162811556031"",""4830023464361808325203268804047170346788010533584896""]",-18.27679100097157,-19.136832997901365
31010,6,0,31010_6,6fa5a8ee486debd9c2f0ab35516b367d37705768aef4e36a868a68b9de544a7a,fdd937a50ec8c4a28c62f2b1ec78ba15e46c7a39d0a01c699522bffc62cd1f36,39c75ee513e4a6561ba26d5df93519b85af6c42334b4156a9f8301ebc5e3b0b2,A_r0_s31010_t6_conic,True,True,True,False,91.84804099641042,125.57104099687422,25.631208998674992,"[""91655554774032876810453735173054549913090933693760471"",""4830023464361808325203268804047170346788010533584896""]",A_r0_s31010_t6_factor,True,True,True,False,74.22945799771696,106.37691699957941,8.229749997553881,"[""366622635078346877584696175041549095903411623638847759"",""19320093857447233300813075216188681387152042134339584""]",-17.618582998693455,-19.19412399729481
31010,6,1,31010_6,6fa5a8ee486debd9c2f0ab35516b367d37705768aef4e36a868a68b9de544a7a,fdd937a50ec8c4a28c62f2b1ec78ba15e46c7a39d0a01c699522bffc62cd1f36,39c75ee513e4a6561ba26d5df93519b85af6c42334b4156a9f8301ebc5e3b0b2,A_r1_s31010_t6_conic,True,True,True,False,93.26129199325806,128.28999999328516,25.876874999084976,"[""91655554774032876810453735173054549913090933693760471"",""4830023464361808325203268804047170346788010533584896""]",A_r1_s31010_t6_factor,True,True,True,False,75.78666700283065,107.58150000037858,7.950084000185598,"[""366622635078346877584696175041549095903411623638847759"",""19320093857447233300813075216188681387152042134339584""]",-17.4746249904274,-20.70849999290658
31010,7,0,31010_7,45b1391f0dd4dfb6d6383f2ff1b8d4327c2ac74e0e5e4929469fabaa70d51778,fdd937a50ec8c4a28c62f2b1ec78ba15e46c7a39d0a01c699522bffc62cd1f36,39c75ee513e4a6561ba26d5df93519b85af6c42334b4156a9f8301ebc5e3b0b2,A_r0_s31010_t7_conic,True,True,True,False,91.00362499884795,124.75983399781398,24.35841700207675,"[""204473110404811164964958291276735409951507458406593993"",""11040053632826990457607471552107817935515452648194048""]",A_r0_s31010_t7_factor,True,True,True,True,98.92204200150445,133.58616700134007,32.96262500225566,"[""204473110404811164964958291276735409951507458406593993"",""11040053632826990457607471552107817935515452648194048""]",7.918417002656497,8.826333003526088
31010,7,1,31010_7,45b1391f0dd4dfb6d6383f2ff1b8d4327c2ac74e0e5e4929469fabaa70d51778,fdd937a50ec8c4a28c62f2b1ec78ba15e46c7a39d0a01c699522bffc62cd1f36,39c75ee513e4a6561ba26d5df93519b85af6c42334b4156a9f8301ebc5e3b0b2,A_r1_s31010_t7_conic,True,True,True,False,91.70400000584777,136.16654200450284,24.525917004211806,"[""204473110404811164964958291276735409951507458406593993"",""11040053632826990457607471552107817935515452648194048""]",A_r1_s31010_t7_factor,True,True,True,True,101.33612500067102,136.36529100040207,33.73799999826588,"[""204473110404811164964958291276735409951507458406593993"",""11040053632826990457607471552107817935515452648194048""]",9.632124994823243,0.1987489958992228
31011,0,0,31011_0,bc83773ab2ccf5564b39d0a1dfdf388e926bb3d1cde3a86464529e55f59dcac4,fdd937a50ec8c4a28c62f2b1ec78ba15e46c7a39d0a01c699522bffc62cd1f36,39c75ee513e4a6561ba26d5df93519b85af6c42334b4156a9f8301ebc5e3b0b2,A_r0_s31011_t0_conic,True,True,True,False,175.35062500246568,209.7382909996668,65.52487499720883,"[""21694626751185968945947668620985610198403451093294362967119"",""1266161671041661881602085697368141423388396233316078977024""]",A_r0_s31011_t0_factor,True,True,True,True,144.62791699770605,179.38820800191024,39.615959001821466,"[""21694626751185968945947668620985610198403451093294362967119"",""1266161671041661881602085697368141423388396233316078977024""]",-30.722708004759625,-30.350082997756545
31011,0,1,31011_0,bc83773ab2ccf5564b39d0a1dfdf388e926bb3d1cde3a86464529e55f59dcac4,fdd937a50ec8c4a28c62f2b1ec78ba15e46c7a39d0a01c699522bffc62cd1f36,39c75ee513e4a6561ba26d5df93519b85af6c42334b4156a9f8301ebc5e3b0b2,A_r1_s31011_t0_conic,True,True,True,False,142.97995900415117,177.0932500003255,37.11266600294039,"[""21694626751185968945947668620985610198403451093294362967119"",""1266161671041661881602085697368141423388396233316078977024""]",A_r1_s31011_t0_factor,True,True,True,True,173.76550000335556,208.0546669967589,40.08791699743597,"[""21694626751185968945947668620985610198403451093294362967119"",""1266161671041661881602085697368141423388396233316078977024""]",30.785540999204386,30.9614169964334
31011,1,0,31011_1,b3104ef2f9b1fc5b02a656cbd7a485932ecffc76f2ab2b8470f217f771c7e96f,fdd937a50ec8c4a28c62f2b1ec78ba15e46c7a39d0a01c699522bffc62cd1f36,39c75ee513e4a6561ba26d5df93519b85af6c42334b4156a9f8301ebc5e3b0b2,A_r0_s31011_t1_conic,True,True,True,False,89.31466699868906,123.89166700450005,24.087958001473453,"[""5480758202711088417902046130034165225828676079757206048090159"",""324137387786665441690133938526244204387429435728916218118144""]",A_r0_s31011_t1_factor,True,True,True,False,70.11962499382207,102.5642499953392,4.794833999767434,"[""4175815540461041855246836600309795652347783119727748724694419"",""246961819266030812716292524591424155723755760555364737613824""]",-19.19504200486699,-21.327417009160854
31011,1,1,31011_1,b3104ef2f9b1fc5b02a656cbd7a485932ecffc76f2ab2b8470f217f771c7e96f,fdd937a50ec8c4a28c62f2b1ec78ba15e46c7a39d0a01c699522bffc62cd1f36,39c75ee513e4a6561ba26d5df93519b85af6c42334b4156a9f8301ebc5e3b0b2,A_r1_s31011_t1_conic,True,True,True,False,87.82725000492064,122.20108300243737,24.057665999862365,"[""5480758202711088417902046130034165225828676079757206048090159"",""324137387786665441690133938526244204387429435728916218118144""]",A_r1_s31011_t1_factor,True,True,True,False,69.99862500379095,102.2692080005072,5.122333001054358,"[""4175815540461041855246836600309795652347783119727748724694419"",""246961819266030812716292524591424155723755760555364737613824""]",-17.828625001129694,-19.931875001930166
31011,2,0,31011_2,be246562a78ffb9df6d90dc8010940a5ee98dbfe313e68e1272ed2a8d0ea877d,fdd937a50ec8c4a28c62f2b1ec78ba15e46c7a39d0a01c699522bffc62cd1f36,39c75ee513e4a6561ba26d5df93519b85af6c42334b4156a9f8301ebc5e3b0b2,A_r0_s31011_t2_conic,True,True,True,False,87.10770900506759,121.05120900378097,23.795749999408145,"[""10383977267022716730921864143899399341806255464363277"",""603752933045226040650408600505896293348501316698112""]",A_r0_s31011_t2_factor,True,True,True,True,97.22412500559585,132.07445900479797,32.23429100034991,"[""10383977267022716730921864143899399341806255464363277"",""603752933045226040650408600505896293348501316698112""]",10.116416000528261,11.023250001017004
31011,2,1,31011_2,be246562a78ffb9df6d90dc8010940a5ee98dbfe313e68e1272ed2a8d0ea877d,fdd937a50ec8c4a28c62f2b1ec78ba15e46c7a39d0a01c699522bffc62cd1f36,39c75ee513e4a6561ba26d5df93519b85af6c42334b4156a9f8301ebc5e3b0b2,A_r1_s31011_t2_conic,True,True,True,False,87.33979200042086,121.77016699570231,23.257167005795054,"[""10383977267022716730921864143899399341806255464363277"",""603752933045226040650408600505896293348501316698112""]",A_r1_s31011_t2_factor,True,True,True,True,97.41062499961117,132.49050000013085,32.675124995876104,"[""10383977267022716730921864143899399341806255464363277"",""603752933045226040650408600505896293348501316698112""]",10.070832999190316,10.72033300442854
31011,3,0,31011_3,096b8935a0b1cc3ea01ad5fd34e5cf4ccd96e12425453bf3a9efcb400f652686,fdd937a50ec8c4a28c62f2b1ec78ba15e46c7a39d0a01c699522bffc62cd1f36,39c75ee513e4a6561ba26d5df93519b85af6c42334b4156a9f8301ebc5e3b0b2,A_r0_s31011_t3_conic,True,True,True,False,90.52137500111712,125.0392500005546,23.923749999084976,"[""1980859096740954474198606036689111548919781350924373"",""115000558675281150600077828667789770161619298418688""]",A_r0_s31011_t3_factor,True,True,False,False,41.469292002147995,73.97095800115494,5.277917000057641,"[""116731082965966069801404539053579787779451"",""7145929705339707732730866756067132440576""]",-49.05208299896913,-51.06829199939966
31011,3,1,31011_3,096b8935a0b1cc3ea01ad5fd34e5cf4ccd96e12425453bf3a9efcb400f652686,fdd937a50ec8c4a28c62f2b1ec78ba15e46c7a39d0a01c699522bffc62cd1f36,39c75ee513e4a6561ba26d5df93519b85af6c42334b4156a9f8301ebc5e3b0b2,A_r1_s31011_t3_conic,True,True,True,False,90.90483399631921,125.27645899535855,24.26370800094446,"[""1980859096740954474198606036689111548919781350924373"",""115000558675281150600077828667789770161619298418688""]",A_r1_s31011_t3_factor,True,True,False,False,41.45299999800045,73.97362499614246,4.97824999911245,"[""116731082965966069801404539053579787779451"",""7145929705339707732730866756067132440576""]",-49.45183399831876,-51.30283399921609
31011,4,0,31011_4,c5629c47dcceeb5e1bffec97a476faab035777a014a02c868c96a810aecacbe5,fdd937a50ec8c4a28c62f2b1ec78ba15e46c7a39d0a01c699522bffc62cd1f36,39c75ee513e4a6561ba26d5df93519b85af6c42334b4156a9f8301ebc5e3b0b2,A_r0_s31011_t4_conic,True,True,True,False,88.91199999925448,123.51979200320784,25.702082995849196,"[""95327704037441824873287257891717227793474529754662499"",""5520026816413495228803735776053908967757726324097024""]",A_r0_s31011_t4_factor,True,True,True,False,65.42720799916424,101.10979199816938,3.9681249982095324,"[""190655336680644650076521985492967198585220127231769283"",""11040053632826990457607471552107817935515452648194048""]",-23.484792000090238,-22.410000005038455
31011,4,1,31011_4,c5629c47dcceeb5e1bffec97a476faab035777a014a02c868c96a810aecacbe5,fdd937a50ec8c4a28c62f2b1ec78ba15e46c7a39d0a01c699522bffc62cd1f36,39c75ee513e4a6561ba26d5df93519b85af6c42334b4156a9f8301ebc5e3b0b2,A_r1_s31011_t4_conic,True,True,True,False,88.79641599924071,123.26554099854548,25.421582999115344,"[""95327704037441824873287257891717227793474529754662499"",""5520026816413495228803735776053908967757726324097024""]",A_r1_s31011_t4_factor,True,True,True,False,67.8364999985206,103.97495800134493,4.484500001126435,"[""190655336680644650076521985492967198585220127231769283"",""11040053632826990457607471552107817935515452648194048""]",-20.959916000720114,-19.290582997200545
31011,5,0,31011_5,b46b5c560e430a4c61b5a14585ae43b5e6722ddd9b6935fa038764ffae6ef5f2,fdd937a50ec8c4a28c62f2b1ec78ba15e46c7a39d0a01c699522bffc62cd1f36,39c75ee513e4a6561ba26d5df93519b85af6c42334b4156a9f8301ebc5e3b0b2,A_r0_s31011_t5_conic,True,True,True,False,103.85191699606366,137.8254579976783,24.571333000494633,"[""446737475881687729489783499554272075669571799676253477"",""25760125143262977734417433621584908516202722845786112""]",A_r0_s31011_t5_factor,True,True,True,False,83.99583299615188,141.15458299784223,5.342124997696374,"[""47864709779566895313358982421502214958667680087324097"",""2760013408206747614401867888026954483878863162048512""]",-19.85608399991179,3.3291250001639128
31011,5,1,31011_5,b46b5c560e430a4c61b5a14585ae43b5e6722ddd9b6935fa038764ffae6ef5f2,fdd937a50ec8c4a28c62f2b1ec78ba15e46c7a39d0a01c699522bffc62cd1f36,39c75ee513e4a6561ba26d5df93519b85af6c42334b4156a9f8301ebc5e3b0b2,A_r1_s31011_t5_conic,True,True,True,False,98.68233300221618,133.16841699997894,24.482000000716653,"[""446737475881687729489783499554272075669571799676253477"",""25760125143262977734417433621584908516202722845786112""]",A_r1_s31011_t5_factor,True,True,True,False,84.45758399466285,142.19091699487763,5.077083005744498,"[""47864709779566895313358982421502214958667680087324097"",""2760013408206747614401867888026954483878863162048512""]",-14.224749007553328,9.02249999489868
31011,6,0,31011_6,e1f6261792d85883dd926a38b8e42e82c110ef6df7b5098eeb4d8f18327b7ac4,fdd937a50ec8c4a28c62f2b1ec78ba15e46c7a39d0a01c699522bffc62cd1f36,39c75ee513e4a6561ba26d5df93519b85af6c42334b4156a9f8301ebc5e3b0b2,A_r0_s31011_t6_conic,True,True,False,False,34.21787499974016,68.3909590006806,26.004125000326894,"[""29039629981186785950375293128056167440659"",""1786482426334926933182716689016783110144""]",A_r0_s31011_t6_factor,True,True,True,False,74.07195800624322,129.84191700525116,6.093459000112489,"[""84345439774098861230398293535690581694278128773133111"",""4830023464361808325203268804047170346788010533584896""]",39.85408300650306,61.450958004570566
31011,6,1,31011_6,e1f6261792d85883dd926a38b8e42e82c110ef6df7b5098eeb4d8f18327b7ac4,fdd937a50ec8c4a28c62f2b1ec78ba15e46c7a39d0a01c699522bffc62cd1f36,39c75ee513e4a6561ba26d5df93519b85af6c42334b4156a9f8301ebc5e3b0b2,A_r1_s31011_t6_conic,True,True,False,False,35.1592079969123,69.6884159988258,26.421165995998308,"[""29039629981186785950375293128056167440659"",""1786482426334926933182716689016783110144""]",A_r1_s31011_t6_factor,True,True,True,False,75.19133300229441,132.69416600087425,6.522208001115359,"[""84345439774098861230398293535690581694278128773133111"",""4830023464361808325203268804047170346788010533584896""]",40.03212500538211,63.005750002048444
31011,7,0,31011_7,3db57765dc2f761b85224876c9d83374cc9620680d3cedd51cd512d9eb4d644c,fdd937a50ec8c4a28c62f2b1ec78ba15e46c7a39d0a01c699522bffc62cd1f36,39c75ee513e4a6561ba26d5df93519b85af6c42334b4156a9f8301ebc5e3b0b2,A_r0_s31011_t7_conic,True,True,True,False,92.99162499519298,126.88641699787695,23.395917000016198,"[""1376369656829562848247281134312680558077698985476525951"",""77280375429788933203252300864754725548608168537358336""]",A_r0_s31011_t7_factor,True,True,True,True,101.21933399932459,135.4680840013316,30.821874999674037,"[""1376369656829562848247281134312680558077698985476525951"",""77280375429788933203252300864754725548608168537358336""]",8.227709004131611,8.58166700345464
31011,7,1,31011_7,3db57765dc2f761b85224876c9d83374cc9620680d3cedd51cd512d9eb4d644c,fdd937a50ec8c4a28c62f2b1ec78ba15e46c7a39d0a01c699522bffc62cd1f36,39c75ee513e4a6561ba26d5df93519b85af6c42334b4156a9f8301ebc5e3b0b2,A_r1_s31011_t7_conic,True,True,True,False,95.05795799486805,129.52545799635118,24.21570799924666,"[""1376369656829562848247281134312680558077698985476525951"",""77280375429788933203252300864754725548608168537358336""]",A_r1_s31011_t7_factor,True,True,True,True,101.6982500004815,139.80699999956414,31.47708399774274,"[""1376369656829562848247281134312680558077698985476525951"",""77280375429788933203252300864754725548608168537358336""]",6.640292005613446,10.281542003212962
31012,0,0,31012_0,535a573abd881eb204710e6580c7eed9b4a1531d0fade3998e41fb5f93ac65a7,fdd937a50ec8c4a28c62f2b1ec78ba15e46c7a39d0a01c699522bffc62cd1f36,39c75ee513e4a6561ba26d5df93519b85af6c42334b4156a9f8301ebc5e3b0b2,A_r0_s31012_t0_conic,True,True,False,False,94.28366700012702,128.16391700471286,53.49362499691779,"[""936693201290463035608448463534016882304921747"",""58539456146142885746531260465701948953198592""]",A_r0_s31012_t0_factor,True,True,False,True,98.27554199728183,132.7564169987454,57.313208002597094,"[""936693201290463035608448463534016882304921747"",""58539456146142885746531260465701948953198592""]",3.9918749971548095,4.592499994032551
31012,0,1,31012_0,535a573abd881eb204710e6580c7eed9b4a1531d0fade3998e41fb5f93ac65a7,fdd937a50ec8c4a28c62f2b1ec78ba15e46c7a39d0a01c699522bffc62cd1f36,39c75ee513e4a6561ba26d5df93519b85af6c42334b4156a9f8301ebc5e3b0b2,A_r1_s31012_t0_conic,True,True,False,False,95.40070799994282,129.41070800297894,53.73466700257268,"[""936693201290463035608448463534016882304921747"",""58539456146142885746531260465701948953198592""]",A_r1_s31012_t0_factor,True,True,False,True,98.25216699391603,133.16745899646776,56.86441700527212,"[""936693201290463035608448463534016882304921747"",""58539456146142885746531260465701948953198592""]",2.8514589939732105,3.756750993488822
31012,1,0,31012_1,1607cf48efb43a2fcc6171c10f9f2359805a69afd4d1fcacc5da963ebfb56f1f,fdd937a50ec8c4a28c62f2b1ec78ba15e46c7a39d0a01c699522bffc62cd1f36,39c75ee513e4a6561ba26d5df93519b85af6c42334b4156a9f8301ebc5e3b0b2,A_r0_s31012_t1_conic,True,True,False,False,32.521792003535666,66.19258300634101,25.51112500077579,"[""305170225385568828923722997867771907385821"",""19055812547572553953948978016179019841536""]",A_r0_s31012_t1_factor,True,True,False,True,41.24129199772142,78.43454200337874,33.67275000346126,"[""305170225385568828923722997867771907385821"",""19055812547572553953948978016179019841536""]",8.719499994185753,12.241958997037727
31012,1,1,31012_1,1607cf48efb43a2fcc6171c10f9f2359805a69afd4d1fcacc5da963ebfb56f1f,fdd937a50ec8c4a28c62f2b1ec78ba15e46c7a39d0a01c699522bffc62cd1f36,39c75ee513e4a6561ba26d5df93519b85af6c42334b4156a9f8301ebc5e3b0b2,A_r1_s31012_t1_conic,True,True,False,False,32.417666996479966,66.8044589983765,25.332999997772276,"[""305170225385568828923722997867771907385821"",""19055812547572553953948978016179019841536""]",A_r1_s31012_t1_factor,True,True,False,True,41.15320799610345,75.71912500134204,33.63462499692105,"[""305170225385568828923722997867771907385821"",""19055812547572553953948978016179019841536""]",8.735540999623481,8.914666002965532
31012,2,0,31012_2,77fa539993a730465396944884d05bac49ad2054d4b8f9b4b9ea4ec395b12e95,fdd937a50ec8c4a28c62f2b1ec78ba15e46c7a39d0a01c699522bffc62cd1f36,39c75ee513e4a6561ba26d5df93519b85af6c42334b4156a9f8301ebc5e3b0b2,A_r0_s31012_t2_conic,True,True,False,False,32.24366599897621,66.51029099884909,25.240709001081996,"[""10929008685770183679907310558684168698507"",""680564733841876926926749214863536422912""]",A_r0_s31012_t2_factor,True,True,True,False,67.19508300011512,101.18850000435486,4.7155829961411655,"[""168130167346250870306733925014992665761759705753163"",""9825112830292151089681891893196311565927761051648""]",34.95141700113891,34.67820900550578
31012,2,1,31012_2,77fa539993a730465396944884d05bac49ad2054d4b8f9b4b9ea4ec395b12e95,fdd937a50ec8c4a28c62f2b1ec78ba15e46c7a39d0a01c699522bffc62cd1f36,39c75ee513e4a6561ba26d5df93519b85af6c42334b4156a9f8301ebc5e3b0b2,A_r1_s31012_t2_conic,True,True,False,False,32.67416600283468,67.53500000195345,25.47716700064484,"[""10929008685770183679907310558684168698507"",""680564733841876926926749214863536422912""]",A_r1_s31012_t2_factor,True,True,True,False,67.73437499941792,102.01866699935636,5.039666997618042,"[""168130167346250870306733925014992665761759705753163"",""9825112830292151089681891893196311565927761051648""]",35.06020899658324,34.483666997402906
31012,3,0,31012_3,549c2b7ea6a412b11fd6c319d20f4d4a2f72e7cc49533a689c9cd75cd51ee80e,fdd937a50ec8c4a28c62f2b1ec78ba15e46c7a39d0a01c699522bffc62cd1f36,39c75ee513e4a6561ba26d5df93519b85af6c42334b4156a9f8301ebc5e3b0b2,A_r0_s31012_t3_conic,True,True,False,False,32.91991599689936,66.63799999660114,25.695249998534564,"[""19211042896398224278996523083917479600471"",""1190988284223284622121811126011188740096""]",A_r0_s31012_t3_factor,True,True,True,False,70.30883300467394,104.40279100293992,5.080041002656799,"[""333442416183940168937706689458093448624633255695411"",""19650225660584302179363783786392623131855522103296""]",37.38891700777458,37.76479100633878
31012,3,1,31012_3,549c2b7ea6a412b11fd6c319d20f4d4a2f72e7cc49533a689c9cd75cd51ee80e,fdd937a50ec8c4a28c62f2b1ec78ba15e46c7a39d0a01c699522bffc62cd1f36,39c75ee513e4a6561ba26d5df93519b85af6c42334b4156a9f8301ebc5e3b0b2,A_r1_s31012_t3_conic,True,True,False,False,33.17958299885504,67.71587499679299,25.833708001300693,"[""19211042896398224278996523083917479600471"",""1190988284223284622121811126011188740096""]",A_r1_s31012_t3_factor,True,True,True,False,71.82016599836061,106.5530000050785,5.074874999991152,"[""333442416183940168937706689458093448624633255695411"",""19650225660584302179363783786392623131855522103296""]",38.64058299950557,38.83712500828551
31012,4,0,31012_4,063a02352aed7c22e57354e3e9a837fc822f40b283a50e025d30fae4709d755b,fdd937a50ec8c4a28c62f2b1ec78ba15e46c7a39d0a01c699522bffc62cd1f36,39c75ee513e4a6561ba26d5df93519b85af6c42334b4156a9f8301ebc5e3b0b2,A_r0_s31012_t4_conic,True,True,True,False,87.8999160049716,121.82187500002328,24.379124995903112,"[""82868303410345397538840871935037052096142601392779"",""4912556415146075544840945946598155782963880525824""]",A_r0_s31012_t4_factor,True,True,True,False,68.17600000067614,102.37675000098534,4.8030830002971925,"[""3452847725470710777864030814997718020468585409071"",""204689850631086481035039414441589824290161688576""]",-19.72391600429546,-19.445124999037944
31012,4,1,31012_4,063a02352aed7c22e57354e3e9a837fc822f40b283a50e025d30fae4709d755b,fdd937a50ec8c4a28c62f2b1ec78ba15e46c7a39d0a01c699522bffc62cd1f36,39c75ee513e4a6561ba26d5df93519b85af6c42334b4156a9f8301ebc5e3b0b2,A_r1_s31012_t4_conic,True,True,True,False,101.42595900106244,135.75470900104847,34.590916002343874,"[""82868303410345397538840871935037052096142601392779"",""4912556415146075544840945946598155782963880525824""]",A_r1_s31012_t4_factor,True,True,True,False,70.33666600182187,105.00954099552473,5.212500000197906,"[""3452847725470710777864030814997718020468585409071"",""204689850631086481035039414441589824290161688576""]",-31.08929299924057,-30.745168005523738
31012,5,0,31012_5,0be3f9704c7070d6c6a361cdcfa4aabdbd9386da3256c64fb06d434a498f9faf,fdd937a50ec8c4a28c62f2b1ec78ba15e46c7a39d0a01c699522bffc62cd1f36,39c75ee513e4a6561ba26d5df93519b85af6c42334b4156a9f8301ebc5e3b0b2,A_r0_s31012_t5_conic,True,True,True,False,93.95400000357768,128.0097500057309,22.996624997176696,"[""1307520369878537744035589489606279052472828085396928311"",""80487324305753301726674058389064184348080218535100416""]",A_r0_s31012_t5_factor,True,True,True,True,101.8499170022551,136.26454200129956,31.11137499945471,"[""1307520369878537744035589489606279052472828085396928311"",""80487324305753301726674058389064184348080218535100416""]",7.895916998677421,8.254791995568667
31012,5,1,31012_5,0be3f9704c7070d6c6a361cdcfa4aabdbd9386da3256c64fb06d434a498f9faf,fdd937a50ec8c4a28c62f2b1ec78ba15e46c7a39d0a01c699522bffc62cd1f36,39c75ee513e4a6561ba26d5df93519b85af6c42334b4156a9f8301ebc5e3b0b2,A_r1_s31012_t5_conic,True,True,True,False,94.4502080019447,129.16487499751383,23.36454199394211,"[""1307520369878537744035589489606279052472828085396928311"",""80487324305753301726674058389064184348080218535100416""]",A_r1_s31012_t5_factor,True,True,True,True,103.96274999948218,169.74412499985192,31.41200000391109,"[""1307520369878537744035589489606279052472828085396928311"",""80487324305753301726674058389064184348080218535100416""]",9.512541997537483,40.579250002338085
31012,6,0,31012_6,fd04be727e6364e2d173818d7ac4d12d64c9c0c08aa973ed5184ad8072909cc6,fdd937a50ec8c4a28c62f2b1ec78ba15e46c7a39d0a01c699522bffc62cd1f36,39c75ee513e4a6561ba26d5df93519b85af6c42334b4156a9f8301ebc5e3b0b2,A_r0_s31012_t6_conic,True,True,False,False,31.83829099725699,66.46495799941476,24.440041001071222,"[""28894340722567428336706985672726720645639"",""1786482426334926933182716689016783110144""]",A_r0_s31012_t6_factor,True,True,True,False,76.00679200550076,125.02387499989709,4.915624995192047,"[""1301838706047337835006596151647480630958951169994737191"",""80487324305753301726674058389064184348080218535100416""]",44.168501008243766,58.558917000482325
31012,6,1,31012_6,fd04be727e6364e2d173818d7ac4d12d64c9c0c08aa973ed5184ad8072909cc6,fdd937a50ec8c4a28c62f2b1ec78ba15e46c7a39d0a01c699522bffc62cd1f36,39c75ee513e4a6561ba26d5df93519b85af6c42334b4156a9f8301ebc5e3b0b2,A_r1_s31012_t6_conic,True,True,False,False,31.67408300214447,66.3799999965704,24.190832999011036,"[""28894340722567428336706985672726720645639"",""1786482426334926933182716689016783110144""]",A_r1_s31012_t6_factor,True,True,True,False,77.12812499812571,115.93445799371693,5.1301249986863695,"[""1301838706047337835006596151647480630958951169994737191"",""80487324305753301726674058389064184348080218535100416""]",45.45404199598124,49.55445799714653
31012,7,0,31012_7,de7f69c612cea30b4d06273829cebe56b5a2cb8c0afdc3e283972b64b0818e57,fdd937a50ec8c4a28c62f2b1ec78ba15e46c7a39d0a01c699522bffc62cd1f36,39c75ee513e4a6561ba26d5df93519b85af6c42334b4156a9f8301ebc5e3b0b2,A_r0_s31012_t7_conic,True,True,True,False,90.45099999639206,157.1591659958358,26.93208299751859,"[""1298303779145907776177180374793680172914250884845587671"",""80487324305753301726674058389064184348080218535100416""]",A_r0_s31012_t7_factor,True,True,True,False,72.52383299783105,115.84420799772488,5.1741249990300275,"[""5193215119514179204546698478682822380630073138231685839"",""321949297223013206906696233556256737392320874140401664""]",-17.927166998561006,-41.31495799811091
31012,7,1,31012_7,de7f69c612cea30b4d06273829cebe56b5a2cb8c0afdc3e283972b64b0818e57,fdd937a50ec8c4a28c62f2b1ec78ba15e46c7a39d0a01c699522bffc62cd1f36,39c75ee513e4a6561ba26d5df93519b85af6c42334b4156a9f8301ebc5e3b0b2,A_r1_s31012_t7_conic,True,True,True,False,92.65137499460252,127.10366700048326,26.70337499876041,"[""1298303779145907776177180374793680172914250884845587671"",""80487324305753301726674058389064184348080218535100416""]",A_r1_s31012_t7_factor,True,True,True,False,73.60887499817181,117.56929099647095,5.070417006209027,"[""5193215119514179204546698478682822380630073138231685839"",""321949297223013206906696233556256737392320874140401664""]",-19.042499996430706,-9.534376004012302
31013,0,0,31013_0,0b59f7a2d420986a688a809629da89ed8433c58d8785489c0aabd231bc612317,fdd937a50ec8c4a28c62f2b1ec78ba15e46c7a39d0a01c699522bffc62cd1f36,39c75ee513e4a6561ba26d5df93519b85af6c42334b4156a9f8301ebc5e3b0b2,A_r0_s31013_t0_conic,True,True,True,False,151.55358400079422,185.6494589956128,54.333499996573664,"[""87438430382975161316648649756181040219234760271670471"",""5030457769109581357917128649316511521755013658443776""]",A_r0_s31013_t0_factor,True,True,True,True,164.47608400630997,198.53975000296487,61.078207996615674,"[""87438430382975161316648649756181040219234760271670471"",""5030457769109581357917128649316511521755013658443776""]",12.922500005515758,12.890291007352062
31013,0,1,31013_0,0b59f7a2d420986a688a809629da89ed8433c58d8785489c0aabd231bc612317,fdd937a50ec8c4a28c62f2b1ec78ba15e46c7a39d0a01c699522bffc62cd1f36,39c75ee513e4a6561ba26d5df93519b85af6c42334b4156a9f8301ebc5e3b0b2,A_r1_s31013_t0_conic,True,True,True,False,153.39345800020965,201.21729099628283,55.66279099730309,"[""87438430382975161316648649756181040219234760271670471"",""5030457769109581357917128649316511521755013658443776""]",A_r1_s31013_t0_factor,True,True,True,True,155.14912499929778,189.3441249994794,57.109250003122725,"[""87438430382975161316648649756181040219234760271670471"",""5030457769109581357917128649316511521755013658443776""]",1.7556669990881346,-11.873165996803436
31013,1,0,31013_1,adb3653cc85af0e770c949624c742f96275c1d5afe6ab77b297324924901160d,fdd937a50ec8c4a28c62f2b1ec78ba15e46c7a39d0a01c699522bffc62cd1f36,39c75ee513e4a6561ba26d5df93519b85af6c42334b4156a9f8301ebc5e3b0b2,A_r0_s31013_t1_conic,True,True,True,False,90.93258399661863,125.30133399559418,28.10120800131699,"[""22295071441193825225323338204023373924041268401411299"",""1257614442277395339479282162329127880438753414610944""]",A_r0_s31013_t1_factor,True,True,True,False,68.34150000213413,99.9986250026268,5.2287910002633,"[""1061670174622194988244659569280522089853087518224059"",""59886402013209301879965817253767994306607305457664""]",-22.591083994484507,-25.302708992967382
31013,1,1,31013_1,adb3653cc85af0e770c949624c742f96275c1d5afe6ab77b297324924901160d,fdd937a50ec8c4a28c62f2b1ec78ba15e46c7a39d0a01c699522bffc62cd1f36,39c75ee513e4a6561ba26d5df93519b85af6c42334b4156a9f8301ebc5e3b0b2,A_r1_s31013_t1_conic,True,True,True,False,91.87591699446784,126.32341699645622,28.355791000649333,"[""22295071441193825225323338204023373924041268401411299"",""1257614442277395339479282162329127880438753414610944""]",A_r1_s31013_t1_factor,True,True,True,False,69.87395800388185,101.98733300057938,5.433083002571948,"[""1061670174622194988244659569280522089853087518224059"",""59886402013209301879965817253767994306607305457664""]",-22.00195899058599,-24.336083995876834
31013,2,0,31013_2,32b9d3579799425e3b975c3e9b0a62209a959bffbb4c66930c0ef99d2245986c,fdd937a50ec8c4a28c62f2b1ec78ba15e46c7a39d0a01c699522bffc62cd1f36,39c75ee513e4a6561ba26d5df93519b85af6c42334b4156a9f8301ebc5e3b0b2,A_r0_s31013_t2_conic,True,True,False,False,34.07895799318794,70.99679199745879,27.021540998248383,"[""1873911920420740267874207817138285994073780749"",""117078912292285771493062520931403897906397184""]",A_r0_s31013_t2_factor,True,True,False,True,43.5624169986113,77.79008399666054,35.962916001153644,"[""1873911920420740267874207817138285994073780749"",""117078912292285771493062520931403897906397184""]",9.483459005423356,6.793291999201756
31013,2,1,31013_2,32b9d3579799425e3b975c3e9b0a62209a959bffbb4c66930c0ef99d2245986c,fdd937a50ec8c4a28c62f2b1ec78ba15e46c7a39d0a01c699522bffc62cd1f36,39c75ee513e4a6561ba26d5df93519b85af6c42334b4156a9f8301ebc5e3b0b2,A_r1_s31013_t2_conic,True,True,False,False,34.19058299914468,68.1269160049851,27.063749999797437,"[""1873911920420740267874207817138285994073780749"",""117078912292285771493062520931403897906397184""]",A_r1_s31013_t2_factor,True,True,False,True,42.65925000072457,76.97645800362807,35.2189589975751,"[""1873911920420740267874207817138285994073780749"",""117078912292285771493062520931403897906397184""]",8.468667001579888,8.849541998642962
31013,3,0,31013_3,e3f1d2faff57a2e1aacf5570736563d3c8f198752ba7b9e9a67d311033097050,fdd937a50ec8c4a28c62f2b1ec78ba15e46c7a39d0a01c699522bffc62cd1f36,39c75ee513e4a6561ba26d5df93519b85af6c42334b4156a9f8301ebc5e3b0b2,A_r0_s31013_t3_conic,True,True,False,False,34.80025000317255,68.84325000282843,27.897665997443255,"[""4995368086906702375761388960530174103417726779"",""312210432779428723981500055817077061083725824""]",A_r0_s31013_t3_factor,True,True,True,False,71.0659999967902,105.71299999719486,6.071165997127537,"[""6207014443453694363200359220225475975055691917147271479677429"",""337588306284918296445395909797485464667890252922645815230464""]",36.265749993617646,36.86974999436643
31013,3,1,31013_3,e3f1d2faff57a2e1aacf5570736563d3c8f198752ba7b9e9a67d311033097050,fdd937a50ec8c4a28c62f2b1ec78ba15e46c7a39d0a01c699522bffc62cd1f36,39c75ee513e4a6561ba26d5df93519b85af6c42334b4156a9f8301ebc5e3b0b2,A_r1_s31013_t3_conic,True,True,False,False,34.198792003735434,68.23033399996348,27.290375001030043,"[""4995368086906702375761388960530174103417726779"",""312210432779428723981500055817077061083725824""]",A_r1_s31013_t3_factor,True,True,True,False,71.2907500055735,105.70858400024008,6.069208997359965,"[""6207014443453694363200359220225475975055691917147271479677429"",""337588306284918296445395909797485464667890252922645815230464""]",37.091958001838066,37.4782500002766
31013,4,0,31013_4,f73f41ac679dbf281f6a5b263b1e81c9d5143704ed1e6c293b69f74556fef85f,fdd937a50ec8c4a28c62f2b1ec78ba15e46c7a39d0a01c699522bffc62cd1f36,39c75ee513e4a6561ba26d5df93519b85af6c42334b4156a9f8301ebc5e3b0b2,A_r0_s31013_t4_conic,True,True,False,False,27.976666002359707,62.00433299818542,21.766083998954855,"[""40922045845531963844899188177197629805231901666483"",""2557627865329080106856448457253495284397881950208""]",A_r0_s31013_t4_factor,True,True,False,True,36.9775830040453,71.48045799840475,30.338875003508292,"[""40922045845531963844899188177197629805231901666483"",""2557627865329080106856448457253495284397881950208""]",9.000917001685593,9.476125000219326
31013,4,1,31013_4,f73f41ac679dbf281f6a5b263b1e81c9d5143704ed1e6c293b69f74556fef85f,fdd937a50ec8c4a28c62f2b1ec78ba15e46c7a39d0a01c699522bffc62cd1f36,39c75ee513e4a6561ba26d5df93519b85af6c42334b4156a9f8301ebc5e3b0b2,A_r1_s31013_t4_conic,True,True,False,False,28.164041999843903,62.713708997762296,21.899166000366677,"[""40922045845531963844899188177197629805231901666483"",""2557627865329080106856448457253495284397881950208""]",A_r1_s31013_t4_factor,True,True,False,True,36.791042002732866,71.50587499927497,30.0579579998157,"[""40922045845531963844899188177197629805231901666483"",""2557627865329080106856448457253495284397881950208""]",8.627000002888963,8.792166001512669
31013,5,0,31013_5,bfd044e5a13036b9611551e6a679c569040a93e616d769b687fcc96f568d0348,fdd937a50ec8c4a28c62f2b1ec78ba15e46c7a39d0a01c699522bffc62cd1f36,39c75ee513e4a6561ba26d5df93519b85af6c42334b4156a9f8301ebc5e3b0b2,A_r0_s31013_t5_conic,True,True,False,False,28.238208004040644,62.825332999636885,22.063124997657724,"[""31428131209170619566583786927421675788052261104376909"",""1964258200572733522065752415170684378417573337759744""]",A_r0_s31013_t5_factor,True,True,False,False,11.488167001516558,43.40116700041108,5.1265000001876615,"[""179977060957006910860699754342210212451436220152431993451043617"",""11248566309812931928793734646388138217655420956479549847109632""]",-16.750041002524085,-19.424165999225806
31013,5,1,31013_5,bfd044e5a13036b9611551e6a679c569040a93e616d769b687fcc96f568d0348,fdd937a50ec8c4a28c62f2b1ec78ba15e46c7a39d0a01c699522bffc62cd1f36,39c75ee513e4a6561ba26d5df93519b85af6c42334b4156a9f8301ebc5e3b0b2,A_r1_s31013_t5_conic,True,True,False,False,28.094166998926084,62.70879200019408,21.951000002445653,"[""31428131209170619566583786927421675788052261104376909"",""1964258200572733522065752415170684378417573337759744""]",A_r1_s31013_t5_factor,True,True,False,False,11.274125005002134,43.58945800049696,4.9760839974624105,"[""179977060957006910860699754342210212451436220152431993451043617"",""11248566309812931928793734646388138217655420956479549847109632""]",-16.82004199392395,-19.11933399969712
31013,6,0,31013_6,ccbc0d7dbf896d53ae75d8288c1f371ca6542cd61228e52b3c9c191d92772302,fdd937a50ec8c4a28c62f2b1ec78ba15e46c7a39d0a01c699522bffc62cd1f36,39c75ee513e4a6561ba26d5df93519b85af6c42334b4156a9f8301ebc5e3b0b2,A_r0_s31013_t6_conic,True,True,False,False,16.883374999451917,50.97999999998137,11.020291996828746,"[""59944403095382505531056836973652879042131274593"",""3746525193353144687778000669804924733004709888""]",A_r0_s31013_t6_factor,True,True,False,False,11.470249999547377,43.82849999819882,5.1085000013699755,"[""2374642455062148538959951840998482485272138357400841026812794184127894335429"",""148415153441384283684996990062405155329508647337551992482214920908580061184""]",-5.413124999904539,-7.151500001782551
31013,6,1,31013_6,ccbc0d7dbf896d53ae75d8288c1f371ca6542cd61228e52b3c9c191d92772302,fdd937a50ec8c4a28c62f2b1ec78ba15e46c7a39d0a01c699522bffc62cd1f36,39c75ee513e4a6561ba26d5df93519b85af6c42334b4156a9f8301ebc5e3b0b2,A_r1_s31013_t6_conic,True,True,False,False,16.95674999791663,51.47204199602129,10.82966700050747,"[""59944403095382505531056836973652879042131274593"",""3746525193353144687778000669804924733004709888""]",A_r1_s31013_t6_factor,True,True,False,False,11.716208995494526,44.321208995825145,5.384707998018712,"[""2374642455062148538959951840998482485272138357400841026812794184127894335429"",""148415153441384283684996990062405155329508647337551992482214920908580061184""]",-5.2405410024221055,-7.150833000196144
31013,7,0,31013_7,9d7e6fdafd242f9b56a971275347732c5baeea3245d2341d3a39f6ae0c4cdd3b,fdd937a50ec8c4a28c62f2b1ec78ba15e46c7a39d0a01c699522bffc62cd1f36,39c75ee513e4a6561ba26d5df93519b85af6c42334b4156a9f8301ebc5e3b0b2,A_r0_s31013_t7_conic,True,True,False,False,28.14924999984214,62.36154199723387,21.76754099491518,"[""1278813932674603037487780644408869783096785059419"",""79925870791533753339264014289171727637433810944""]",A_r0_s31013_t7_factor,True,True,False,False,12.294624997593928,45.62141699716449,5.724208000174258,"[""1766847064778384329583297500742918515827483897557011954405611124478964111"",""110427941548649020598956093796432407239217743554726184882600387580788736""]",-15.854625002248213,-16.740125000069384
31013,7,1,31013_7,9d7e6fdafd242f9b56a971275347732c5baeea3245d2341d3a39f6ae0c4cdd3b,fdd937a50ec8c4a28c62f2b1ec78ba15e46c7a39d0a01c699522bffc62cd1f36,39c75ee513e4a6561ba26d5df93519b85af6c42334b4156a9f8301ebc5e3b0b2,A_r1_s31013_t7_conic,True,True,False,False,38.59983300208114,73.60799999878509,22.51687500393018,"[""1278813932674603037487780644408869783096785059419"",""79925870791533753339264014289171727637433810944""]",A_r1_s31013_t7_factor,True,True,False,False,11.980790994130075,44.884374998218846,5.466000002343208,"[""1766847064778384329583297500742918515827483897557011954405611124478964111"",""110427941548649020598956093796432407239217743554726184882600387580788736""]",-26.619042007951066,-28.723625000566244
31014,0,0,31014_0,7947b7c9b9cd081acdac26d122a74db4dfe093b86ce2973f5b0beeb65e04cd66,fdd937a50ec8c4a28c62f2b1ec78ba15e46c7a39d0a01c699522bffc62cd1f36,39c75ee513e4a6561ba26d5df93519b85af6c42334b4156a9f8301ebc5e3b0b2,A_r0_s31014_t0_conic,True,True,True,False,143.03554200159851,177.75654200522695,52.82962499768473,"[""46490253272111086962464299126834196606668815492803"",""2807175094369186025623397683770374733122217443328""]",A_r0_s31014_t0_factor,True,True,True,True,145.74758300295798,180.19529199955286,55.14916600077413,"[""46490253272111086962464299126834196606668815492803"",""2807175094369186025623397683770374733122217443328""]",2.7120410013594665,2.438749994325917
31014,0,1,31014_0,7947b7c9b9cd081acdac26d122a74db4dfe093b86ce2973f5b0beeb65e04cd66,fdd937a50ec8c4a28c62f2b1ec78ba15e46c7a39d0a01c699522bffc62cd1f36,39c75ee513e4a6561ba26d5df93519b85af6c42334b4156a9f8301ebc5e3b0b2,A_r1_s31014_t0_conic,True,True,True,False,144.48224999796366,208.7812909958302,52.36495900317095,"[""46490253272111086962464299126834196606668815492803"",""2807175094369186025623397683770374733122217443328""]",A_r1_s31014_t0_factor,True,True,True,True,146.71016600186704,181.10275000071852,55.741458003467415,"[""46490253272111086962464299126834196606668815492803"",""2807175094369186025623397683770374733122217443328""]",2.227916003903374,-27.67854099511169
31014,1,0,31014_1,2acb18c74610072bc0b793d71580f3a3343b736b68f4856c55a2b92152583aa7,fdd937a50ec8c4a28c62f2b1ec78ba15e46c7a39d0a01c699522bffc62cd1f36,39c75ee513e4a6561ba26d5df93519b85af6c42334b4156a9f8301ebc5e3b0b2,A_r0_s31014_t1_conic,True,True,False,False,32.56800000235671,66.48987499647774,25.348499999381602,"[""21882321696303471977733502206803928808309"",""1361129467683753853853498429727072845824""]",A_r0_s31014_t1_factor,True,True,False,True,48.046749994682614,112.26937500032363,40.36404100043001,"[""21882321696303471977733502206803928808309"",""1361129467683753853853498429727072845824""]",15.478749992325902,45.7795000038459
31014,1,1,31014_1,2acb18c74610072bc0b793d71580f3a3343b736b68f4856c55a2b92152583aa7,fdd937a50ec8c4a28c62f2b1ec78ba15e46c7a39d0a01c699522bffc62cd1f36,39c75ee513e4a6561ba26d5df93519b85af6c42334b4156a9f8301ebc5e3b0b2,A_r1_s31014_t1_conic,True,True,False,False,32.40583300066646,66.94212499860441,25.094249998801388,"[""21882321696303471977733502206803928808309"",""1361129467683753853853498429727072845824""]",A_r1_s31014_t1_factor,True,True,False,True,41.606167003919836,76.26879199960968,33.83862500049872,"[""21882321696303471977733502206803928808309"",""1361129467683753853853498429727072845824""]",9.200334003253374,9.326667001005262
31014,2,0,31014_2,0a5a25ebc13d2e87f2cd8542aff71c5b5bffe9a56e2b976c3e58c6076621f780,fdd937a50ec8c4a28c62f2b1ec78ba15e46c7a39d0a01c699522bffc62cd1f36,39c75ee513e4a6561ba26d5df93519b85af6c42334b4156a9f8301ebc5e3b0b2,A_r0_s31014_t2_conic,True,True,False,False,32.829458999913186,66.91270899318624,25.339291998534463,"[""1221078166503136249243823989813613148179349"",""76223250190290215815795912064716079366144""]",A_r0_s31014_t2_factor,True,True,False,False,26.748916003271006,59.323540997866075,5.028542000218295,"[""7326468998424278159057144504487387916325309"",""457339501141741294894775472388296476196864""]",-6.08054299664218,-7.589167995320167
31014,2,1,31014_2,0a5a25ebc13d2e87f2cd8542aff71c5b5bffe9a56e2b976c3e58c6076621f780,fdd937a50ec8c4a28c62f2b1ec78ba15e46c7a39d0a01c699522bffc62cd1f36,39c75ee513e4a6561ba26d5df93519b85af6c42334b4156a9f8301ebc5e3b0b2,A_r1_s31014_t2_conic,True,True,False,False,32.96366699942155,66.98437500017462,25.626417002058588,"[""1221078166503136249243823989813613148179349"",""76223250190290215815795912064716079366144""]",A_r1_s31014_t2_factor,True,True,False,False,22.74204200512031,55.357750003167894,5.087458004709333,"[""7326468998424278159057144504487387916325309"",""457339501141741294894775472388296476196864""]",-10.221624994301237,-11.62662499700673
31014,3,0,31014_3,f9253c363afc58e48ddd1c27b233a46eae3fec72ceb9f3ce367f305ca934f255,fdd937a50ec8c4a28c62f2b1ec78ba15e46c7a39d0a01c699522bffc62cd1f36,39c75ee513e4a6561ba26d5df93519b85af6c42334b4156a9f8301ebc5e3b0b2,A_r0_s31014_t3_conic,True,True,False,False,35.72520799934864,70.31854100205237,29.265875004057307,"[""7672883596177928116218664155099400639523585412989"",""479555224749202520035584085735030365824602865664""]",A_r0_s31014_t3_factor,True,True,False,True,44.39791700133355,78.87599999958184,37.44754099898273,"[""7672883596177928116218664155099400639523585412989"",""479555224749202520035584085735030365824602865664""]",8.672709001984913,8.557458997529466
31014,3,1,31014_3,f9253c363afc58e48ddd1c27b233a46eae3fec72ceb9f3ce367f305ca934f255,fdd937a50ec8c4a28c62f2b1ec78ba15e46c7a39d0a01c699522bffc62cd1f36,39c75ee513e4a6561ba26d5df93519b85af6c42334b4156a9f8301ebc5e3b0b2,A_r1_s31014_t3_conic,True,True,False,False,35.94625000550877,70.27162500162376,29.1663329990115,"[""7672883596177928116218664155099400639523585412989"",""479555224749202520035584085735030365824602865664""]",A_r1_s31014_t3_factor,True,True,False,True,43.6222079952131,78.36579199647531,36.79087499767775,"[""7672883596177928116218664155099400639523585412989"",""479555224749202520035584085735030365824602865664""]",7.6759579897043295,8.094166994851548
31014,4,0,31014_4,5400fba8813dc03b5c617347bc30ec904da00ec445cfe3951c0d1423eb8108fb,fdd937a50ec8c4a28c62f2b1ec78ba15e46c7a39d0a01c699522bffc62cd1f36,39c75ee513e4a6561ba26d5df93519b85af6c42334b4156a9f8301ebc5e3b0b2,A_r0_s31014_t4_conic,True,True,False,False,29.26929199747974,64.30520799767692,23.023417001240887,"[""5115255730661157105050208064318582448070117524811"",""319703483166135013357056057156686910549735243776""]",A_r0_s31014_t4_factor,True,True,False,False,12.931249999382999,45.070416999806184,6.3728329987498,"[""2109106183089924736648825246197775916310558689242048344948721"",""131819136443120296040551577887360994738149464333744724770816""]",-16.33804199809674,-19.234790997870732
31014,4,1,31014_4,5400fba8813dc03b5c617347bc30ec904da00ec445cfe3951c0d1423eb8108fb,fdd937a50ec8c4a28c62f2b1ec78ba15e46c7a39d0a01c699522bffc62cd1f36,39c75ee513e4a6561ba26d5df93519b85af6c42334b4156a9f8301ebc5e3b0b2,A_r1_s31014_t4_conic,True,True,False,False,29.554667002230417,64.03825000597863,23.213583997858223,"[""5115255730661157105050208064318582448070117524811"",""319703483166135013357056057156686910549735243776""]",A_r1_s31014_t4_factor,True,True,False,False,12.901083995529916,46.10154199326644,6.372834002831951,"[""2109106183089924736648825246197775916310558689242048344948721"",""131819136443120296040551577887360994738149464333744724770816""]",-16.6535830067005,-17.936708012712188
31014,5,0,31014_5,bdfaef7a440f1ca1991ea599b084d3f77af349a7e8fa23d354b13b3f7dc3ef6c,fdd937a50ec8c4a28c62f2b1ec78ba15e46c7a39d0a01c699522bffc62cd1f36,39c75ee513e4a6561ba26d5df93519b85af6c42334b4156a9f8301ebc5e3b0b2,A_r0_s31014_t5_conic,True,True,False,False,18.010708001384046,52.005040997755714,11.853000003611669,"[""959110449525031740924431806261227663706557687023"",""59944403093650315004448010716878795728075358208""]",A_r0_s31014_t5_factor,True,True,False,False,11.87512500473531,45.00070799986133,5.137874999491032,"[""1294077440023230710144016724176942272335285982197629904685272918862933"",""80879840001451919384001045261058892020911433267621717443310830747648""]",-6.135582996648736,-7.00433299789438
31014,5,1,31014_5,bdfaef7a440f1ca1991ea599b084d3f77af349a7e8fa23d354b13b3f7dc3ef6c,fdd937a50ec8c4a28c62f2b1ec78ba15e46c7a39d0a01c699522bffc62cd1f36,39c75ee513e4a6561ba26d5df93519b85af6c42334b4156a9f8301ebc5e3b0b2,A_r1_s31014_t5_conic,True,True,False,False,17.783292001695372,55.26333399757277,11.583042003621813,"[""959110449525031740924431806261227663706557687023"",""59944403093650315004448010716878795728075358208""]",A_r1_s31014_t5_factor,True,True,False,False,11.983249998593237,45.61575000116136,5.185000001802109,"[""1294077440023230710144016724176942272335285982197629904685272918862933"",""80879840001451919384001045261058892020911433267621717443310830747648""]",-5.800042003102135,-9.647583996411413
31014,6,0,31014_6,dd2031d4b8c1b284da1d7314689588dcd17bee8f631daa4ab4736590bd297ecc,fdd937a50ec8c4a28c62f2b1ec78ba15e46c7a39d0a01c699522bffc62cd1f36,39c75ee513e4a6561ba26d5df93519b85af6c42334b4156a9f8301ebc5e3b0b2,A_r0_s31014_t6_conic,True,True,False,False,28.378832997987047,62.36608299514046,22.08424999844283,"[""479555224753150460366598249005980746069047507489"",""29972201546825157502224005358439397864037679104""]",A_r0_s31014_t6_factor,True,True,False,False,11.809167001047172,44.79333299968857,5.245957996521611,"[""36234168320650459884032468276954383625368338322905007224282236507338409"",""2264635520040653742752029267309648976585520131493408088412703260934144""]",-16.569665996939875,-17.572749995451886
31014,6,1,31014_6,dd2031d4b8c1b284da1d7314689588dcd17bee8f631daa4ab4736590bd297ecc,fdd937a50ec8c4a28c62f2b1ec78ba15e46c7a39d0a01c699522bffc62cd1f36,39c75ee513e4a6561ba26d5df93519b85af6c42334b4156a9f8301ebc5e3b0b2,A_r1_s31014_t6_conic,True,True,False,False,28.52020799764432,63.010749996465165,22.264250001171604,"[""479555224753150460366598249005980746069047507489"",""29972201546825157502224005358439397864037679104""]",A_r1_s31014_t6_factor,True,True,False,False,12.20816600107355,45.64129099890124,5.736250001064036,"[""36234168320650459884032468276954383625368338322905007224282236507338409"",""2264635520040653742752029267309648976585520131493408088412703260934144""]",-16.31204199657077,-17.369458997563925
31014,7,0,31014_7,bc6c27d462360cc15c734fc287a4de9ec1f9e6390b6222934e9f87e481375330,fdd937a50ec8c4a28c62f2b1ec78ba15e46c7a39d0a01c699522bffc62cd1f36,39c75ee513e4a6561ba26d5df93519b85af6c42334b4156a9f8301ebc5e3b0b2,A_r0_s31014_t7_conic,True,True,False,False,28.06599999894388,62.27408399718115,21.995167000568472,"[""61383068768000811340629597266281094380977814606847"",""3836441797993620160284672685880242926596822925312""]",A_r0_s31014_t7_factor,True,True,False,False,11.798832994827535,46.078457999101374,5.474290999700315,"[""9275947090086517730312311878900322208094290474255177325084681773423482169"",""579746693130407358144519492431270138005893153662312470633652034799140864""]",-16.267167004116345,-16.195625998079777
31014,7,1,31014_7,bc6c27d462360cc15c734fc287a4de9ec1f9e6390b6222934e9f87e481375330,fdd937a50ec8c4a28c62f2b1ec78ba15e46c7a39d0a01c699522bffc62cd1f36,39c75ee513e4a6561ba26d5df93519b85af6c42334b4156a9f8301ebc5e3b0b2,A_r1_s31014_t7_conic,True,True,False,False,28.11670899973251,62.62316700303927,21.884084002522286,"[""61383068768000811340629597266281094380977814606847"",""3836441797993620160284672685880242926596822925312""]",A_r1_s31014_t7_factor,True,True,False,False,12.209541004267521,46.40541600383585,5.525000000488944,"[""9275947090086517730312311878900322208094290474255177325084681773423482169"",""579746693130407358144519492431270138005893153662312470633652034799140864""]",-15.907167995464988,-16.217750999203417
31015,0,0,31015_0,5a83c983ca49e189f78997fb616aef419d541555f97045703ec014729ae92a11,fdd937a50ec8c4a28c62f2b1ec78ba15e46c7a39d0a01c699522bffc62cd1f36,39c75ee513e4a6561ba26d5df93519b85af6c42334b4156a9f8301ebc5e3b0b2,A_r0_s31015_t0_conic,True,True,True,False,159.68812500068452,193.99912499648053,58.90862499654759,"[""1384438024326905302253218718457961171922463549732098666239"",""79135104440103867600130356085508838961774764582254936064""]",A_r0_s31015_t0_factor,True,True,True,True,152.74150000186637,186.90862500079675,50.98600000201259,"[""1384438024326905302253218718457961171922463549732098666239"",""79135104440103867600130356085508838961774764582254936064""]",-6.946624998818152,-7.0904999956837855
31015,0,1,31015_0,5a83c983ca49e189f78997fb616aef419d541555f97045703ec014729ae92a11,fdd937a50ec8c4a28c62f2b1ec78ba15e46c7a39d0a01c699522bffc62cd1f36,39c75ee513e4a6561ba26d5df93519b85af6c42334b4156a9f8301ebc5e3b0b2,A_r1_s31015_t0_conic,True,True,True,False,150.53516600164585,184.83125000057044,49.25316700246185,"[""1384438024326905302253218718457961171922463549732098666239"",""79135104440103867600130356085508838961774764582254936064""]",A_r1_s31015_t0_factor,True,True,True,True,153.21033299551345,188.02854199748253,52.056165994144976,"[""1384438024326905302253218718457961171922463549732098666239"",""79135104440103867600130356085508838961774764582254936064""]",2.675166993867606,3.1972919969120994
31015,1,0,31015_1,7eb83993efcd5fee46f538c0c6413950e4733fa2f1a112ea08a153e6e9b3e866,fdd937a50ec8c4a28c62f2b1ec78ba15e46c7a39d0a01c699522bffc62cd1f36,39c75ee513e4a6561ba26d5df93519b85af6c42334b4156a9f8301ebc5e3b0b2,A_r0_s31015_t1_conic,True,True,True,False,82.78666700061876,116.98387499927776,11.665250000078231,"[""339207782857773812451913716119004277142691577588012199"",""19320093857447233300813075216188681387152042134339584""]",A_r0_s31015_t1_factor,True,True,True,True,89.67083300376544,124.19287500233622,19.401957993977703,"[""339207782857773812451913716119004277142691577588012199"",""19320093857447233300813075216188681387152042134339584""]",6.8841660031466745,7.209000003058463
31015,1,1,31015_1,7eb83993efcd5fee46f538c0c6413950e4733fa2f1a112ea08a153e6e9b3e866,fdd937a50ec8c4a28c62f2b1ec78ba15e46c7a39d0a01c699522bffc62cd1f36,39c75ee513e4a6561ba26d5df93519b85af6c42334b4156a9f8301ebc5e3b0b2,A_r1_s31015_t1_conic,True,True,True,False,82.62166699569207,117.32895900058793,11.74366600025678,"[""339207782857773812451913716119004277142691577588012199"",""19320093857447233300813075216188681387152042134339584""]",A_r1_s31015_t1_factor,True,True,True,True,89.71054200083017,124.84104200120782,19.160582996846642,"[""339207782857773812451913716119004277142691577588012199"",""19320093857447233300813075216188681387152042134339584""]",7.088875005138107,7.512083000619896
31015,2,0,31015_2,6fda4fd960c25cb6dc934e00a0f383424813c1f50676ebfd70e7f37e8deccade,fdd937a50ec8c4a28c62f2b1ec78ba15e46c7a39d0a01c699522bffc62cd1f36,39c75ee513e4a6561ba26d5df93519b85af6c42334b4156a9f8301ebc5e3b0b2,A_r0_s31015_t2_conic,True,True,True,False,83.19083300011698,117.65695799840614,28.996959001233336,"[""87124389553296179872337628366488547253819984110934761799"",""4945944027506491725008147255344302435110922786390933504""]",A_r0_s31015_t2_factor,True,True,True,False,59.08054200699553,90.75400000438094,4.866957999183796,"[""21781097176053644275997618489988815292222255002428655951"",""1236486006876622931252036813836075608777730696597733376""]",-24.110290993121453,-26.9029579940252
31015,2,1,31015_2,6fda4fd960c25cb6dc934e00a0f383424813c1f50676ebfd70e7f37e8deccade,fdd937a50ec8c4a28c62f2b1ec78ba15e46c7a39d0a01c699522bffc62cd1f36,39c75ee513e4a6561ba26d5df93519b85af6c42334b4156a9f8301ebc5e3b0b2,A_r1_s31015_t2_conic,True,True,True,False,83.46983299998101,117.86770800244994,29.132415998901706,"[""87124389553296179872337628366488547253819984110934761799"",""4945944027506491725008147255344302435110922786390933504""]",A_r1_s31015_t2_factor,True,True,True,False,65.24483399698511,97.32179199636448,8.417500001087319,"[""21781097176053644275997618489988815292222255002428655951"",""1236486006876622931252036813836075608777730696597733376""]",-18.2249990029959,-20.545916006085463
31015,3,0,31015_3,8b116b2554465bf7ac349d6324db81010a03636b280adf3af2cbf4fbf082301f,fdd937a50ec8c4a28c62f2b1ec78ba15e46c7a39d0a01c699522bffc62cd1f36,39c75ee513e4a6561ba26d5df93519b85af6c42334b4156a9f8301ebc5e3b0b2,A_r0_s31015_t3_conic,True,True,True,False,79.0056249970803,113.15108300186694,23.89729200513102,"[""28984489558571188667780222401280830683616390764758349024117"",""1688215561388882508802780929824188564517861644421438636032""]",A_r0_s31015_t3_factor,True,True,True,False,60.39454200072214,91.92837499722373,5.2061249953112565,"[""86953480627269981906033829183065138696322747882866496320871"",""5064646684166647526408342789472565693553584933264315908096""]",-18.611082996358164,-21.22270800464321
31015,3,1,31015_3,8b116b2554465bf7ac349d6324db81010a03636b280adf3af2cbf4fbf082301f,fdd937a50ec8c4a28c62f2b1ec78ba15e46c7a39d0a01c699522bffc62cd1f36,39c75ee513e4a6561ba26d5df93519b85af6c42334b4156a9f8301ebc5e3b0b2,A_r1_s31015_t3_conic,True,True,True,False,79.35491700482089,113.69466700125486,24.13279200118268,"[""28984489558571188667780222401280830683616390764758349024117"",""1688215561388882508802780929824188564517861644421438636032""]",A_r1_s31015_t3_factor,True,True,True,False,59.68025000038324,92.0040830023936,4.810541999177076,"[""86953480627269981906033829183065138696322747882866496320871"",""5064646684166647526408342789472565693553584933264315908096""]",-19.67466700443765,-21.690583998861257
31015,4,0,31015_4,76964b8b2293218cba82dc543c28822e33107f7caa4984d4ff3b9faafb948ee1,fdd937a50ec8c4a28c62f2b1ec78ba15e46c7a39d0a01c699522bffc62cd1f36,39c75ee513e4a6561ba26d5df93519b85af6c42334b4156a9f8301ebc5e3b0b2,A_r0_s31015_t4_conic,True,True,True,False,81.02258400322171,115.75812500086613,22.488250004244037,"[""1298485069278702064647459298650170830045725376381202351"",""77280375429788933203252300864754725548608168537358336""]",A_r0_s31015_t4_factor,True,True,True,False,63.05445799807785,94.81404099642532,4.930791998049244,"[""185497878148745645201916503169259851171401570391644513"",""11040053632826990457607471552107817935515452648194048""]",-17.96812600514386,-20.94408400444081
31015,4,1,31015_4,76964b8b2293218cba82dc543c28822e33107f7caa4984d4ff3b9faafb948ee1,fdd937a50ec8c4a28c62f2b1ec78ba15e46c7a39d0a01c699522bffc62cd1f36,39c75ee513e4a6561ba26d5df93519b85af6c42334b4156a9f8301ebc5e3b0b2,A_r1_s31015_t4_conic,True,True,True,False,82.01412500056904,116.82320899853949,23.14558299985947,"[""1298485069278702064647459298650170830045725376381202351"",""77280375429788933203252300864754725548608168537358336""]",A_r1_s31015_t4_factor,True,True,True,False,63.327083000331186,95.17399999458576,5.017458002839703,"[""185497878148745645201916503169259851171401570391644513"",""11040053632826990457607471552107817935515452648194048""]",-18.687042000237852,-21.64920900395373
31015,5,0,31015_5,b7825f58f5bfa9e0bb59f81b2adb306e40c94e823be0fe679c3f4581cacce834,fdd937a50ec8c4a28c62f2b1ec78ba15e46c7a39d0a01c699522bffc62cd1f36,39c75ee513e4a6561ba26d5df93519b85af6c42334b4156a9f8301ebc5e3b0b2,A_r0_s31015_t5_conic,True,True,True,False,72.21029199718032,107.19979200075613,12.992875002964865,"[""1278702917783821071000240902789929733544950331747995831"",""77280375429788933203252300864754725548608168537358336""]",A_r0_s31015_t5_factor,True,True,True,False,65.09212499804562,100.19270799966762,5.20591699751094,"[""1278702898210641726096609514014850935144670608477923311"",""77280375429788933203252300864754725548608168537358336""]",-7.118166999134701,-7.007084001088515
31015,5,1,31015_5,b7825f58f5bfa9e0bb59f81b2adb306e40c94e823be0fe679c3f4581cacce834,fdd937a50ec8c4a28c62f2b1ec78ba15e46c7a39d0a01c699522bffc62cd1f36,39c75ee513e4a6561ba26d5df93519b85af6c42334b4156a9f8301ebc5e3b0b2,A_r1_s31015_t5_conic,True,True,True,False,72.0414579991484,106.47141599474708,12.931584002217278,"[""1278702917783821071000240902789929733544950331747995831"",""77280375429788933203252300864754725548608168537358336""]",A_r1_s31015_t5_factor,True,True,True,False,64.55191699933494,99.74558300018543,5.414541003119666,"[""1278702898210641726096609514014850935144670608477923311"",""77280375429788933203252300864754725548608168537358336""]",-7.489540999813471,-6.725832994561642
31015,6,0,31015_6,131d0c64c77b38aed96c6d2ea4ef43503779a3e3042b52f45d8e2dda0deeb9c1,fdd937a50ec8c4a28c62f2b1ec78ba15e46c7a39d0a01c699522bffc62cd1f36,39c75ee513e4a6561ba26d5df93519b85af6c42334b4156a9f8301ebc5e3b0b2,A_r0_s31015_t6_conic,True,True,True,False,93.3969999969122,127.54816700180527,23.787792000803165,"[""183561337874540848154141593666823647510498211064244914577"",""11305014920014838228590050869358405565967823511750705152""]",A_r0_s31015_t6_factor,True,True,True,True,101.71574999549193,136.1571669986006,31.72574999916833,"[""183561337874540848154141593666823647510498211064244914577"",""11305014920014838228590050869358405565967823511750705152""]",8.318749998579733,8.608999996795319
31015,6,1,31015_6,131d0c64c77b38aed96c6d2ea4ef43503779a3e3042b52f45d8e2dda0deeb9c1,fdd937a50ec8c4a28c62f2b1ec78ba15e46c7a39d0a01c699522bffc62cd1f36,39c75ee513e4a6561ba26d5df93519b85af6c42334b4156a9f8301ebc5e3b0b2,A_r1_s31015_t6_conic,True,True,True,False,94.36562500195578,129.16654199943878,24.187375005567446,"[""183561337874540848154141593666823647510498211064244914577"",""11305014920014838228590050869358405565967823511750705152""]",A_r1_s31015_t6_factor,True,True,True,True,102.44458300439874,137.42541600367986,31.887374992948025,"[""183561337874540848154141593666823647510498211064244914577"",""11305014920014838228590050869358405565967823511750705152""]",8.07895800244296,8.258874004241079
31015,7,0,31015_7,3f112c66341b5046077ad69095840aa9440489a73366c1b54766c07a4ddc568a,fdd937a50ec8c4a28c62f2b1ec78ba15e46c7a39d0a01c699522bffc62cd1f36,39c75ee513e4a6561ba26d5df93519b85af6c42334b4156a9f8301ebc5e3b0b2,A_r0_s31015_t7_conic,True,True,True,False,92.91954099899158,127.21645800047554,25.039874999492895,"[""81362481706590014440536992752685644554822937597218551"",""5030457769109581357917128649316511521755013658443776""]",A_r0_s31015_t7_factor,True,True,False,False,11.478625005111098,43.4171660017455,4.297958003007807,"[""4815558595098122840572266573386728587899"",""297747071055821155530452781502797185024""]",-81.44091599388048,-83.79929199873004
31015,7,1,31015_7,3f112c66341b5046077ad69095840aa9440489a73366c1b54766c07a4ddc568a,fdd937a50ec8c4a28c62f2b1ec78ba15e46c7a39d0a01c699522bffc62cd1f36,39c75ee513e4a6561ba26d5df93519b85af6c42334b4156a9f8301ebc5e3b0b2,A_r1_s31015_t7_conic,True,True,True,False,95.3617920022225,129.5695419976255,25.326333001430612,"[""81362481706590014440536992752685644554822937597218551"",""5030457769109581357917128649316511521755013658443776""]",A_r1_s31015_t7_factor,True,True,False,False,11.189541997737251,49.195416999282315,3.897915994457435,"[""4815558595098122840572266573386728587899"",""297747071055821155530452781502797185024""]",-84.17225000448525,-80.37412499834318
31016,0,0,31016_0,7530930c7f221ff33b3a6f6214408250789e7b290dac8893d459f48e3a2c46d6,fdd937a50ec8c4a28c62f2b1ec78ba15e46c7a39d0a01c699522bffc62cd1f36,39c75ee513e4a6561ba26d5df93519b85af6c42334b4156a9f8301ebc5e3b0b2,A_r0_s31016_t0_conic,True,True,False,False,93.29195799364243,127.09791599627351,52.35808300494682,"[""29283370129336353001523439663437346530544241"",""1829358004566965179579101889553185904787456""]",A_r0_s31016_t0_factor,True,True,False,True,123.80754100013291,158.08695799933048,83.04849999694852,"[""29283370129336353001523439663437346530544241"",""1829358004566965179579101889553185904787456""]",30.515583006490488,30.989042003056966
31016,0,1,31016_0,7530930c7f221ff33b3a6f6214408250789e7b290dac8893d459f48e3a2c46d6,fdd937a50ec8c4a28c62f2b1ec78ba15e46c7a39d0a01c699522bffc62cd1f36,39c75ee513e4a6561ba26d5df93519b85af6c42334b4156a9f8301ebc5e3b0b2,A_r1_s31016_t0_conic,True,True,False,False,121.3296670030104,155.14291699946625,52.30199999641627,"[""29283370129336353001523439663437346530544241"",""1829358004566965179579101889553185904787456""]",A_r1_s31016_t0_factor,True,True,False,True,96.9109580037184,131.31220800278243,55.81125000026077,"[""29283370129336353001523439663437346530544241"",""1829358004566965179579101889553185904787456""]",-24.418708999291994,-23.830708996683825
31016,1,0,31016_1,3b087b58865465c98190fd92a8a1d28e7ee85e49f0cbb2fb5d50fa0d9cdd08b0,fdd937a50ec8c4a28c62f2b1ec78ba15e46c7a39d0a01c699522bffc62cd1f36,39c75ee513e4a6561ba26d5df93519b85af6c42334b4156a9f8301ebc5e3b0b2,A_r0_s31016_t1_conic,True,True,False,False,33.18441600276856,67.68337499670452,25.781083000765648,"[""1873384228478723850237389888869402323513937769"",""117078912292285771493062520931403897906397184""]",A_r0_s31016_t1_factor,True,True,False,True,40.79837500466965,75.63979200494941,33.049041994672734,"[""1873384228478723850237389888869402323513937769"",""117078912292285771493062520931403897906397184""]",7.613959001901094,7.956417008244898
31016,1,1,31016_1,3b087b58865465c98190fd92a8a1d28e7ee85e49f0cbb2fb5d50fa0d9cdd08b0,fdd937a50ec8c4a28c62f2b1ec78ba15e46c7a39d0a01c699522bffc62cd1f36,39c75ee513e4a6561ba26d5df93519b85af6c42334b4156a9f8301ebc5e3b0b2,A_r1_s31016_t1_conic,True,True,False,False,32.710957995732315,67.11845799873117,25.273291998018976,"[""1873384228478723850237389888869402323513937769"",""117078912292285771493062520931403897906397184""]",A_r1_s31016_t1_factor,True,True,False,True,40.816291999362875,75.4470419997233,33.18874999968102,"[""1873384228478723850237389888869402323513937769"",""117078912292285771493062520931403897906397184""]",8.10533400363056,8.328584000992123
31016,2,0,31016_2,74c79d7c178c5a10affd61821a2d5d565a7763ac328c6e6c0f809ef912a1fe1b,fdd937a50ec8c4a28c62f2b1ec78ba15e46c7a39d0a01c699522bffc62cd1f36,39c75ee513e4a6561ba26d5df93519b85af6c42334b4156a9f8301ebc5e3b0b2,A_r0_s31016_t2_conic,True,True,False,False,32.54929200193146,67.58095800614683,25.676833000034094,"[""9760943103229702995173513806609716852364607"",""609786001522321726526367296517728634929152""]",A_r0_s31016_t2_factor,True,True,True,False,83.41725000354927,125.95333399804076,14.862792006169911,"[""12258269017040347467687698783845715025355005628037383"",""718636824158511622559589807045215931679287665491968""]",50.86795800161781,58.37237599189393
31016,2,1,31016_2,74c79d7c178c5a10affd61821a2d5d565a7763ac328c6e6c0f809ef912a1fe1b,fdd937a50ec8c4a28c62f2b1ec78ba15e46c7a39d0a01c699522bffc62cd1f36,39c75ee513e4a6561ba26d5df93519b85af6c42334b4156a9f8301ebc5e3b0b2,A_r1_s31016_t2_conic,True,True,False,False,32.92887499992503,67.43024999741465,25.87337500153808,"[""9760943103229702995173513806609716852364607"",""609786001522321726526367296517728634929152""]",A_r1_s31016_t2_factor,True,True,True,False,73.50712500192458,116.14962499879766,5.762500004493631,"[""12258269017040347467687698783845715025355005628037383"",""718636824158511622559589807045215931679287665491968""]",40.57825000199955,48.719375001383014
31016,3,0,31016_3,f8d392d657de6f4a64001df2f11d511ccfc21f05e5ee34a8f1dd92bca4aa41ad,fdd937a50ec8c4a28c62f2b1ec78ba15e46c7a39d0a01c699522bffc62cd1f36,39c75ee513e4a6561ba26d5df93519b85af6c42334b4156a9f8301ebc5e3b0b2,A_r0_s31016_t3_conic,True,True,False,False,32.67125000274973,66.36687500576954,25.51050000329269,"[""3661928170724009861615434903314508168305797"",""228669750570870647447387736194148238098432""]",A_r0_s31016_t3_factor,True,True,True,False,75.29012499435339,126.73458399513038,4.963416999089532,"[""21389431222625591295986576122375326292596869111783069"",""1257614442277395339479282162329127880438753414610944""]",42.61887499160366,60.367708989360835
31016,3,1,31016_3,f8d392d657de6f4a64001df2f11d511ccfc21f05e5ee34a8f1dd92bca4aa41ad,fdd937a50ec8c4a28c62f2b1ec78ba15e46c7a39d0a01c699522bffc62cd1f36,39c75ee513e4a6561ba26d5df93519b85af6c42334b4156a9f8301ebc5e3b0b2,A_r1_s31016_t3_conic,True,True,False,False,32.226000002992805,66.6966249991674,25.27158300654264,"[""3661928170724009861615434903314508168305797"",""228669750570870647447387736194148238098432""]",A_r1_s31016_t3_factor,True,True,True,False,75.71379200089723,127.29208399832714,5.179625004529953,"[""21389431222625591295986576122375326292596869111783069"",""1257614442277395339479282162329127880438753414610944""]",43.487791997904424,60.595458999159746
31016,4,0,31016_4,8eebf95eed3d3c294d8bd5de3e9d2fb3929a4ee1033f70c45af9c8880aa21c74,fdd937a50ec8c4a28c62f2b1ec78ba15e46c7a39d0a01c699522bffc62cd1f36,39c75ee513e4a6561ba26d5df93519b85af6c42334b4156a9f8301ebc5e3b0b2,A_r0_s31016_t4_conic,True,True,False,False,33.69337500043912,68.0947919972823,26.86837499641115,"[""1831362056096550959154477974873495618030471"",""114334875285435323723693868097074119049216""]",A_r0_s31016_t4_factor,True,True,True,False,69.45916599943303,132.77970800118055,4.922749998513609,"[""10683747621000879717941468383761219268701447025478677"",""628807221138697669739641081164563940219376707305472""]",35.76579099899391,64.68491600389825
31016,4,1,31016_4,8eebf95eed3d3c294d8bd5de3e9d2fb3929a4ee1033f70c45af9c8880aa21c74,fdd937a50ec8c4a28c62f2b1ec78ba15e46c7a39d0a01c699522bffc62cd1f36,39c75ee513e4a6561ba26d5df93519b85af6c42334b4156a9f8301ebc5e3b0b2,A_r1_s31016_t4_conic,True,True,False,False,38.30245800054399,73.16749999881722,30.762874994252343,"[""1831362056096550959154477974873495618030471"",""114334875285435323723693868097074119049216""]",A_r1_s31016_t4_factor,True,True,True,False,71.2744999982533,134.74412499635946,5.307125000399537,"[""10683747621000879717941468383761219268701447025478677"",""628807221138697669739641081164563940219376707305472""]",32.97204199770931,61.57662499754224
31016,5,0,31016_5,3c654c87a853968af50350066d4f015efe9513f424886d227d7ba648ef8f84b7,fdd937a50ec8c4a28c62f2b1ec78ba15e46c7a39d0a01c699522bffc62cd1f36,39c75ee513e4a6561ba26d5df93519b85af6c42334b4156a9f8301ebc5e3b0b2,A_r0_s31016_t5_conic,True,True,False,False,33.63024999998743,68.25758299964946,26.456041996425483,"[""1831162145893425241512194141319469216321381"",""114334875285435323723693868097074119049216""]",A_r0_s31016_t5_factor,True,True,False,False,28.66037499916274,109.50970799603965,4.904458997771144,"[""457790536453762460383059243535487975566889"",""28583718821358830930923467024268529762304""]",-4.969875000824686,41.252124996390194
31016,5,1,31016_5,3c654c87a853968af50350066d4f015efe9513f424886d227d7ba648ef8f84b7,fdd937a50ec8c4a28c62f2b1ec78ba15e46c7a39d0a01c699522bffc62cd1f36,39c75ee513e4a6561ba26d5df93519b85af6c42334b4156a9f8301ebc5e3b0b2,A_r1_s31016_t5_conic,True,True,False,False,33.72504199796822,67.69591700140154,26.579041994409636,"[""1831162145893425241512194141319469216321381"",""114334875285435323723693868097074119049216""]",A_r1_s31016_t5_factor,True,True,False,False,26.019916003861,107.65275000449037,5.404250005085487,"[""457790536453762460383059243535487975566889"",""28583718821358830930923467024268529762304""]",-7.70512599410722,39.95683300308883
31016,6,0,31016_6,9839509b5e43133ccc393ac28e841c0eb0117cd6bd8caed6caae2cb4f1b82cee,fdd937a50ec8c4a28c62f2b1ec78ba15e46c7a39d0a01c699522bffc62cd1f36,39c75ee513e4a6561ba26d5df93519b85af6c42334b4156a9f8301ebc5e3b0b2,A_r0_s31016_t6_conic,True,True,False,False,31.95308399881469,65.9625420012162,24.82837499701418,"[""7321867897430086721110198922621473561286399"",""457339501141741294894775472388296476196864""]",A_r0_s31016_t6_factor,True,True,False,False,25.39983400492929,58.424834001925774,3.9222499981406145,"[""29287471588891201578109790008327671823102571"",""1829358004566965179579101889553185904787456""]",-6.553249993885402,-7.537707999290433
31016,6,1,31016_6,9839509b5e43133ccc393ac28e841c0eb0117cd6bd8caed6caae2cb4f1b82cee,fdd937a50ec8c4a28c62f2b1ec78ba15e46c7a39d0a01c699522bffc62cd1f36,39c75ee513e4a6561ba26d5df93519b85af6c42334b4156a9f8301ebc5e3b0b2,A_r1_s31016_t6_conic,True,True,False,False,32.68154099350795,66.86845799413277,25.36425000289455,"[""7321867897430086721110198922621473561286399"",""457339501141741294894775472388296476196864""]",A_r1_s31016_t6_factor,True,True,False,False,21.95929099980276,55.13483300455846,4.157499999564607,"[""29287471588891201578109790008327671823102571"",""1829358004566965179579101889553185904787456""]",-10.72224999370519,-11.73362498957431
31016,7,0,31016_7,fa927ce0f40bbe47fa32faeaac5a33e0606dcd701a25bda6291b83a4989cf191,fdd937a50ec8c4a28c62f2b1ec78ba15e46c7a39d0a01c699522bffc62cd1f36,39c75ee513e4a6561ba26d5df93519b85af6c42334b4156a9f8301ebc5e3b0b2,A_r0_s31016_t7_conic,True,True,False,False,32.72845900210086,66.92691700300202,25.347709000925533,"[""234197706905820562604940993921226912968333433"",""14634864036535721436632815116425487238299648""]",A_r0_s31016_t7_factor,True,True,False,False,11.530916999618057,44.35670899692923,4.105083004105836,"[""234197706896751505618490781575539501700124083"",""14634864036535721436632815116425487238299648""]",-21.197542002482805,-22.57020800607279
31016,7,1,31016_7,fa927ce0f40bbe47fa32faeaac5a33e0606dcd701a25bda6291b83a4989cf191,fdd937a50ec8c4a28c62f2b1ec78ba15e46c7a39d0a01c699522bffc62cd1f36,39c75ee513e4a6561ba26d5df93519b85af6c42334b4156a9f8301ebc5e3b0b2,A_r1_s31016_t7_conic,True,True,False,False,31.99045800283784,66.03420800092863,24.755083002673928,"[""234197706905820562604940993921226912968333433"",""14634864036535721436632815116425487238299648""]",A_r1_s31016_t7_factor,True,True,False,False,11.928542000532616,45.127499994123355,4.593541998474393,"[""234197706896751505618490781575539501700124083"",""14634864036535721436632815116425487238299648""]",-20.061916002305225,-20.906708006805275
31017,0,0,31017_0,faea6bb4c3243361fcd2f1dbd515166497f416d8e815b41c62dffd47f1561f94,fdd937a50ec8c4a28c62f2b1ec78ba15e46c7a39d0a01c699522bffc62cd1f36,39c75ee513e4a6561ba26d5df93519b85af6c42334b4156a9f8301ebc5e3b0b2,A_r0_s31017_t0_conic,True,True,True,False,133.84175000101095,168.1402089961921,38.10554200026672,"[""373122447671132387220227280383669772782033520122643839"",""19320093857447233300813075216188681387152042134339584""]",A_r0_s31017_t0_factor,True,True,True,True,139.17262500035577,174.24583299725782,40.71370800375007,"[""373122447671132387220227280383669772782033520122643839"",""19320093857447233300813075216188681387152042134339584""]",5.330874999344815,6.105624001065735
31017,0,1,31017_0,faea6bb4c3243361fcd2f1dbd515166497f416d8e815b41c62dffd47f1561f94,fdd937a50ec8c4a28c62f2b1ec78ba15e46c7a39d0a01c699522bffc62cd1f36,39c75ee513e4a6561ba26d5df93519b85af6c42334b4156a9f8301ebc5e3b0b2,A_r1_s31017_t0_conic,True,True,True,False,133.5696669993922,168.1191250027041,37.863666999328416,"[""373122447671132387220227280383669772782033520122643839"",""19320093857447233300813075216188681387152042134339584""]",A_r1_s31017_t0_factor,True,True,True,True,136.3656249959604,170.5905420021736,40.64862499944866,"[""373122447671132387220227280383669772782033520122643839"",""19320093857447233300813075216188681387152042134339584""]",2.795957996568177,2.471416999469511
31017,1,0,31017_1,2a13a52d46f46933bf7d932ced50d3f1d4ce8b0f14ff0b67ec4916e3c07949bb,fdd937a50ec8c4a28c62f2b1ec78ba15e46c7a39d0a01c699522bffc62cd1f36,39c75ee513e4a6561ba26d5df93519b85af6c42334b4156a9f8301ebc5e3b0b2,A_r0_s31017_t1_conic,True,True,True,False,91.35591700032819,126.12712499685585,24.012916001083795,"[""212909814501293370839763197232953025815025655408614514537"",""11305014920014838228590050869358405565967823511750705152""]",A_r0_s31017_t1_factor,True,True,True,False,75.84279099683044,114.71499999606749,5.0923330054502,"[""70969957579951435544476645334952483755712038516809238499"",""3768338306671612742863350289786135188655941170583568384""]",-15.513126003497746,-11.412125000788365
31017,1,1,31017_1,2a13a52d46f46933bf7d932ced50d3f1d4ce8b0f14ff0b67ec4916e3c07949bb,fdd937a50ec8c4a28c62f2b1ec78ba15e46c7a39d0a01c699522bffc62cd1f36,39c75ee513e4a6561ba26d5df93519b85af6c42334b4156a9f8301ebc5e3b0b2,A_r1_s31017_t1_conic,True,True,True,False,91.78679199976614,130.21766699966975,23.801208000804763,"[""212909814501293370839763197232953025815025655408614514537"",""11305014920014838228590050869358405565967823511750705152""]",A_r1_s31017_t1_factor,True,True,True,False,74.85179200011771,114.47366700303974,5.055374997027684,"[""70969957579951435544476645334952483755712038516809238499"",""3768338306671612742863350289786135188655941170583568384""]",-16.934999999648426,-15.74399999663001
31017,2,0,31017_2,6460165e654bf255ae7849ed226fc4683f72c0ce5e1bb18f692cb4c44e9fd209,fdd937a50ec8c4a28c62f2b1ec78ba15e46c7a39d0a01c699522bffc62cd1f36,39c75ee513e4a6561ba26d5df93519b85af6c42334b4156a9f8301ebc5e3b0b2,A_r0_s31017_t2_conic,True,True,False,False,30.458416003966704,64.90000000485452,23.270084006071556,"[""14431929404971345117155859143722160239957"",""893241213167463466591358344508391555072""]",A_r0_s31017_t2_factor,True,True,False,False,28.40637500048615,71.95804100047098,5.096707995107863,"[""28863858807898709464631503908759871553939"",""1786482426334926933182716689016783110144""]",-2.0520410034805536,7.058040995616466
31017,2,1,31017_2,6460165e654bf255ae7849ed226fc4683f72c0ce5e1bb18f692cb4c44e9fd209,fdd937a50ec8c4a28c62f2b1ec78ba15e46c7a39d0a01c699522bffc62cd1f36,39c75ee513e4a6561ba26d5df93519b85af6c42334b4156a9f8301ebc5e3b0b2,A_r1_s31017_t2_conic,True,True,False,False,30.4555420007091,64.95341700065183,23.209625003801193,"[""14431929404971345117155859143722160239957"",""893241213167463466591358344508391555072""]",A_r1_s31017_t2_factor,True,True,False,False,25.495208996289875,69.29716699960409,5.244458996457979,"[""28863858807898709464631503908759871553939"",""1786482426334926933182716689016783110144""]",-4.960333004419226,4.343749998952262
31017,3,0,31017_3,1e1924d1b44dfca9cbfc36ce4ab24d3382e62d27b711d148794e7bf34a18fe1c,fdd937a50ec8c4a28c62f2b1ec78ba15e46c7a39d0a01c699522bffc62cd1f36,39c75ee513e4a6561ba26d5df93519b85af6c42334b4156a9f8301ebc5e3b0b2,A_r0_s31017_t3_conic,True,True,False,False,32.3442500011879,66.12245900032576,25.117458004388027,"[""14436143148310501919235009980780958189697"",""893241213167463466591358344508391555072""]",A_r0_s31017_t3_factor,True,True,True,False,81.24779199715704,138.2979170011822,5.030082997109275,"[""89065373078712219895274397122215654760801203119428349319"",""4945944027506491725008147255344302435110922786390933504""]",48.903541995969135,72.17545800085645
31017,3,1,31017_3,1e1924d1b44dfca9cbfc36ce4ab24d3382e62d27b711d148794e7bf34a18fe1c,fdd937a50ec8c4a28c62f2b1ec78ba15e46c7a39d0a01c699522bffc62cd1f36,39c75ee513e4a6561ba26d5df93519b85af6c42334b4156a9f8301ebc5e3b0b2,A_r1_s31017_t3_conic,True,True,False,False,32.808707997901365,67.90595799975563,25.375832999998238,"[""14436143148310501919235009980780958189697"",""893241213167463466591358344508391555072""]",A_r1_s31017_t3_factor,True,True,True,False,79.92050000029849,137.2767909997492,4.735250004159752,"[""89065373078712219895274397122215654760801203119428349319"",""4945944027506491725008147255344302435110922786390933504""]",47.111792002397124,69.37083299999358
31017,4,0,31017_4,4a8148a7ab627cf3f259c6e60df86ad47973ee01490bfe164034ca1ba10faaf5,fdd937a50ec8c4a28c62f2b1ec78ba15e46c7a39d0a01c699522bffc62cd1f36,39c75ee513e4a6561ba26d5df93519b85af6c42334b4156a9f8301ebc5e3b0b2,A_r0_s31017_t4_conic,True,True,False,False,35.42224999546306,69.98483299685176,26.714166000601836,"[""14463172333034505888549541528244716315657"",""893241213167463466591358344508391555072""]",A_r0_s31017_t4_factor,True,True,False,True,47.31083299702732,82.23637499759207,37.722082997788675,"[""14463172333034505888549541528244716315657"",""893241213167463466591358344508391555072""]",11.888583001564257,12.2515420007403
31017,4,1,31017_4,4a8148a7ab627cf3f259c6e60df86ad47973ee01490bfe164034ca1ba10faaf5,fdd937a50ec8c4a28c62f2b1ec78ba15e46c7a39d0a01c699522bffc62cd1f36,39c75ee513e4a6561ba26d5df93519b85af6c42334b4156a9f8301ebc5e3b0b2,A_r1_s31017_t4_conic,True,True,False,False,35.678708998602815,70.16633400053252,27.009375000488944,"[""14463172333034505888549541528244716315657"",""893241213167463466591358344508391555072""]",A_r1_s31017_t4_factor,True,True,False,True,45.782499997585546,80.87979099946097,36.93833400029689,"[""14463172333034505888549541528244716315657"",""893241213167463466591358344508391555072""]",10.103790998982731,10.71345699892845
31017,5,0,31017_5,8c99f6df5781c529dd5c314232cd006d55b1881952ce252caf9b6178fc984f5f,fdd937a50ec8c4a28c62f2b1ec78ba15e46c7a39d0a01c699522bffc62cd1f36,39c75ee513e4a6561ba26d5df93519b85af6c42334b4156a9f8301ebc5e3b0b2,A_r0_s31017_t5_conic,True,True,True,False,92.81524999823887,127.18137499905424,12.375958998745773,"[""86177948560029701118154606720632272260752261469044867199"",""4945944027506491725008147255344302435110922786390933504""]",A_r0_s31017_t5_factor,True,True,True,True,91.53354199952446,126.29124999511987,21.025542002462316,"[""86177948560029701118154606720632272260752261469044867199"",""4945944027506491725008147255344302435110922786390933504""]",-1.2817079987144098,-0.8901250039343722
31017,5,1,31017_5,8c99f6df5781c529dd5c314232cd006d55b1881952ce252caf9b6178fc984f5f,fdd937a50ec8c4a28c62f2b1ec78ba15e46c7a39d0a01c699522bffc62cd1f36,39c75ee513e4a6561ba26d5df93519b85af6c42334b4156a9f8301ebc5e3b0b2,A_r1_s31017_t5_conic,True,True,True,False,82.84458400157746,117.23645900201518,12.382291999529116,"[""86177948560029701118154606720632272260752261469044867199"",""4945944027506491725008147255344302435110922786390933504""]",A_r1_s31017_t5_factor,True,True,True,True,91.53033399343258,126.62724999972852,21.02470799582079,"[""86177948560029701118154606720632272260752261469044867199"",""4945944027506491725008147255344302435110922786390933504""]",8.685749991855118,9.390790997713339
31017,6,0,31017_6,1fe5ba227abe8cf32d75f5e47d7149ee7fac52fa9b6b9edbde2d06eb8e5c30ae,fdd937a50ec8c4a28c62f2b1ec78ba15e46c7a39d0a01c699522bffc62cd1f36,39c75ee513e4a6561ba26d5df93519b85af6c42334b4156a9f8301ebc5e3b0b2,A_r0_s31017_t6_conic,True,True,True,False,94.18566699605435,128.20866699621547,25.242542003979906,"[""11940902944491892177998837275380141195299518008541383"",""690003352051686903600466972006738620969715790512128""]",A_r0_s31017_t6_factor,True,True,True,True,103.46587499952875,138.26629100367427,33.20858300139662,"[""11940902944491892177998837275380141195299518008541383"",""690003352051686903600466972006738620969715790512128""]",9.2802080034744,10.057624007458799
31017,6,1,31017_6,1fe5ba227abe8cf32d75f5e47d7149ee7fac52fa9b6b9edbde2d06eb8e5c30ae,fdd937a50ec8c4a28c62f2b1ec78ba15e46c7a39d0a01c699522bffc62cd1f36,39c75ee513e4a6561ba26d5df93519b85af6c42334b4156a9f8301ebc5e3b0b2,A_r1_s31017_t6_conic,True,True,True,False,96.1480410041986,131.10012499964796,25.356459002068732,"[""11940902944491892177998837275380141195299518008541383"",""690003352051686903600466972006738620969715790512128""]",A_r1_s31017_t6_factor,True,True,True,True,104.93270800361643,139.81208300538128,33.26783399825217,"[""11940902944491892177998837275380141195299518008541383"",""690003352051686903600466972006738620969715790512128""]",8.784666999417823,8.711958005733322
31017,7,0,31017_7,0e86f5d4b0e11992ec3c6369e9aa01615f45c48e3d9d3a4daea4b14cb9c798ea,fdd937a50ec8c4a28c62f2b1ec78ba15e46c7a39d0a01c699522bffc62cd1f36,39c75ee513e4a6561ba26d5df93519b85af6c42334b4156a9f8301ebc5e3b0b2,A_r0_s31017_t7_conic,True,True,True,False,89.15104199695634,123.40074999519857,25.366957997903228,"[""42099886586709558433712169405907277679717938554737673"",""2415011732180904162601634402023585173394005266792448""]",A_r0_s31017_t7_factor,True,True,False,False,25.27399999962654,57.124540995573625,4.783333002706058,"[""28895382482629119491154308031952632742819"",""1786482426334926933182716689016783110144""]",-63.8770419973298,-66.27620899962494
31017,7,1,31017_7,0e86f5d4b0e11992ec3c6369e9aa01615f45c48e3d9d3a4daea4b14cb9c798ea,fdd937a50ec8c4a28c62f2b1ec78ba15e46c7a39d0a01c699522bffc62cd1f36,39c75ee513e4a6561ba26d5df93519b85af6c42334b4156a9f8301ebc5e3b0b2,A_r1_s31017_t7_conic,True,True,True,False,91.53883399994811,126.55029199959245,25.8467079984257,"[""42099886586709558433712169405907277679717938554737673"",""2415011732180904162601634402023585173394005266792448""]",A_r1_s31017_t7_factor,True,True,False,False,24.382374998822343,58.45454199879896,5.031833999964874,"[""28895382482629119491154308031952632742819"",""1786482426334926933182716689016783110144""]",-67.15645900112577,-68.09575000079349
31018,0,0,31018_0,f10adc6b9c61b9e5c3ce240d7decd04c8d36fc5611671073134f5b3cf2a825b6,fdd937a50ec8c4a28c62f2b1ec78ba15e46c7a39d0a01c699522bffc62cd1f36,39c75ee513e4a6561ba26d5df93519b85af6c42334b4156a9f8301ebc5e3b0b2,A_r0_s31018_t0_conic,True,True,False,False,104.75545799999963,138.88699999370147,65.81658399954904,"[""79925870813061588971748884279470151605250523649"",""4995366924470859583704000893073232977339613184""]",A_r0_s31018_t0_factor,True,True,False,True,80.77337499707937,115.1846659995499,41.662291005195584,"[""79925870813061588971748884279470151605250523649"",""4995366924470859583704000893073232977339613184""]",-23.982083002920263,-23.70233399415156
31018,0,1,31018_0,f10adc6b9c61b9e5c3ce240d7decd04c8d36fc5611671073134f5b3cf2a825b6,fdd937a50ec8c4a28c62f2b1ec78ba15e46c7a39d0a01c699522bffc62cd1f36,39c75ee513e4a6561ba26d5df93519b85af6c42334b4156a9f8301ebc5e3b0b2,A_r1_s31018_t0_conic,True,True,False,False,79.44837499962887,113.73341699800221,39.64058400015347,"[""79925870813061588971748884279470151605250523649"",""4995366924470859583704000893073232977339613184""]",A_r1_s31018_t0_factor,True,True,False,True,111.28208399895811,146.2998749993858,42.56358300335705,"[""79925870813061588971748884279470151605250523649"",""4995366924470859583704000893073232977339613184""]",31.833708999329247,32.56645800138358
31018,1,0,31018_1,5ab4154616fa49321315198f66e2ecd8d7e5a0bde9a4e2bf83f904a99f3d165c,fdd937a50ec8c4a28c62f2b1ec78ba15e46c7a39d0a01c699522bffc62cd1f36,39c75ee513e4a6561ba26d5df93519b85af6c42334b4156a9f8301ebc5e3b0b2,A_r0_s31018_t1_conic,True,True,False,False,36.391417001141235,76.1625000013737,29.230874999484513,"[""3746647729783636908817831963743081541392927643"",""234157824584571542986125041862807795812794368""]",A_r0_s31018_t1_factor,True,True,False,True,43.50495799735654,78.06612499553012,36.195291999320034,"[""3746647729783636908817831963743081541392927643"",""234157824584571542986125041862807795812794368""]",7.113540996215306,1.9036249941564165
31018,1,1,31018_1,5ab4154616fa49321315198f66e2ecd8d7e5a0bde9a4e2bf83f904a99f3d165c,fdd937a50ec8c4a28c62f2b1ec78ba15e46c7a39d0a01c699522bffc62cd1f36,39c75ee513e4a6561ba26d5df93519b85af6c42334b4156a9f8301ebc5e3b0b2,A_r1_s31018_t1_conic,True,True,False,False,36.78133300127229,71.72720800008392,29.630750002979767,"[""3746647729783636908817831963743081541392927643"",""234157824584571542986125041862807795812794368""]",A_r1_s31018_t1_factor,True,True,False,True,44.22866700042505,79.08708399918396,36.80404199985787,"[""3746647729783636908817831963743081541392927643"",""234157824584571542986125041862807795812794368""]",7.447333999152761,7.359875999100041
31018,2,0,31018_2,f49654bf5727ddd94e4f9a400412668456fcb9b43ff0433a3f0983433cb6be46,fdd937a50ec8c4a28c62f2b1ec78ba15e46c7a39d0a01c699522bffc62cd1f36,39c75ee513e4a6561ba26d5df93519b85af6c42334b4156a9f8301ebc5e3b0b2,A_r0_s31018_t2_conic,True,True,False,False,33.89208300359314,68.19450000330107,26.58770899870433,"[""29279961370984007705891732552475310924987811"",""1829358004566965179579101889553185904787456""]",A_r0_s31018_t2_factor,True,True,True,False,69.63104100577766,102.74725000635954,5.271833004371729,"[""1868125789036017389050172628430726922801231477197988663"",""103040500573051910937669734486339634064810891383144448""]",35.73895800218452,34.55275000305846
31018,2,1,31018_2,f49654bf5727ddd94e4f9a400412668456fcb9b43ff0433a3f0983433cb6be46,fdd937a50ec8c4a28c62f2b1ec78ba15e46c7a39d0a01c699522bffc62cd1f36,39c75ee513e4a6561ba26d5df93519b85af6c42334b4156a9f8301ebc5e3b0b2,A_r1_s31018_t2_conic,True,True,False,False,34.25641599460505,69.02049999916926,26.943582997773774,"[""29279961370984007705891732552475310924987811"",""1829358004566965179579101889553185904787456""]",A_r1_s31018_t2_factor,True,True,True,False,70.17774999985704,103.69612499926006,4.8524159938097,"[""1868125789036017389050172628430726922801231477197988663"",""103040500573051910937669734486339634064810891383144448""]",35.92133400525199,34.675625000090804
31018,3,0,31018_3,fe41ad3e71bd4764979c6c14ee7caac2809663adfa35f3e87abe682e34a668ae,fdd937a50ec8c4a28c62f2b1ec78ba15e46c7a39d0a01c699522bffc62cd1f36,39c75ee513e4a6561ba26d5df93519b85af6c42334b4156a9f8301ebc5e3b0b2,A_r0_s31018_t3_conic,True,True,False,False,32.53433299687458,66.59908299479866,25.276416003180202,"[""7322228866177423449713992557420854514265279"",""457339501141741294894775472388296476196864""]",A_r0_s31018_t3_factor,True,True,True,False,78.45091600029264,123.38933299906785,5.04591700155288,"[""1425061096745215188895979573458499701510840395891465530759"",""79135104440103867600130356085508838961774764582254936064""]",45.916583003418054,56.79025000426918
31018,3,1,31018_3,fe41ad3e71bd4764979c6c14ee7caac2809663adfa35f3e87abe682e34a668ae,fdd937a50ec8c4a28c62f2b1ec78ba15e46c7a39d0a01c699522bffc62cd1f36,39c75ee513e4a6561ba26d5df93519b85af6c42334b4156a9f8301ebc5e3b0b2,A_r1_s31018_t3_conic,True,True,False,False,32.69154200097546,67.52829199831467,25.549707999743987,"[""7322228866177423449713992557420854514265279"",""457339501141741294894775472388296476196864""]",A_r1_s31018_t3_factor,True,True,True,False,82.19237499724841,128.4172919986304,5.281833000481129,"[""1425061096745215188895979573458499701510840395891465530759"",""79135104440103867600130356085508838961774764582254936064""]",49.50083299627295,60.88900000031572
31018,4,0,31018_4,ffba0f72d451be276dc66f547726a0f3e10e27b008ca07df2e436ac2be36b608,fdd937a50ec8c4a28c62f2b1ec78ba15e46c7a39d0a01c699522bffc62cd1f36,39c75ee513e4a6561ba26d5df93519b85af6c42334b4156a9f8301ebc5e3b0b2,A_r0_s31018_t4_conic,True,True,False,False,30.413958003919106,64.16595799964853,23.30120799888391,"[""9763203316175255858637594218979291951009597"",""609786001522321726526367296517728634929152""]",A_r0_s31018_t4_factor,True,True,True,False,82.53025000158232,138.82479200401576,5.098707995784935,"[""5681723065223995755979925562573583398666149026451377902391"",""316540417760415470400521424342035355847099058329019744256""]",52.11629199766321,74.65883400436724
31018,4,1,31018_4,ffba0f72d451be276dc66f547726a0f3e10e27b008ca07df2e436ac2be36b608,fdd937a50ec8c4a28c62f2b1ec78ba15e46c7a39d0a01c699522bffc62cd1f36,39c75ee513e4a6561ba26d5df93519b85af6c42334b4156a9f8301ebc5e3b0b2,A_r1_s31018_t4_conic,True,True,False,False,30.636374998721294,64.51116700191051,23.411875001329463,"[""9763203316175255858637594218979291951009597"",""609786001522321726526367296517728634929152""]",A_r1_s31018_t4_factor,True,True,True,False,86.99858299951302,144.57620800385484,5.280375000438653,"[""5681723065223995755979925562573583398666149026451377902391"",""316540417760415470400521424342035355847099058329019744256""]",56.362208000791725,80.06504100194434
31018,5,0,31018_5,de0041165eaa5734b4437f880bbbac6817583bef8aa9989ee2c0ae8e37ca6d2a,fdd937a50ec8c4a28c62f2b1ec78ba15e46c7a39d0a01c699522bffc62cd1f36,39c75ee513e4a6561ba26d5df93519b85af6c42334b4156a9f8301ebc5e3b0b2,A_r0_s31018_t5_conic,True,True,False,False,31.313416999182664,65.60600000375416,24.168415999156423,"[""1830088339925262323617559109524566154253811"",""114334875285435323723693868097074119049216""]",A_r0_s31018_t5_factor,True,True,True,False,71.82962500519352,106.22529200190911,4.063166998093948,"[""270444909185765010558485862547561868904476106885665130411"",""15073353226686450971453401159144540754623764682334273536""]",40.51620800601086,40.61929199815495
31018,5,1,31018_5,de0041165eaa5734b4437f880bbbac6817583bef8aa9989ee2c0ae8e37ca6d2a,fdd937a50ec8c4a28c62f2b1ec78ba15e46c7a39d0a01c699522bffc62cd1f36,39c75ee513e4a6561ba26d5df93519b85af6c42334b4156a9f8301ebc5e3b0b2,A_r1_s31018_t5_conic,True,True,False,False,31.14333299890859,65.73658299748786,23.957249999511987,"[""1830088339925262323617559109524566154253811"",""114334875285435323723693868097074119049216""]",A_r1_s31018_t5_factor,True,True,True,False,74.59079199907137,109.3480420022388,4.178584000328556,"[""270444909185765010558485862547561868904476106885665130411"",""15073353226686450971453401159144540754623764682334273536""]",43.44745900016278,43.61145900475094
31018,6,0,31018_6,74e39ec13b0f83dc749927e47bbcf3b8a8ec004d0aaba6f0b6581309905c3594,fdd937a50ec8c4a28c62f2b1ec78ba15e46c7a39d0a01c699522bffc62cd1f36,39c75ee513e4a6561ba26d5df93519b85af6c42334b4156a9f8301ebc5e3b0b2,A_r0_s31018_t6_conic,True,True,False,False,20.244084000296425,54.20275000506081,13.288458001625258,"[""117085595011941798593665501324809288168447979"",""7317432018267860718316407558212743619149824""]",A_r0_s31018_t6_factor,True,True,True,False,78.1847079997533,111.93308299698401,4.848875003517605,"[""3255012417321912076423308133759410982612495400803174935937"",""180880238720237411657440813909734489055485176188011282432""]",57.940623999456875,57.730332991923206
31018,6,1,31018_6,74e39ec13b0f83dc749927e47bbcf3b8a8ec004d0aaba6f0b6581309905c3594,fdd937a50ec8c4a28c62f2b1ec78ba15e46c7a39d0a01c699522bffc62cd1f36,39c75ee513e4a6561ba26d5df93519b85af6c42334b4156a9f8301ebc5e3b0b2,A_r1_s31018_t6_conic,True,True,False,False,20.417959000042174,54.791916998510715,13.431540995952673,"[""117085595011941798593665501324809288168447979"",""7317432018267860718316407558212743619149824""]",A_r1_s31018_t6_factor,True,True,True,False,77.77324999915436,111.84725000202889,5.474917001265567,"[""3255012417321912076423308133759410982612495400803174935937"",""180880238720237411657440813909734489055485176188011282432""]",57.355290999112185,57.05533300351817
31018,7,0,31018_7,73363fedb5e5a5035ae2e4fdff619555e0cc81866dd584ba0f4f0a87c04070ca,fdd937a50ec8c4a28c62f2b1ec78ba15e46c7a39d0a01c699522bffc62cd1f36,39c75ee513e4a6561ba26d5df93519b85af6c42334b4156a9f8301ebc5e3b0b2,A_r0_s31018_t7_conic,True,True,False,False,42.06191699631745,76.61579200066626,35.66895800031489,"[""122766137535899615900299166347942138630272054573229"",""7672883595987240320569345371760485853193645850624""]",A_r0_s31018_t7_factor,True,True,False,True,40.10454200033564,74.82562500081258,33.24508399964543,"[""122766137535899615900299166347942138630272054573229"",""7672883595987240320569345371760485853193645850624""]",-1.9573749959818088,-1.7901669998536818
31018,7,1,31018_7,73363fedb5e5a5035ae2e4fdff619555e0cc81866dd584ba0f4f0a87c04070ca,fdd937a50ec8c4a28c62f2b1ec78ba15e46c7a39d0a01c699522bffc62cd1f36,39c75ee513e4a6561ba26d5df93519b85af6c42334b4156a9f8301ebc5e3b0b2,A_r1_s31018_t7_conic,True,True,False,False,31.50712500064401,66.16983300045831,25.136541997198947,"[""122766137535899615900299166347942138630272054573229"",""7672883595987240320569345371760485853193645850624""]",A_r1_s31018_t7_factor,True,True,False,True,40.082041996356566,74.96445899596438,33.379375003278255,"[""122766137535899615900299166347942138630272054573229"",""7672883595987240320569345371760485853193645850624""]",8.574916995712556,8.794625995506067
31019,0,0,31019_0,ca9ec98310d71c6ce186ddcb5f3396c83bb6d17362abe5cff2d7e751af29bc95,fdd937a50ec8c4a28c62f2b1ec78ba15e46c7a39d0a01c699522bffc62cd1f36,39c75ee513e4a6561ba26d5df93519b85af6c42334b4156a9f8301ebc5e3b0b2,A_r0_s31019_t0_conic,True,True,False,False,93.56454200315056,127.7335420018062,54.445916997792665,"[""479555224780335747654525628348621356215588655929"",""29972201546825157502224005358439397864037679104""]",A_r0_s31019_t0_factor,True,True,False,True,96.28991699719336,130.45545799832325,57.10354199982248,"[""479555224780335747654525628348621356215588655929"",""29972201546825157502224005358439397864037679104""]",2.725374994042795,2.7219159965170547
31019,0,1,31019_0,ca9ec98310d71c6ce186ddcb5f3396c83bb6d17362abe5cff2d7e751af29bc95,fdd937a50ec8c4a28c62f2b1ec78ba15e46c7a39d0a01c699522bffc62cd1f36,39c75ee513e4a6561ba26d5df93519b85af6c42334b4156a9f8301ebc5e3b0b2,A_r1_s31019_t0_conic,True,True,False,False,93.9782500063302,128.15616599982604,55.226958997081965,"[""479555224780335747654525628348621356215588655929"",""29972201546825157502224005358439397864037679104""]",A_r1_s31019_t0_factor,True,True,False,True,97.0797079935437,161.64962499897229,57.95862500235671,"[""479555224780335747654525628348621356215588655929"",""29972201546825157502224005358439397864037679104""]",3.1014579872135073,33.49345899914624
31019,1,0,31019_1,67e5f80b34c8e15a4290c4aa35b6acf9968aba9ae8193f288cea1c5b1b68e9df,fdd937a50ec8c4a28c62f2b1ec78ba15e46c7a39d0a01c699522bffc62cd1f36,39c75ee513e4a6561ba26d5df93519b85af6c42334b4156a9f8301ebc5e3b0b2,A_r0_s31019_t1_conic,True,True,False,False,31.550042003800627,65.82587499724468,25.45733300212305,"[""239777612391624867037539267454891250185118704547"",""14986100773412578751112002679219698932018839552""]",A_r0_s31019_t1_factor,True,True,False,False,11.391582993383054,43.59829199529486,5.164708003576379,"[""65909568221560148020275788943682107151736260437619325228413"",""4119348013847509251267236808980031085567170760429522649088""]",-20.158459010417573,-22.227583001949824
31019,1,1,31019_1,67e5f80b34c8e15a4290c4aa35b6acf9968aba9ae8193f288cea1c5b1b68e9df,fdd937a50ec8c4a28c62f2b1ec78ba15e46c7a39d0a01c699522bffc62cd1f36,39c75ee513e4a6561ba26d5df93519b85af6c42334b4156a9f8301ebc5e3b0b2,A_r1_s31019_t1_conic,True,True,False,False,31.950541997503024,66.28787499357713,25.561417001881637,"[""239777612391624867037539267454891250185118704547"",""14986100773412578751112002679219698932018839552""]",A_r1_s31019_t1_factor,True,True,False,False,11.662999997497536,44.23670799587853,5.0312919993302785,"[""65909568221560148020275788943682107151736260437619325228413"",""4119348013847509251267236808980031085567170760429522649088""]",-20.287542000005487,-22.0511669976986
31019,2,0,31019_2,cade7eeb33292ccbd48f7344b17484e018cea441b5750563258fa127d1eb3ad7,fdd937a50ec8c4a28c62f2b1ec78ba15e46c7a39d0a01c699522bffc62cd1f36,39c75ee513e4a6561ba26d5df93519b85af6c42334b4156a9f8301ebc5e3b0b2,A_r0_s31019_t2_conic,True,True,False,False,34.63075000036042,68.49337499443209,28.447165997931734,"[""1873262596750761027176742434471077021781794739"",""117078912292285771493062520931403897906397184""]",A_r0_s31019_t2_factor,True,True,False,False,11.711334002029616,44.26600000442704,5.0294160027988255,"[""144936673282601839536129873107817534501480280309319681738735860927645051"",""9058542080162614971008117069238595906342080525973632353650813043736576""]",-22.919415998330805,-24.227374990005046
31019,2,1,31019_2,cade7eeb33292ccbd48f7344b17484e018cea441b5750563258fa127d1eb3ad7,fdd937a50ec8c4a28c62f2b1ec78ba15e46c7a39d0a01c699522bffc62cd1f36,39c75ee513e4a6561ba26d5df93519b85af6c42334b4156a9f8301ebc5e3b0b2,A_r1_s31019_t2_conic,True,True,False,False,35.33141699881526,76.92012500046985,28.9848329994129,"[""1873262596750761027176742434471077021781794739"",""117078912292285771493062520931403897906397184""]",A_r1_s31019_t2_factor,True,True,False,False,11.94154100085143,45.159125002101064,5.104167001263704,"[""144936673282601839536129873107817534501480280309319681738735860927645051"",""9058542080162614971008117069238595906342080525973632353650813043736576""]",-23.389875997963827,-31.76099999836879
31019,3,0,31019_3,af70d949fcbfa70329a846a211880ff79f4e6a0452b5c1e63e3e9113b1ad178d,fdd937a50ec8c4a28c62f2b1ec78ba15e46c7a39d0a01c699522bffc62cd1f36,39c75ee513e4a6561ba26d5df93519b85af6c42334b4156a9f8301ebc5e3b0b2,A_r0_s31019_t3_conic,True,True,False,False,33.21454200340668,67.33004200214054,26.13033400120912,"[""7319571115985279737166060008122681029681449"",""457339501141741294894775472388296476196864""]",A_r0_s31019_t3_factor,True,True,False,True,38.79583300295053,72.74116700136801,31.288749996747356,"[""7319571115985279737166060008122681029681449"",""457339501141741294894775472388296476196864""]",5.581290999543853,5.411124999227468
31019,3,1,31019_3,af70d949fcbfa70329a846a211880ff79f4e6a0452b5c1e63e3e9113b1ad178d,fdd937a50ec8c4a28c62f2b1ec78ba15e46c7a39d0a01c699522bffc62cd1f36,39c75ee513e4a6561ba26d5df93519b85af6c42334b4156a9f8301ebc5e3b0b2,A_r1_s31019_t3_conic,True,True,False,False,33.529375003126916,67.62958300532773,26.314707996789366,"[""7319571115985279737166060008122681029681449"",""457339501141741294894775472388296476196864""]",A_r1_s31019_t3_factor,True,True,False,True,39.53704100422328,74.06029100093292,31.884416996035725,"[""7319571115985279737166060008122681029681449"",""457339501141741294894775472388296476196864""]",6.007666001096368,6.430707995605189
31019,4,0,31019_4,e7d2db57b80604cdf7991630603e673fe2b090958ed4b2279af67065fc52fa07,fdd937a50ec8c4a28c62f2b1ec78ba15e46c7a39d0a01c699522bffc62cd1f36,39c75ee513e4a6561ba26d5df93519b85af6c42334b4156a9f8301ebc5e3b0b2,A_r0_s31019_t4_conic,True,True,False,False,35.227749998739455,69.37787499919068,27.628667005046736,"[""38235803900164514105569602265735110546387"",""2381976568446569244243622252022377480192""]",A_r0_s31019_t4_factor,True,True,True,False,73.56433299719356,144.38862499810057,5.791166004200932,"[""22857227718076652719386569843300917694538522876732778111"",""1236486006876622931252036813836075608777730696597733376""]",38.336582998454105,75.01074999890989
31019,4,1,31019_4,e7d2db57b80604cdf7991630603e673fe2b090958ed4b2279af67065fc52fa07,fdd937a50ec8c4a28c62f2b1ec78ba15e46c7a39d0a01c699522bffc62cd1f36,39c75ee513e4a6561ba26d5df93519b85af6c42334b4156a9f8301ebc5e3b0b2,A_r1_s31019_t4_conic,True,True,False,False,35.1146670000162,69.31166700087488,27.823290998640005,"[""38235803900164514105569602265735110546387"",""2381976568446569244243622252022377480192""]",A_r1_s31019_t4_factor,True,True,True,False,74.96425000135787,114.78937499487074,5.720542001654394,"[""22857227718076652719386569843300917694538522876732778111"",""1236486006876622931252036813836075608777730696597733376""]",39.84958300134167,45.477707993995864
31019,5,0,31019_5,0460a063c9f3585f4e9478ac204c32ebaa69b93341e928069251d0fc59db849c,fdd937a50ec8c4a28c62f2b1ec78ba15e46c7a39d0a01c699522bffc62cd1f36,39c75ee513e4a6561ba26d5df93519b85af6c42334b4156a9f8301ebc5e3b0b2,A_r0_s31019_t5_conic,True,True,False,False,33.21266699640546,67.61329199798638,25.859500005026348,"[""1803424599666497149353336330621109287229"",""111655151645932933323919793063548944384""]",A_r0_s31019_t5_factor,True,True,False,True,42.51287499937462,77.5740839962964,34.976542003278155,"[""1803424599666497149353336330621109287229"",""111655151645932933323919793063548944384""]",9.300208002969157,9.960791998310015
31019,5,1,31019_5,0460a063c9f3585f4e9478ac204c32ebaa69b93341e928069251d0fc59db849c,fdd937a50ec8c4a28c62f2b1ec78ba15e46c7a39d0a01c699522bffc62cd1f36,39c75ee513e4a6561ba26d5df93519b85af6c42334b4156a9f8301ebc5e3b0b2,A_r1_s31019_t5_conic,True,True,False,False,32.54712500347523,67.17212500370806,25.59691700298572,"[""1803424599666497149353336330621109287229"",""111655151645932933323919793063548944384""]",A_r1_s31019_t5_factor,True,True,False,True,42.56445899954997,77.11054199899081,35.05458300060127,"[""1803424599666497149353336330621109287229"",""111655151645932933323919793063548944384""]",10.01733399607474,9.93841699528275
31019,6,0,31019_6,445f1f28d9e9f37c06753a0d568e87867bdb5034e47bd38c6835ee687601bfa5,fdd937a50ec8c4a28c62f2b1ec78ba15e46c7a39d0a01c699522bffc62cd1f36,39c75ee513e4a6561ba26d5df93519b85af6c42334b4156a9f8301ebc5e3b0b2,A_r0_s31019_t6_conic,True,True,True,False,88.08041700103786,122.4262079995242,23.57054199819686,"[""86604930814375585014812623550182902082288821382018631"",""4830023464361808325203268804047170346788010533584896""]",A_r0_s31019_t6_factor,True,True,False,False,37.48658300173702,70.29479199991329,4.796165994775947,"[""14557089601879422956179389604064154602617"",""893241213167463466591358344508391555072""]",-50.59383399930084,-52.13141599961091
31019,6,1,31019_6,445f1f28d9e9f37c06753a0d568e87867bdb5034e47bd38c6835ee687601bfa5,fdd937a50ec8c4a28c62f2b1ec78ba15e46c7a39d0a01c699522bffc62cd1f36,39c75ee513e4a6561ba26d5df93519b85af6c42334b4156a9f8301ebc5e3b0b2,A_r1_s31019_t6_conic,True,True,True,False,88.75641699705739,122.90854199818568,23.248124998644926,"[""86604930814375585014812623550182902082288821382018631"",""4830023464361808325203268804047170346788010533584896""]",A_r1_s31019_t6_factor,True,True,False,False,21.727833998738788,54.06554199726088,5.006667000998277,"[""14557089601879422956179389604064154602617"",""893241213167463466591358344508391555072""]",-67.0285829983186,-68.8430000009248
31019,7,0,31019_7,57b743b8830423f9665909d79f9953fbf905eadaa483a049bec78c4ab4f76df2,fdd937a50ec8c4a28c62f2b1ec78ba15e46c7a39d0a01c699522bffc62cd1f36,39c75ee513e4a6561ba26d5df93519b85af6c42334b4156a9f8301ebc5e3b0b2,A_r0_s31019_t7_conic,True,True,True,False,94.93574999942211,129.31400000525173,23.615541998879053,"[""446268531023479685255269794413975355857271031184051327053"",""26378368146701289200043452028502946320591588194084978688""]",A_r0_s31019_t7_factor,True,True,True,True,102.90570800134446,138.0133749989909,31.782541002030484,"[""446268531023479685255269794413975355857271031184051327053"",""26378368146701289200043452028502946320591588194084978688""]",7.96995800192235,8.699374993739184
31019,7,1,31019_7,57b743b8830423f9665909d79f9953fbf905eadaa483a049bec78c4ab4f76df2,fdd937a50ec8c4a28c62f2b1ec78ba15e46c7a39d0a01c699522bffc62cd1f36,39c75ee513e4a6561ba26d5df93519b85af6c42334b4156a9f8301ebc5e3b0b2,A_r1_s31019_t7_conic,True,True,True,False,97.25900000194088,131.95279100182233,24.381707997235935,"[""446268531023479685255269794413975355857271031184051327053"",""26378368146701289200043452028502946320591588194084978688""]",A_r1_s31019_t7_factor,True,True,True,True,103.57870900043054,138.93637499859324,31.666832997871097,"[""446268531023479685255269794413975355857271031184051327053"",""26378368146701289200043452028502946320591588194084978688""]",6.319708998489659,6.9835839967709035
